{
	"type" : "FeatureCollection",
	"name" : "deniz_hat_verisi",
	"features" : [
		{
			"type" : "Feature",
			"geometry" : {
				"type" : "LineString",
				"coordinates" : [
					[ 29.0216222908, 40.9916827412 ],
					[ 29.0197325875, 40.9922640702 ],
					[ 29.0169890184, 40.9932270333 ],
					[ 29.0143326569, 40.9942407081 ],
					[ 29.0117212426, 40.9953976522 ],
					[ 29.0086300889, 40.9970864591 ],
					[ 29.0057070257, 41.0001346179 ],
					[ 29.0007353678, 41.0063740883 ],
					[ 29.0003894896, 41.0067856315 ],
					[ 29.000014474, 41.0071826264 ],
					[ 28.9992178924, 41.0078531942 ],
					[ 28.9914812761, 41.0133975063 ],
					[ 28.9896255343, 41.0152897482 ],
					[ 28.9888576246, 41.016140686 ],
					[ 28.9883398207, 41.0166793341 ],
					[ 28.9878032015, 41.0171965724 ],
					[ 28.9870296031, 41.0176763939 ],
					[ 28.9837264072, 41.0191069687 ],
					[ 28.9765707069, 41.0217608047 ],
					[ 28.9776812316, 41.0218775394 ],
					[ 28.9787597883, 41.0222354197 ],
					[ 28.9795402653, 41.0224943841 ],
					[ 28.9824284988, 41.0236920716 ],
					[ 28.9848883432, 41.0250760503 ],
					[ 28.9870481203, 41.026308983 ],
					[ 28.9923490179, 41.030028638 ],
					[ 29.0049808344, 41.0393608828 ],
					[ 29.0052661175, 41.0395808024 ],
					[ 29.0055330068, 41.0398123521 ],
					[ 29.0056554004, 41.0399527438 ]
				]
			},
			"properties" : {
				"ISIM_HAT" : "Kadıköy-Karaköy-Beşiktaş",
				"TUR_HAT" : "Şehir Hatları",
				"HAT_ROTA" : "Kadıköy-Karaköy-Beşiktaş"
			}
		},
		{
			"type" : "Feature",
			"geometry" : {
				"type" : "LineString",
				"coordinates" : [
					[ 29.1284322671, 40.9181741092 ],
					[ 29.1256315328, 40.907155509 ],
					[ 29.123637855, 40.8980151842 ],
					[ 29.1224264402, 40.89393116 ],
					[ 29.1221591623, 40.8891331408 ],
					[ 29.1229184627, 40.8858409345 ],
					[ 29.123763595, 40.8839761851 ],
					[ 29.1253251111, 40.8807332372 ],
					[ 29.1279760767, 40.8757720135 ],
					[ 29.1254217952, 40.8777679384 ],
					[ 29.1221808682, 40.8795366687 ],
					[ 29.1186824488, 40.8806564109 ],
					[ 29.1167401202, 40.8810215924 ],
					[ 29.1147548753, 40.8811596445 ],
					[ 29.1112135408, 40.8809165972 ],
					[ 29.1078438675, 40.8799272586 ],
					[ 29.1047531433, 40.8787107689 ],
					[ 29.1020486584, 40.8770724217 ],
					[ 29.1021109655, 40.8798336877 ],
					[ 29.1013436425, 40.8820570242 ],
					[ 29.0998655859, 40.8842394718 ],
					[ 29.0986418897, 40.8853826742 ],
					[ 29.0978530454, 40.8858320706 ],
					[ 29.0969079004, 40.8862204604 ],
					[ 29.0956362206, 40.8865465112 ],
					[ 29.0948211402, 40.8866486786 ],
					[ 29.094132806, 40.8866704987 ],
					[ 29.0935355637, 40.8866543089 ],
					[ 29.0927191137, 40.8865510799 ],
					[ 29.0915005414, 40.8862521965 ],
					[ 29.0900783572, 40.8856178034 ],
					[ 29.0890303016, 40.8848575145 ],
					[ 29.0884624886, 40.8842640761 ],
					[ 29.0873571367, 40.8831378085 ],
					[ 29.0859212285, 40.8820772516 ],
					[ 29.0849175705, 40.8814934602 ],
					[ 29.0835668455, 40.8808466797 ],
					[ 29.0817978374, 40.8802631209 ],
					[ 29.0801946109, 40.8799220416 ],
					[ 29.0781531043, 40.8797153836 ],
					[ 29.0767796921, 40.8797128154 ],
					[ 29.0753996972, 40.879827859 ],
					[ 29.0740688855, 40.8800314364 ],
					[ 29.0727561838, 40.8803545647 ],
					[ 29.0706015671, 40.8811465698 ],
					[ 29.0713766999, 40.8830997141 ],
					[ 29.0715067739, 40.8840438198 ],
					[ 29.0714344134, 40.8853053336 ],
					[ 29.0710816042, 40.8872329391 ],
					[ 29.0704405307, 40.889283233 ],
					[ 29.0695231621, 40.8928970137 ],
					[ 29.0677474878, 40.8964457192 ],
					[ 29.0657357789, 40.9004159221 ],
					[ 29.0632520016, 40.9039966593 ],
					[ 29.0599528321, 40.9078042403 ],
					[ 29.0581745022, 40.9095133504 ],
					[ 29.0557696289, 40.9105768751 ],
					[ 29.0555378642, 40.9105737696 ],
					[ 29.0555385558, 40.9105755473 ]
				]
			},
			"properties" : {
				"ISIM_HAT" : "Maltepe-Adalar",
				"TUR_HAT" : "Şehir Hatları",
				"HAT_ROTA" : "Maltepe-Büyükada-Heybeliada-Burgazada-Kınalıada"
			}
		},
		{
			"type" : "Feature",
			"geometry" : {
				"type" : "LineString",
				"coordinates" : [
					[ 29.0227098869, 40.9929933787 ],
					[ 29.021867381, 40.9931263221 ],
					[ 29.0208686365, 40.9932953296 ],
					[ 29.0198376344, 40.9934697855 ],
					[ 29.0188813395, 40.9936501761 ],
					[ 29.0186446575, 40.9937077222 ],
					[ 29.018454782, 40.9937894913 ],
					[ 29.0180578362, 40.9940545298 ],
					[ 29.0176582368, 40.9943508816 ],
					[ 29.0174096298, 40.9945484184 ],
					[ 29.017256436, 40.9946701412 ],
					[ 29.01689427, 40.9949582597 ],
					[ 29.0167495449, 40.9950737923 ],
					[ 29.0165924133, 40.9951992283 ],
					[ 29.0163920802, 40.9953591498 ],
					[ 29.0162388686, 40.9954747877 ],
					[ 29.016129676, 40.9955494904 ],
					[ 29.015700047, 40.9958434116 ],
					[ 29.0156358644, 40.9958873203 ],
					[ 29.0155500718, 40.9959460134 ],
					[ 29.0154878222, 40.9959885996 ],
					[ 29.0154016319, 40.9960475629 ],
					[ 29.0153288574, 40.996095948 ],
					[ 29.0152489576, 40.9961473156 ],
					[ 29.0151960541, 40.9961813282 ],
					[ 29.0150981463, 40.9962442729 ],
					[ 29.0150189025, 40.9962952192 ],
					[ 29.0149157794, 40.9963615166 ],
					[ 29.0147810574, 40.9964481288 ],
					[ 29.0146619143, 40.9965247252 ],
					[ 29.0146301388, 40.9965443849 ],
					[ 29.0145409851, 40.9965951417 ],
					[ 29.0144501293, 40.9966468672 ],
					[ 29.0143129253, 40.9967249782 ],
					[ 29.0141334662, 40.9968271459 ],
					[ 29.0139566735, 40.9969277945 ],
					[ 29.0136959469, 40.9970768548 ],
					[ 29.0133244428, 40.9973020841 ],
					[ 29.0127054335, 40.9976773604 ],
					[ 29.0122568298, 40.9980425869 ],
					[ 29.0120640043, 40.998199573 ],
					[ 29.0116708636, 40.9986250405 ],
					[ 29.011276241, 40.9991253838 ],
					[ 29.0108565324, 40.9996725237 ],
					[ 29.0105254534, 41.0001062725 ],
					[ 29.0102470373, 41.0004711194 ],
					[ 29.0097876187, 41.0010941566 ],
					[ 29.0096086795, 41.0013303852 ],
					[ 29.0093125, 41.001685907 ],
					[ 29.0085165565, 41.0026290236 ],
					[ 29.0080258405, 41.0033454844 ],
					[ 29.0074281264, 41.0040625354 ],
					[ 29.0068461077, 41.0047869615 ],
					[ 29.0062799448, 41.0055185663 ],
					[ 29.0056805705, 41.0063246392 ],
					[ 29.0051004451, 41.0071387566 ],
					[ 29.0045397563, 41.0079606547 ],
					[ 29.0039986867, 41.0087900662 ],
					[ 29.003817106, 41.0090771051 ],
					[ 29.003667631, 41.0094019995 ],
					[ 29.0035098107, 41.0097246217 ],
					[ 29.003343705, 41.0100448488 ],
					[ 29.0031693776, 41.0103625581 ],
					[ 29.0030124679, 41.0106344691 ],
					[ 29.0028495347, 41.0109043405 ],
					[ 29.0026806253, 41.0111720952 ],
					[ 29.0025057872, 41.011437657 ],
					[ 29.0021647283, 41.0119258782 ],
					[ 29.0018036347, 41.0124057632 ],
					[ 29.0014228615, 41.0128768404 ],
					[ 29.0010227827, 41.0133386482 ],
					[ 29.0007206632, 41.0136676287 ],
					[ 29.0004087453, 41.0139913216 ],
					[ 29.0000871885, 41.0143095588 ],
					[ 28.9997561603, 41.0146221752 ],
					[ 28.9994158308, 41.0149290092 ],
					[ 28.999066376, 41.015229902 ],
					[ 28.9987079777, 41.0155246992 ],
					[ 28.9983408201, 41.0158132466 ],
					[ 28.9979650932, 41.0160953963 ],
					[ 28.9975809907, 41.0163710013 ],
					[ 28.997188712, 41.0166399202 ],
					[ 28.9967884603, 41.0169020132 ],
					[ 28.996380441, 41.0171571443 ],
					[ 28.9959648664, 41.0174051828 ],
					[ 28.9955419502, 41.0176459991 ],
					[ 28.9951119132, 41.017879469 ],
					[ 28.9947762353, 41.0180540746 ],
					[ 28.9944365732, 41.0182242043 ],
					[ 28.9940930313, 41.0183898051 ],
					[ 28.9937457149, 41.0185508264 ],
					[ 28.9933947294, 41.0187072188 ],
					[ 28.9930401839, 41.0188589355 ],
					[ 28.9926821849, 41.0190059286 ],
					[ 28.9923208436, 41.0191481542 ],
					[ 28.9919562703, 41.0192855672 ],
					[ 28.9915885773, 41.0194181273 ],
					[ 28.991217876, 41.0195457929 ],
					[ 28.9908442798, 41.0196685246 ],
					[ 28.9904679061, 41.0197862855 ],
					[ 28.9900888659, 41.0198990387 ],
					[ 28.9897072787, 41.0200067512 ],
					[ 28.9893232605, 41.0201093886 ],
					[ 28.9889369283, 41.0202069197 ],
					[ 28.9885484003, 41.0202993148 ],
					[ 28.9881577973, 41.0203865453 ],
					[ 28.9877652372, 41.0204685851 ],
					[ 28.9873708408, 41.0205454083 ],
					[ 28.9869747297, 41.0206169917 ],
					[ 28.9865770232, 41.0206833136 ],
					[ 28.9861778466, 41.0207443537 ],
					[ 28.9857773192, 41.0208000931 ],
					[ 28.9853755637, 41.020850514 ],
					[ 28.9849727053, 41.0208956022 ],
					[ 28.9845688668, 41.0209353435 ],
					[ 28.9841641709, 41.0209697253 ],
					[ 28.9837587428, 41.0209987372 ],
					[ 28.9833527063, 41.0210223702 ],
					[ 28.9829461852, 41.0210406183 ],
					[ 28.9825393046, 41.0210534735 ],
					[ 28.9821321895, 41.0210609343 ],
					[ 28.9817249637, 41.0210629973 ],
					[ 28.9813177533, 41.0210596608 ],
					[ 28.9809106831, 41.0210509286 ],
					[ 28.9805038759, 41.0210368002 ],
					[ 28.9800974587, 41.0210172828 ],
					[ 28.979691554, 41.0209923802 ],
					[ 28.9792862879, 41.0209621009 ],
					[ 28.9788817828, 41.0209264548 ],
					[ 28.9784733912, 41.0209246817 ],
					[ 28.9778934814, 41.0208945242 ],
					[ 28.9775323227, 41.0208892479 ],
					[ 28.9770667232, 41.0208941675 ],
					[ 28.9765105962, 41.0209179885 ],
					[ 28.9756786517, 41.0209949776 ],
					[ 28.9751304343, 41.0210701107 ],
					[ 28.974628122, 41.0211598144 ],
					[ 28.974463275, 41.0211892526 ],
					[ 28.9737333939, 41.0213971738 ],
					[ 28.9735632736, 41.0215169264 ],
					[ 28.9732871666, 41.021748404 ],
					[ 28.970421879, 41.0188235937 ]
				]
			},
			"properties" : {
				"ISIM_HAT" : "Kadıköy-Karaköy-Eminönü",
				"TUR_HAT" : "Özel Motor",
				"HAT_ROTA" : "Kadıköy-Karaköy-Eminönü"
			}
		},
		{
			"type" : "Feature",
			"geometry" : {
				"type" : "LineString",
				"coordinates" : [
					[ 29.0879039343, 41.1733962313 ],
					[ 29.087190793, 41.1742445027 ],
					[ 29.08673619, 41.1747401155 ],
					[ 29.0860997327, 41.1753844277 ],
					[ 29.0856271559, 41.1758028984 ],
					[ 29.0845461008, 41.1767601518 ],
					[ 29.0834828497, 41.1775299377 ],
					[ 29.082434152, 41.1782891577 ],
					[ 29.0809154247, 41.1791773254 ],
					[ 29.0803311413, 41.1795190085 ],
					[ 29.078586791, 41.1803149412 ],
					[ 29.077372555, 41.1808689593 ],
					[ 29.0760842625, 41.1812975048 ],
					[ 29.0751996679, 41.1816276668 ],
					[ 29.0752336585, 41.1810376087 ],
					[ 29.0752940608, 41.1799890285 ],
					[ 29.0753176379, 41.1795797142 ],
					[ 29.0753541103, 41.1791161198 ],
					[ 29.0752474317, 41.1783156798 ],
					[ 29.0750616272, 41.1773309904 ],
					[ 29.0747091894, 41.1761043626 ],
					[ 29.0737204148, 41.1740820375 ],
					[ 29.072449519, 41.1723543931 ],
					[ 29.0714527761, 41.1713720126 ],
					[ 29.0708579605, 41.1707857509 ],
					[ 29.0703415316, 41.1704222616 ],
					[ 29.0684232628, 41.16907203 ],
					[ 29.0673492992, 41.168552054 ],
					[ 29.0665314136, 41.1681560509 ],
					[ 29.0661008821, 41.1679475916 ],
					[ 29.0656879184, 41.1677652134 ],
					[ 29.0650601782, 41.1675439643 ],
					[ 29.0643120064, 41.1672802627 ],
					[ 29.0635863314, 41.1670844112 ],
					[ 29.0627436239, 41.166856967 ],
					[ 29.0608521793, 41.1665429042 ],
					[ 29.0599571385, 41.166394276 ],
					[ 29.0587693136, 41.1663316932 ],
					[ 29.0575846542, 41.166269388 ],
					[ 29.0577270749, 41.1653488201 ],
					[ 29.057804394, 41.1648890961 ],
					[ 29.0578857813, 41.1644297745 ],
					[ 29.0579712326, 41.163970874 ],
					[ 29.0580607441, 41.1635124155 ],
					[ 29.0581543119, 41.1630544205 ],
					[ 29.0582519319, 41.1625969077 ],
					[ 29.058353599, 41.1621398998 ],
					[ 29.0584593081, 41.1616834155 ],
					[ 29.0585690564, 41.1612274755 ],
					[ 29.0586828376, 41.1607721014 ],
					[ 29.0588006454, 41.160317312 ],
					[ 29.058922477, 41.1598631288 ],
					[ 29.0590483248, 41.1594095717 ],
					[ 29.0591781851, 41.1589566613 ],
					[ 29.0593120489, 41.1585044164 ],
					[ 29.0594499137, 41.1580528595 ],
					[ 29.0595917706, 41.1576020094 ],
					[ 29.0597376134, 41.1571518867 ],
					[ 29.059887437, 41.1567025112 ],
					[ 29.0600412337, 41.1562539027 ],
					[ 29.0601989962, 41.1558060827 ],
					[ 29.0603607192, 41.1553590699 ],
					[ 29.060526393, 41.1549128851 ],
					[ 29.0606960111, 41.1544675471 ],
					[ 29.0608695649, 41.1540230773 ],
					[ 29.0610470492, 41.1535794947 ],
					[ 29.0612284531, 41.1531368199 ],
					[ 29.0614137701, 41.1526950716 ],
					[ 29.0616029904, 41.1522542696 ],
					[ 29.0617961076, 41.1518144346 ],
					[ 29.0620622017, 41.1512239241 ],
					[ 29.0623353182, 41.1506352484 ],
					[ 29.0626154336, 41.1500484551 ],
					[ 29.0629025245, 41.1494635924 ],
					[ 29.0631965698, 41.148880707 ],
					[ 29.0634975424, 41.1482998463 ],
					[ 29.0638054201, 41.1477210569 ],
					[ 29.0641201771, 41.1471443872 ],
					[ 29.0644417874, 41.1465698829 ],
					[ 29.0647702242, 41.1459975904 ],
					[ 29.0651054616, 41.1454275564 ],
					[ 29.0654474725, 41.1448598273 ],
					[ 29.0657962289, 41.1442944488 ],
					[ 29.0661517013, 41.1437314665 ],
					[ 29.0665138615, 41.1431709262 ],
					[ 29.0668826803, 41.1426128741 ],
					[ 29.0672765479, 41.1420304133 ],
					[ 29.0676776698, 41.1414507885 ],
					[ 29.0680860068, 41.1408740533 ],
					[ 29.0685015259, 41.1403002569 ],
					[ 29.0689241871, 41.1397294521 ],
					[ 29.0693539548, 41.1391616897 ],
					[ 29.069790789, 41.138597019 ],
					[ 29.070234652, 41.1380354909 ],
					[ 29.0706855023, 41.1374771553 ],
					[ 29.0711433011, 41.1369220623 ],
					[ 29.0716080059, 41.1363702619 ],
					[ 29.0720795777, 41.1358218015 ],
					[ 29.0725579718, 41.1352767318 ],
					[ 29.0730431457, 41.1347351003 ],
					[ 29.0735350581, 41.1341969551 ],
					[ 29.0740336629, 41.1336623452 ],
					[ 29.0741984673, 41.1333915889 ],
					[ 29.0743576498, 41.133118916 ],
					[ 29.0745111691, 41.1328443939 ],
					[ 29.0746589896, 41.1325680897 ],
					[ 29.0747892185, 41.132313772 ],
					[ 29.0749146187, 41.1320580719 ],
					[ 29.0750351645, 41.1318010406 ],
					[ 29.0751508315, 41.131542731 ],
					[ 29.0752615963, 41.1312831952 ],
					[ 29.0753674357, 41.1310224887 ],
					[ 29.0754683286, 41.1307606629 ],
					[ 29.0755642541, 41.1304977715 ],
					[ 29.0756551937, 41.1302338693 ],
					[ 29.0757411263, 41.1299690102 ],
					[ 29.0758220371, 41.1297032482 ],
					[ 29.0758979075, 41.1294366371 ],
					[ 29.0759687235, 41.1291692326 ],
					[ 29.0760344691, 41.1289010895 ],
					[ 29.0760951329, 41.1286322618 ],
					[ 29.0761507009, 41.1283628053 ],
					[ 29.0762011618, 41.1280927756 ],
					[ 29.0762465065, 41.1278222267 ],
					[ 29.0762867248, 41.1275512143 ],
					[ 29.07632181, 41.1272797953 ],
					[ 29.0763517518, 41.1270080242 ],
					[ 29.0763765472, 41.1267359571 ],
					[ 29.0763961907, 41.1264636488 ],
					[ 29.0764106768, 41.1261911568 ],
					[ 29.0764200048, 41.1259185353 ],
					[ 29.0764241703, 41.1256458408 ],
					[ 29.076423174, 41.1253731292 ],
					[ 29.0764170173, 41.1251004555 ],
					[ 29.0764056985, 41.1248278772 ],
					[ 29.0763892227, 41.1245554494 ],
					[ 29.0763675916, 41.1242832278 ],
					[ 29.0763408117, 41.1240112675 ],
					[ 29.076315711, 41.1237941558 ],
					[ 29.0762873279, 41.1235772753 ],
					[ 29.0762556668, 41.1233606539 ],
					[ 29.0762207319, 41.1231443205 ],
					[ 29.0761825266, 41.122928304 ],
					[ 29.0761410564, 41.1227126322 ],
					[ 29.0760963269, 41.1224973322 ],
					[ 29.0760483449, 41.1222824338 ],
					[ 29.0759971148, 41.1220679641 ],
					[ 29.0759426457, 41.1218539519 ],
					[ 29.0758849421, 41.1216404251 ],
					[ 29.0758240144, 41.12142741 ],
					[ 29.075759868, 41.1212149372 ],
					[ 29.0756925122, 41.121003032 ],
					[ 29.0756219573, 41.1207917242 ],
					[ 29.0755482101, 41.1205810399 ],
					[ 29.0754712822, 41.1203710071 ],
					[ 29.075391184, 41.120161653 ],
					[ 29.0753079233, 41.1199530055 ],
					[ 29.0752215141, 41.1197450926 ],
					[ 29.0751319657, 41.1195379397 ],
					[ 29.0750392906, 41.1193315755 ],
					[ 29.0749435018, 41.1191260263 ],
					[ 29.0748446096, 41.1189213184 ],
					[ 29.074742629, 41.1187174796 ],
					[ 29.0746375728, 41.1185145354 ],
					[ 29.0745294539, 41.1183125138 ],
					[ 29.0744182884, 41.1181114409 ],
					[ 29.074304088, 41.1179113421 ],
					[ 29.0741868702, 41.1177122437 ],
					[ 29.0740666501, 41.1175141727 ],
					[ 29.0739434428, 41.1173171535 ],
					[ 29.0738172635, 41.1171212133 ],
					[ 29.0736881309, 41.1169263775 ],
					[ 29.0735560602, 41.1167326714 ],
					[ 29.0734210688, 41.1165401203 ],
					[ 29.0732831755, 41.1163487486 ],
					[ 29.0731423966, 41.1161585818 ],
					[ 29.072998752, 41.115969646 ],
					[ 29.0728522616, 41.1157819639 ],
					[ 29.0727029418, 41.1155955618 ],
					[ 29.0725508137, 41.1154104632 ],
					[ 29.072395896, 41.1152266926 ],
					[ 29.072238211, 41.1150442735 ],
					[ 29.0720777785, 41.1148632296 ],
					[ 29.0719146186, 41.1146835861 ],
					[ 29.0717487536, 41.114505365 ],
					[ 29.0715802056, 41.1143285896 ],
					[ 29.0714089948, 41.1141532845 ],
					[ 29.0712351457, 41.1139794707 ],
					[ 29.0710586794, 41.1138071725 ],
					[ 29.0708796207, 41.1136364117 ],
					[ 29.0706979919, 41.1134672102 ],
					[ 29.0705138165, 41.1132995906 ],
					[ 29.0703271192, 41.1131335757 ],
					[ 29.0701379246, 41.1129691863 ],
					[ 29.0699462576, 41.1128064433 ],
					[ 29.0697521415, 41.1126453685 ],
					[ 29.0695556048, 41.1124859837 ],
					[ 29.0693566696, 41.112328309 ],
					[ 29.0691553656, 41.1121723643 ],
					[ 29.0689517161, 41.1120181714 ],
					[ 29.0687457496, 41.1118657504 ],
					[ 29.0685374918, 41.1117151204 ],
					[ 29.0685181961, 41.1117013373 ],
					[ 29.0684585463, 41.1116642471 ],
					[ 29.0683351043, 41.1115914504 ],
					[ 29.0682197236, 41.1115279329 ],
					[ 29.0681017512, 41.1114671992 ],
					[ 29.0679840257, 41.1114105741 ],
					[ 29.0678640479, 41.1113567203 ],
					[ 29.0677419315, 41.1113056908 ],
					[ 29.0676177936, 41.1112575334 ],
					[ 29.0674924681, 41.1112125402 ],
					[ 29.0673653775, 41.1111704752 ],
					[ 29.0672366425, 41.1111313772 ],
					[ 29.0671063818, 41.1110952823 ],
					[ 29.0669747198, 41.1110622256 ],
					[ 29.0668417799, 41.1110322369 ],
					[ 29.0667076867, 41.1110053453 ],
					[ 29.0665725659, 41.110981575 ],
					[ 29.0664367444, 41.1109609784 ],
					[ 29.0663001532, 41.1109435349 ],
					[ 29.0661629195, 41.1109292628 ],
					[ 29.0660251728, 41.1109181757 ],
					[ 29.0658870416, 41.1109102828 ],
					[ 29.0657486555, 41.1109055922 ],
					[ 29.0656101453, 41.1109041078 ],
					[ 29.0654716385, 41.1109058315 ],
					[ 29.0653332672, 41.1109107616 ],
					[ 29.06519516, 41.1109188939 ],
					[ 29.0650574479, 41.1109302194 ],
					[ 29.0649202573, 41.1109447284 ],
					[ 29.0647837193, 41.1109624076 ],
					[ 29.0646479604, 41.1109832399 ],
					[ 29.0645131081, 41.1110072057 ],
					[ 29.0643792902, 41.1110342835 ],
					[ 29.0642466845, 41.1110644334 ],
					[ 29.0641153605, 41.1110976379 ],
					[ 29.0639854422, 41.1111338674 ],
					[ 29.0638570504, 41.1111730869 ],
					[ 29.063730306, 41.1112152586 ],
					[ 29.0636053272, 41.1112603448 ],
					[ 29.0634822313, 41.1113083033 ],
					[ 29.0633611333, 41.1113590872 ],
					[ 29.0632421469, 41.1114126516 ],
					[ 29.0631253825, 41.1114689433 ],
					[ 29.0630109513, 41.1115279119 ],
					[ 29.0628989602, 41.1115895016 ],
					[ 29.0627895123, 41.1116536547 ],
					[ 29.0626827121, 41.1117203108 ],
					[ 29.0625786594, 41.1117894077 ],
					[ 29.0624774502, 41.1118608796 ],
					[ 29.0623791819, 41.1119346616 ],
					[ 29.0622839436, 41.1120106831 ],
					[ 29.0621918269, 41.1120888739 ],
					[ 29.0621029161, 41.1121691591 ],
					[ 29.0620172955, 41.1122514654 ],
					[ 29.0619350462, 41.1123357152 ],
					[ 29.0618562442, 41.1124218281 ],
					[ 29.0617809633, 41.1125097254 ],
					[ 29.0617092749, 41.1125993231 ],
					[ 29.0616412445, 41.112690539 ],
					[ 29.0615769377, 41.1127832862 ],
					[ 29.0615164128, 41.1128774787 ],
					[ 29.0614597295, 41.1129730279 ],
					[ 29.0614069378, 41.1130698441 ],
					[ 29.0613580878, 41.1131678369 ],
					[ 29.0613132274, 41.1132669148 ],
					[ 29.061359333, 41.1130898699 ],
					[ 29.0614012619, 41.1129122318 ],
					[ 29.061438999, 41.112734057 ],
					[ 29.061472533, 41.1125554023 ],
					[ 29.0615018534, 41.1123763243 ],
					[ 29.06152695, 41.1121968795 ],
					[ 29.0615478172, 41.1120171248 ],
					[ 29.0615644459, 41.1118371177 ],
					[ 29.0615768318, 41.1116569148 ],
					[ 29.0615849718, 41.1114765737 ],
					[ 29.0615888614, 41.1112961521 ],
					[ 29.061588501, 41.1111157058 ],
					[ 29.0615838912, 41.1109352933 ],
					[ 29.0615750322, 41.1107549713 ],
					[ 29.0615619269, 41.1105747985 ],
					[ 29.0615445804, 41.1103948296 ],
					[ 29.0615229968, 41.1102151235 ],
					[ 29.0614971848, 41.1100357367 ],
					[ 29.0614671519, 41.1098567261 ],
					[ 29.0614329069, 41.1096781485 ],
					[ 29.0613944622, 41.1095000598 ],
					[ 29.0613518287, 41.1093225187 ],
					[ 29.0613050202, 41.1091455792 ],
					[ 29.0612540512, 41.1089692992 ],
					[ 29.0611989388, 41.1087937336 ],
					[ 29.0611397014, 41.1086189384 ],
					[ 29.0610763561, 41.1084449687 ],
					[ 29.0610089235, 41.1082718806 ],
					[ 29.0609374242, 41.1080997289 ],
					[ 29.0608618827, 41.1079285672 ],
					[ 29.0607823218, 41.1077584505 ],
					[ 29.0606987683, 41.107589433 ],
					[ 29.0606112464, 41.107421568 ],
					[ 29.0605197851, 41.107254909 ],
					[ 29.0604244135, 41.1070895083 ],
					[ 29.060325163, 41.1069254193 ],
					[ 29.0602220626, 41.1067626936 ],
					[ 29.0601151474, 41.1066013827 ],
					[ 29.0600044499, 41.1064415374 ],
					[ 29.0598900052, 41.1062832093 ],
					[ 29.0597718506, 41.106126449 ],
					[ 29.0596500225, 41.1059713046 ],
					[ 29.0595245616, 41.1058178269 ],
					[ 29.0593955056, 41.1056660637 ],
					[ 29.0592628965, 41.1055160633 ],
					[ 29.0591267754, 41.1053678736 ],
					[ 29.058987188, 41.1052215419 ],
					[ 29.0588441753, 41.1050771134 ],
					[ 29.0586977844, 41.1049346345 ],
					[ 29.0585480621, 41.1047941514 ],
					[ 29.0583950556, 41.1046557078 ],
					[ 29.0582388141, 41.1045193472 ],
					[ 29.0580793858, 41.1043851133 ],
					[ 29.0579168214, 41.1042530497 ],
					[ 29.0577511738, 41.1041231964 ],
					[ 29.0575824948, 41.1039955962 ],
					[ 29.0574108373, 41.103870289 ],
					[ 29.0572362569, 41.1037473141 ],
					[ 29.0570588088, 41.1036267106 ],
					[ 29.0568785485, 41.1035085177 ],
					[ 29.0566955349, 41.1033927727 ],
					[ 29.0565098234, 41.1032795113 ],
					[ 29.0563214755, 41.1031687699 ],
					[ 29.0561305502, 41.103060584 ],
					[ 29.0562840666, 41.1027904095 ],
					[ 29.0564344475, 41.1025192286 ],
					[ 29.0565816832, 41.1022470609 ],
					[ 29.0567257615, 41.1019739289 ],
					[ 29.0568666726, 41.1016998532 ],
					[ 29.0570044032, 41.1014248545 ],
					[ 29.0571389446, 41.1011489543 ],
					[ 29.057270287, 41.1008721723 ],
					[ 29.0573984183, 41.1005945319 ],
					[ 29.0575233299, 41.1003160528 ],
					[ 29.0576450132, 41.1000367566 ],
					[ 29.0577634584, 41.0997566657 ],
					[ 29.0578786544, 41.0994758007 ],
					[ 29.0579905952, 41.0991941832 ],
					[ 29.0580992708, 41.0989118357 ],
					[ 29.0582046739, 41.0986287778 ],
					[ 29.0583067947, 41.0983450339 ],
					[ 29.0584056281, 41.0980606238 ],
					[ 29.0585011632, 41.0977755697 ],
					[ 29.0585933949, 41.0974898934 ],
					[ 29.058682317, 41.0972036173 ],
					[ 29.0587679197, 41.096916763 ],
					[ 29.0588501991, 41.0966293528 ],
					[ 29.058929148, 41.0963414085 ],
					[ 29.0590047611, 41.0960529524 ],
					[ 29.0590770311, 41.095764007 ],
					[ 29.0591459542, 41.0954745929 ],
					[ 29.0592115241, 41.0951847337 ],
					[ 29.0592737358, 41.0948944508 ],
					[ 29.0593325842, 41.0946037676 ],
					[ 29.0593880668, 41.0943127057 ],
					[ 29.0594401772, 41.0940212867 ],
					[ 29.0594889129, 41.0937295348 ],
					[ 29.0595342699, 41.0934374699 ],
					[ 29.0595762444, 41.0931451162 ],
					[ 29.0596148327, 41.0928524963 ],
					[ 29.0596500331, 41.0925596316 ],
					[ 29.0596818419, 41.0922665448 ],
					[ 29.0597102576, 41.0919732583 ],
					[ 29.0597352764, 41.0916797954 ],
					[ 29.0597568992, 41.0913861769 ],
					[ 29.0597751221, 41.0910924272 ],
					[ 29.0597899448, 41.0907985686 ],
					[ 29.0598013659, 41.0905046219 ],
					[ 29.0598093851, 41.0902106115 ],
					[ 29.059814001, 41.0899165588 ],
					[ 29.0598152132, 41.0896224874 ],
					[ 29.0598130215, 41.0893284187 ],
					[ 29.059807428, 41.0890343755 ],
					[ 29.0597984313, 41.0887403818 ],
					[ 29.0597860322, 41.0884464577 ],
					[ 29.0597702328, 41.0881526273 ],
					[ 29.0597510341, 41.0878589133 ],
					[ 29.0597284358, 41.0875653371 ],
					[ 29.0597024423, 41.0872719224 ],
					[ 29.0596730547, 41.0869786906 ],
					[ 29.0596402737, 41.0866856652 ],
					[ 29.059604104, 41.0863928679 ],
					[ 29.0595645487, 41.0861003211 ],
					[ 29.0595216088, 41.0858080483 ],
					[ 29.0594752888, 41.0855160703 ],
					[ 29.0594255919, 41.0852244113 ],
					[ 29.0593725216, 41.0849330921 ],
					[ 29.0593160834, 41.0846421353 ],
					[ 29.0592507038, 41.0843252891 ],
					[ 29.0590056751, 41.0837784898 ],
					[ 29.0587549754, 41.0832331654 ],
					[ 29.0584986211, 41.0826893475 ],
					[ 29.0582366284, 41.0821470721 ],
					[ 29.0580150966, 41.0816985649 ],
					[ 29.0577897082, 41.0812511594 ],
					[ 29.0575604727, 41.0808048754 ],
					[ 29.0573273993, 41.080359731 ],
					[ 29.0570904974, 41.079915746 ],
					[ 29.0568497786, 41.0794729386 ],
					[ 29.0566052535, 41.0790313277 ],
					[ 29.0563569301, 41.0785909313 ],
					[ 29.056157407, 41.0782427271 ],
					[ 29.0559555091, 41.077895308 ],
					[ 29.0557512446, 41.0775486823 ],
					[ 29.0555446171, 41.0772028598 ],
					[ 29.0553356324, 41.0768578497 ],
					[ 29.0551242963, 41.0765136608 ],
					[ 29.0549106147, 41.0761703033 ],
					[ 29.0546945934, 41.0758277851 ],
					[ 29.0543917016, 41.0753550378 ],
					[ 29.0540843532, 41.0748839414 ],
					[ 29.0537725624, 41.0744145203 ],
					[ 29.0534563467, 41.0739467989 ],
					[ 29.0531357213, 41.0734807999 ],
					[ 29.0528107025, 41.0730165476 ],
					[ 29.0524813092, 41.0725540664 ],
					[ 29.0521475554, 41.0720933799 ],
					[ 29.0519219641, 41.0716746774 ],
					[ 29.0516996251, 41.07125498 ],
					[ 29.0514589462, 41.0707924281 ],
					[ 29.0512222163, 41.0703287098 ],
					[ 29.0509894454, 41.0698638466 ],
					[ 29.0507606453, 41.0693978559 ],
					[ 29.0505358239, 41.0689307575 ],
					[ 29.0503149916, 41.0684625714 ],
					[ 29.0500981562, 41.0679933166 ],
					[ 29.0498853259, 41.067523013 ],
					[ 29.0496765121, 41.0670516795 ],
					[ 29.0494717216, 41.0665793361 ],
					[ 29.0492709636, 41.0661060036 ],
					[ 29.0490742448, 41.0656317 ],
					[ 29.0488815756, 41.0651564454 ],
					[ 29.0486929628, 41.0646802604 ],
					[ 29.0485084143, 41.064203164 ],
					[ 29.0483279369, 41.0637251763 ],
					[ 29.0481182305, 41.0631545349 ],
					[ 29.047914328, 41.0625826895 ],
					[ 29.0477162394, 41.0620096743 ],
					[ 29.0475239772, 41.0614355247 ],
					[ 29.0473375539, 41.0608602731 ],
					[ 29.0471569783, 41.0602839538 ],
					[ 29.0469822629, 41.0597066004 ],
					[ 29.0468134165, 41.0591282489 ],
					[ 29.046650448, 41.0585489309 ],
					[ 29.04649337, 41.0579686826 ],
					[ 29.0463421876, 41.0573875374 ],
					[ 29.0461969133, 41.0568055296 ],
					[ 29.0460575536, 41.0562226944 ],
					[ 29.0459241162, 41.0556390652 ],
					[ 29.0457966099, 41.0550546763 ],
					[ 29.0456750425, 41.0544695638 ],
					[ 29.0455594191, 41.0538837611 ],
					[ 29.0454497488, 41.0532973026 ],
					[ 29.0453460355, 41.0527102232 ],
					[ 29.045248287, 41.0521225584 ],
					[ 29.044938255, 41.050999124 ],
					[ 29.0438781734, 41.0489994293 ],
					[ 29.0433665694, 41.0484710517 ],
					[ 29.0424507117, 41.0479559994 ],
					[ 29.0408996535, 41.0473502971 ],
					[ 29.0387801703, 41.0464862317 ],
					[ 29.0372949212, 41.0460422605 ],
					[ 29.0358756839, 41.0458541329 ],
					[ 29.0348048118, 41.0457442817 ],
					[ 29.0333524662, 41.0456386896 ],
					[ 29.0322039111, 41.0455901741 ],
					[ 29.0308355957, 41.0456731 ],
					[ 29.0279603958, 41.046074247 ],
					[ 29.0270020221, 41.0463951766 ],
					[ 29.0262656109, 41.0467770768 ],
					[ 29.0259024329, 41.0469864712 ],
					[ 29.0256855144, 41.0471764118 ],
					[ 29.0256668808, 41.0467191496 ],
					[ 29.0256389219, 41.0464148839 ],
					[ 29.0255737471, 41.0459600726 ],
					[ 29.025396312, 41.04519912 ],
					[ 29.0251572757, 41.0444695035 ],
					[ 29.0247634652, 41.0436047454 ],
					[ 29.024527315, 41.0431836493 ],
					[ 29.0241728659, 41.0426359263 ],
					[ 29.0237629078, 41.0420915543 ],
					[ 29.0234228522, 41.0416933427 ],
					[ 29.0230579394, 41.0413079496 ],
					[ 29.0226690141, 41.0409362643 ],
					[ 29.0222882657, 41.0406050795 ],
					[ 29.0218884505, 41.0402870356 ],
					[ 29.0213570075, 41.0398527326 ],
					[ 29.0209149631, 41.0395498323 ],
					[ 29.0207992922, 41.0395291929 ],
					[ 29.0198623218, 41.0393948998 ],
					[ 29.0174422069, 41.0391872412 ],
					[ 29.0162093427, 41.0391481343 ],
					[ 29.0149882132, 41.0391662923 ],
					[ 29.0138169944, 41.0392134535 ],
					[ 29.0130354693, 41.0392925297 ],
					[ 29.0121150843, 41.0393989993 ],
					[ 29.0109923435, 41.0395704332 ],
					[ 29.0100076013, 41.0397716307 ],
					[ 29.0093503401, 41.0399565757 ],
					[ 29.0088696917, 41.0401144471 ],
					[ 29.0084771339, 41.0402730744 ],
					[ 29.0081728101, 41.0404229305 ],
					[ 29.0078680569, 41.04060137 ],
					[ 29.0076392393, 41.0407518747 ],
					[ 29.0073618374, 41.0410405055 ],
					[ 29.0073976941, 41.0409117986 ],
					[ 29.0073499311, 41.0407398537 ],
					[ 29.0072090722, 41.0404813392 ],
					[ 29.0068390483, 41.0399778439 ],
					[ 29.0062834859, 41.0392583308 ],
					[ 29.0057876318, 41.0387537461 ],
					[ 29.0051666583, 41.0382004325 ],
					[ 29.0044205713, 41.0375983854 ],
					[ 29.0035504524, 41.0368761401 ],
					[ 29.0032974978, 41.0366765117 ],
					[ 29.0022849465, 41.0360796059 ],
					[ 29.000896515, 41.0353635503 ],
					[ 28.9996655262, 41.034827933 ],
					[ 28.9983753284, 41.0343046714 ],
					[ 28.9976185213, 41.0340671071 ],
					[ 28.99677495, 41.0338853949 ],
					[ 28.9962293123, 41.0337635795 ],
					[ 28.9956835241, 41.033653998 ],
					[ 28.9949996822, 41.0335193864 ],
					[ 28.9943182353, 41.0333654141 ],
					[ 28.9936851377, 41.0332025819 ],
					[ 28.9941604523, 41.0329828507 ],
					[ 28.9946108682, 41.0326568169 ],
					[ 28.9946737956, 41.0324784468 ],
					[ 28.99473106, 41.0321783707 ],
					[ 28.9947480708, 41.0316755536 ],
					[ 28.9946450081, 41.0310764631 ],
					[ 28.994391288, 41.0305283825 ],
					[ 28.9940916452, 41.0301206013 ],
					[ 28.9928688824, 41.028871111 ],
					[ 28.9908097415, 41.0270967952 ],
					[ 28.9905351829, 41.0269099337 ],
					[ 28.9900293859, 41.0265706252 ],
					[ 28.989520394, 41.0262340697 ],
					[ 28.9890082318, 41.0259002862 ],
					[ 28.9884929264, 41.0255692904 ],
					[ 28.987974505, 41.0252411004 ],
					[ 28.9874529933, 41.0249157317 ],
					[ 28.9869284196, 41.0245932025 ],
					[ 28.9864008087, 41.0242735293 ],
					[ 28.9858701899, 41.0239567265 ],
					[ 28.985336588, 41.0236428125 ],
					[ 28.9848000336, 41.0233318028 ],
					[ 28.9842605514, 41.0230237136 ],
					[ 28.9837181697, 41.0227185598 ],
					[ 28.9831729178, 41.0224163576 ],
					[ 28.982624823, 41.0221171226 ],
					[ 28.9820739122, 41.0218208702 ],
					[ 28.9815202162, 41.0215276153 ],
					[ 28.9805980877, 41.021009284 ],
					[ 28.980061479, 41.0207210284 ],
					[ 28.9789735789, 41.0200776721 ],
					[ 28.9784223267, 41.0197201891 ],
					[ 28.9772932746, 41.0190448846 ],
					[ 28.9765146189, 41.0185236229 ],
					[ 28.9759236262, 41.0181360758 ],
					[ 28.9756016173, 41.0178892083 ],
					[ 28.9751598563, 41.0175457041 ]
				]
			},
			"properties" : {
				"ISIM_HAT" : "Boğazdan Geliş-Boğaza Gidiş",
				"TUR_HAT" : "Şehir Hatları",
				"HAT_ROTA" : "Eminönü-Kabataş-Beşiktaş-Ortaköy-Emirgan-İstinye-Sarıyer-Rumeli Kavağı-Anadolu Kavağı"
			}
		},
		{
			"type" : "Feature",
			"geometry" : {
				"type" : "LineString",
				"coordinates" : [
					[ 29.1419245982, 40.8531017906 ],
					[ 29.1416137887, 40.8533960944 ],
					[ 29.1413351664, 40.8537066266 ],
					[ 29.1412040652, 40.8540638195 ],
					[ 29.141158795, 40.8544210102 ],
					[ 29.141156947, 40.8545970684 ],
					[ 29.1411550989, 40.8547731274 ],
					[ 29.1411621322, 40.8551252425 ],
					[ 29.1412013505, 40.8554895276 ],
					[ 29.1412352054, 40.8558254097 ],
					[ 29.1415315572, 40.8571770331 ],
					[ 29.141655594, 40.8579319521 ],
					[ 29.1417581724, 40.8587193201 ],
					[ 29.1422972318, 40.861454879 ],
					[ 29.1425358826, 40.8641740972 ],
					[ 29.1425411188, 40.8696284254 ],
					[ 29.1418570899, 40.8717063925 ],
					[ 29.1407439084, 40.8735895908 ],
					[ 29.1380669345, 40.8752871825 ],
					[ 29.1355616222, 40.8759788038 ],
					[ 29.1279760767, 40.8757720135 ],
					[ 29.1026808575, 40.9228290958 ],
					[ 29.1003971951, 40.9286292935 ],
					[ 29.0986443514, 40.9341762841 ],
					[ 29.0970997127, 40.9396391034 ],
					[ 29.0961077687, 40.943262205 ],
					[ 29.0957848557, 40.9462043952 ],
					[ 29.0957550748, 40.948735866 ],
					[ 29.0949711576, 40.9504316362 ],
					[ 29.0940577937, 40.9514859167 ]
				]
			},
			"properties" : {
				"ISIM_HAT" : "Bostancı-Büyükada-Sedef Adası",
				"TUR_HAT" : "Şehir Hatları",
				"HAT_ROTA" : "Bostancı-Büyükada-Sedef Adası"
			}
		},
		{
			"type" : "Feature",
			"geometry" : {
				"type" : "LineString",
				"coordinates" : [
					[ 29.0575846542, 41.166269388 ],
					[ 29.0578226411, 41.1662710992 ],
					[ 29.0580605771, 41.166275209 ],
					[ 29.0582984192, 41.1662817173 ],
					[ 29.0585361257, 41.1662906226 ],
					[ 29.0587736527, 41.1663019239 ],
					[ 29.0590109596, 41.1663156179 ],
					[ 29.0592480048, 41.1663317036 ],
					[ 29.0594847431, 41.1663501778 ],
					[ 29.0597211353, 41.1663710365 ],
					[ 29.0599571385, 41.166394276 ],
					[ 29.0601927112, 41.166419893 ],
					[ 29.0604278092, 41.1664478828 ],
					[ 29.0606623935, 41.1664782406 ],
					[ 29.0608964199, 41.1665109596 ],
					[ 29.0611298494, 41.166546036 ],
					[ 29.0613626379, 41.1665834613 ],
					[ 29.0615947462, 41.1666232307 ],
					[ 29.0618261315, 41.1666653366 ],
					[ 29.0620567523, 41.1667097716 ],
					[ 29.0622865682, 41.1667565271 ],
					[ 29.0625155401, 41.1668055947 ],
					[ 29.0627436239, 41.166856967 ],
					[ 29.0629707817, 41.1669106336 ],
					[ 29.0631969708, 41.1669665862 ],
					[ 29.0634221532, 41.1670248136 ],
					[ 29.0636462885, 41.1670853057 ],
					[ 29.0638693352, 41.1671480521 ],
					[ 29.0640912542, 41.1672130418 ],
					[ 29.0643120064, 41.1672802627 ],
					[ 29.0645315525, 41.1673497028 ],
					[ 29.0647498535, 41.1674213502 ],
					[ 29.0649668715, 41.1674951918 ],
					[ 29.0651825661, 41.1675712149 ],
					[ 29.0653968994, 41.1676494055 ],
					[ 29.0656098335, 41.1677297498 ],
					[ 29.0658213305, 41.1678122341 ],
					[ 29.0660313525, 41.1678968428 ],
					[ 29.0662398628, 41.1679835611 ],
					[ 29.0664468234, 41.1680723735 ],
					[ 29.0666521977, 41.1681632652 ],
					[ 29.0668559502, 41.168256218 ],
					[ 29.0670580429, 41.168351218 ],
					[ 29.0672584417, 41.1684482462 ],
					[ 29.0674571097, 41.1685472859 ],
					[ 29.0676540115, 41.1686483198 ],
					[ 29.0678491117, 41.1687513296 ],
					[ 29.068042377, 41.168856297 ],
					[ 29.0682337722, 41.168963203 ],
					[ 29.0684232628, 41.16907203 ],
					[ 29.0686108158, 41.1691827562 ],
					[ 29.0687963981, 41.1692953642 ],
					[ 29.0689799755, 41.1694098332 ],
					[ 29.069161516, 41.1695261429 ],
					[ 29.0693409866, 41.1696442716 ],
					[ 29.0695183566, 41.1697641992 ],
					[ 29.0696935942, 41.1698859047 ],
					[ 29.0698666663, 41.1700093655 ],
					[ 29.0700375445, 41.1701345604 ],
					[ 29.0702061972, 41.1702614668 ],
					[ 29.0703725946, 41.170390062 ],
					[ 29.0705367075, 41.1705203232 ],
					[ 29.0706985052, 41.1706522268 ],
					[ 29.0708579605, 41.1707857509 ],
					[ 29.0710150453, 41.1709208692 ],
					[ 29.07116973, 41.1710575598 ],
					[ 29.0713219875, 41.1711957984 ],
					[ 29.0714717909, 41.1713355584 ],
					[ 29.0716191143, 41.1714768164 ],
					[ 29.0717639293, 41.1716195478 ],
					[ 29.0719062126, 41.1717637253 ],
					[ 29.0720459382, 41.1719093255 ],
					[ 29.0721830803, 41.1720563201 ],
					[ 29.0723176155, 41.1722046848 ],
					[ 29.072449519, 41.1723543931 ],
					[ 29.0725787686, 41.172505417 ],
					[ 29.0727053396, 41.1726577311 ],
					[ 29.0728292098, 41.1728113064 ],
					[ 29.0729503581, 41.1729661176 ],
					[ 29.0730687622, 41.1731221365 ],
					[ 29.073184401, 41.1732793351 ],
					[ 29.0732972535, 41.1734376853 ],
					[ 29.073407301, 41.1735971591 ],
					[ 29.0735145225, 41.1737577284 ],
					[ 29.0736189003, 41.1739193642 ],
					[ 29.0737204148, 41.1740820375 ],
					[ 29.0738190471, 41.1742457204 ],
					[ 29.0739147811, 41.174410382 ],
					[ 29.0740075992, 41.1745759953 ],
					[ 29.0740974851, 41.1747425286 ],
					[ 29.0741844214, 41.1749099538 ],
					[ 29.0742683953, 41.1750782402 ],
					[ 29.0743493894, 41.175247358 ],
					[ 29.0744273898, 41.1754172774 ],
					[ 29.0745023838, 41.1755879685 ],
					[ 29.0745743562, 41.1757593998 ],
					[ 29.0746432957, 41.1759315414 ],
					[ 29.0747091894, 41.1761043626 ],
					[ 29.0747720247, 41.1762778336 ],
					[ 29.0748317925, 41.1764519219 ],
					[ 29.0748884801, 41.1766265969 ],
					[ 29.0749420783, 41.1768018286 ],
					[ 29.0749925768, 41.1769775847 ],
					[ 29.0750399678, 41.1771538344 ],
					[ 29.0750842432, 41.1773305454 ],
					[ 29.0751253929, 41.1775076877 ],
					[ 29.07516341, 41.1776852289 ],
					[ 29.0751982901, 41.1778631376 ],
					[ 29.0752300243, 41.178041382 ],
					[ 29.0752586081, 41.1782199306 ],
					[ 29.0752840361, 41.1783987511 ],
					[ 29.075306305, 41.1785778127 ],
					[ 29.0753254081, 41.178757082 ],
					[ 29.0753413446, 41.1789365286 ],
					[ 29.0753541103, 41.1791161198 ],
					[ 29.0753637031, 41.1792958233 ],
					[ 29.0753701212, 41.1794756076 ],
					[ 29.0753733636, 41.1796554412 ],
					[ 29.075373431, 41.1798352906 ],
					[ 29.07537032, 41.1800151253 ],
					[ 29.0753640347, 41.180194912 ],
					[ 29.0753545743, 41.1803746201 ],
					[ 29.0753419405, 41.1805542163 ],
					[ 29.0753261361, 41.1807336691 ],
					[ 29.0753071638, 41.1809129469 ],
					[ 29.0752850265, 41.1810920175 ],
					[ 29.0752597281, 41.1812708492 ],
					[ 29.0752312739, 41.1814494089 ],
					[ 29.0751996679, 41.1816276668 ],
					[ 29.0754454665, 41.1815507276 ],
					[ 29.0756902311, 41.1814719292 ],
					[ 29.0759339354, 41.1813912786 ],
					[ 29.0761765566, 41.1813087846 ],
					[ 29.0764180696, 41.1812244552 ],
					[ 29.0766584504, 41.1811383 ],
					[ 29.0768976738, 41.1810503262 ],
					[ 29.0771357171, 41.1809605424 ],
					[ 29.077372555, 41.1808689593 ],
					[ 29.0776081648, 41.1807755858 ],
					[ 29.0778425225, 41.1806804298 ],
					[ 29.078075603, 41.1805835027 ],
					[ 29.0783073857, 41.1804848135 ],
					[ 29.0785378444, 41.1803843717 ],
					[ 29.0787669574, 41.1802821873 ],
					[ 29.078994702, 41.1801782716 ],
					[ 29.0792210529, 41.1800726345 ],
					[ 29.0794459909, 41.1799652874 ],
					[ 29.0796694908, 41.1798562391 ],
					[ 29.0798915299, 41.1797455031 ],
					[ 29.0801120877, 41.1796330891 ],
					[ 29.0803311413, 41.1795190085 ],
					[ 29.0805486681, 41.1794032721 ],
					[ 29.0807646462, 41.1792858941 ],
					[ 29.0809790542, 41.1791668832 ],
					[ 29.0811918704, 41.1790462538 ],
					[ 29.0814030731, 41.1789240165 ],
					[ 29.081612642, 41.1788001846 ],
					[ 29.0818205554, 41.1786747697 ],
					[ 29.0820267916, 41.1785477851 ],
					[ 29.0822313314, 41.1784192433 ],
					[ 29.082434152, 41.1782891577 ],
					[ 29.0826352354, 41.1781575406 ],
					[ 29.082834561, 41.1780244055 ],
					[ 29.0830321072, 41.1778897665 ],
					[ 29.0832278548, 41.1777536363 ],
					[ 29.0834217845, 41.1776160289 ],
					[ 29.0836138758, 41.1774769587 ],
					[ 29.0838041107, 41.177336439 ],
					[ 29.0839924699, 41.1771944832 ],
					[ 29.0841789342, 41.1770511074 ],
					[ 29.0843634842, 41.1769063258 ],
					[ 29.0845461008, 41.1767601518 ],
					[ 29.0847267682, 41.1766126006 ],
					[ 29.0849054659, 41.1764636873 ],
					[ 29.085082177, 41.1763134262 ],
					[ 29.0852568824, 41.1761618334 ],
					[ 29.0854295662, 41.1760089241 ],
					[ 29.0856002104, 41.1758547134 ],
					[ 29.0857687969, 41.1756992166 ],
					[ 29.0859353099, 41.1755424496 ],
					[ 29.0860997327, 41.1753844277 ],
					[ 29.0862620483, 41.175225167 ],
					[ 29.086422241, 41.1750646845 ],
					[ 29.0865802939, 41.1749029953 ],
					[ 29.08673619, 41.1747401164 ],
					[ 29.0868899161, 41.174576063 ],
					[ 29.0870414553, 41.1744108531 ],
					[ 29.087190793, 41.1742445027 ],
					[ 29.0873379135, 41.1740770279 ],
					[ 29.0874828023, 41.1739084467 ],
					[ 29.0876254448, 41.173738775 ],
					[ 29.0877658266, 41.1735680309 ],
					[ 29.0879039343, 41.1733962313 ]
				]
			},
			"properties" : {
				"ISIM_HAT" : "Anadolu Kavağı-Rumeli Kavağı-Sarıyer",
				"TUR_HAT" : "Şehir Hatları",
				"HAT_ROTA" : "Anadolu Kavağı-Rumeli Kavağı-Sarıyer"
			}
		},
		{
			"type" : "Feature",
			"geometry" : {
				"type" : "LineString",
				"coordinates" : [
					[ 29.0648688933, 41.0796798856 ],
					[ 29.0646985519, 41.079668049 ],
					[ 29.0645611526, 41.0796990962 ],
					[ 29.0644755449, 41.0797412843 ],
					[ 29.0642075044, 41.079992833 ],
					[ 29.0640092409, 41.080402098 ],
					[ 29.0637334528, 41.0830848258 ],
					[ 29.061433015, 41.0998763193 ],
					[ 29.061814247, 41.1062833008 ],
					[ 29.0617739473, 41.1096397642 ],
					[ 29.0615068786, 41.1124678695 ],
					[ 29.0613132274, 41.1132669148 ]
				]
			},
			"properties" : {
				"ISIM_HAT" : "Küçüksu-İstinye",
				"TUR_HAT" : "Şehir Hatları",
				"HAT_ROTA" : "Küçüksu-İstinye"
			}
		},
		{
			"type" : "Feature",
			"geometry" : {
				"type" : "LineString",
				"coordinates" : [
					[ 29.0903133276, 41.134311015 ],
					[ 29.0902580369, 41.1340351026 ],
					[ 29.090205929, 41.1337588362 ],
					[ 29.0901570072, 41.1334822366 ],
					[ 29.0901112746, 41.1332053254 ],
					[ 29.0900687358, 41.1329281242 ],
					[ 29.0900293939, 41.132650652 ],
					[ 29.089993251, 41.1323729322 ],
					[ 29.0899603092, 41.1320949847 ],
					[ 29.0899305741, 41.1318168302 ],
					[ 29.0899040441, 41.1315384903 ],
					[ 29.0898807237, 41.1312599866 ],
					[ 29.0898606138, 41.1309813399 ],
					[ 29.0898437152, 41.1307025709 ],
					[ 29.0898300299, 41.1304237012 ],
					[ 29.08981956, 41.1301447524 ],
					[ 29.089812304, 41.1298657444 ],
					[ 29.0898082639, 41.1295866997 ],
					[ 29.0898074395, 41.1293076389 ],
					[ 29.0898098314, 41.1290285837 ],
					[ 29.0898154383, 41.1287495539 ],
					[ 29.0898242598, 41.128470572 ],
					[ 29.0898362967, 41.1281916587 ],
					[ 29.0898515464, 41.1279128356 ],
					[ 29.0898700085, 41.1276341234 ],
					[ 29.0898916814, 41.1273555437 ],
					[ 29.0899165637, 41.1270771173 ],
					[ 29.0899446526, 41.1267988647 ],
					[ 29.0899759467, 41.1265208084 ],
					[ 29.0900104443, 41.1262429684 ],
					[ 29.0900481404, 41.1259653661 ],
					[ 29.0900890347, 41.1256880231 ],
					[ 29.0901331221, 41.1254109593 ],
					[ 29.0901803999, 41.125134197 ],
					[ 29.0902308652, 41.1248577571 ],
					[ 29.0902845132, 41.1245816591 ],
					[ 29.0903413398, 41.1243059257 ],
					[ 29.0904013412, 41.1240305767 ],
					[ 29.0904645134, 41.1237556334 ],
					[ 29.090530849, 41.1234811176 ],
					[ 29.0906003465, 41.1232070481 ],
					[ 29.0906729971, 41.1229334474 ],
					[ 29.0907487983, 41.1226603351 ],
					[ 29.0908277413, 41.1223877339 ],
					[ 29.0909098223, 41.1221156615 ],
					[ 29.090995035, 41.1218441415 ],
					[ 29.0910833718, 41.1215731926 ],
					[ 29.0911748266, 41.1213028355 ],
					[ 29.0912693919, 41.1210330917 ],
					[ 29.0913670614, 41.120763981 ],
					[ 29.0914678264, 41.1204955231 ],
					[ 29.0915716795, 41.1202277404 ],
					[ 29.0916786145, 41.1199606519 ],
					[ 29.0917886214, 41.1196942772 ],
					[ 29.0919016916, 41.1194286379 ],
					[ 29.0920178178, 41.1191637537 ],
					[ 29.0921369911, 41.1188996443 ],
					[ 29.0922592019, 41.1186363295 ],
					[ 29.0923844403, 41.1183738308 ],
					[ 29.0925126975, 41.118112167 ],
					[ 29.0926439639, 41.1178513569 ],
					[ 29.0927782284, 41.117591423 ],
					[ 29.0929154823, 41.1173323823 ],
					[ 29.0930557134, 41.1170742563 ],
					[ 29.0931989132, 41.1168170637 ],
					[ 29.0928769591, 41.1168380321 ],
					[ 29.0925547371, 41.1168564834 ],
					[ 29.0922322793, 41.1168724162 ],
					[ 29.0919096204, 41.1168858288 ],
					[ 29.0915867961, 41.1168967199 ],
					[ 29.0912638398, 41.1169050887 ],
					[ 29.0909407872, 41.1169109329 ],
					[ 29.0906176719, 41.1169142526 ],
					[ 29.090294527, 41.1169150482 ],
					[ 29.0899713897, 41.1169133191 ],
					[ 29.0896482932, 41.1169090645 ],
					[ 29.0893252721, 41.1169022867 ],
					[ 29.0890023609, 41.1168929849 ],
					[ 29.0886795944, 41.1168811603 ],
					[ 29.0883570068, 41.1168668151 ],
					[ 29.0880346317, 41.1168499503 ],
					[ 29.0877125048, 41.1168305672 ],
					[ 29.0873906594, 41.1168086687 ],
					[ 29.0870691312, 41.1167842569 ],
					[ 29.0867479535, 41.1167573339 ],
					[ 29.086427161, 41.1167279027 ],
					[ 29.0861067881, 41.1166959671 ],
					[ 29.0857868681, 41.1166615301 ],
					[ 29.0854674367, 41.1166245948 ],
					[ 29.0851485262, 41.1165851666 ],
					[ 29.0848301721, 41.1165432479 ],
					[ 29.0845124077, 41.116498845 ],
					[ 29.0841952677, 41.1164519611 ],
					[ 29.0838787852, 41.1164026017 ],
					[ 29.0835629936, 41.1163507726 ],
					[ 29.0832479273, 41.1162964794 ],
					[ 29.0829336197, 41.1162397269 ],
					[ 29.0826201041, 41.1161805217 ],
					[ 29.0823074149, 41.1161188703 ],
					[ 29.0819955853, 41.1160547785 ],
					[ 29.0816846475, 41.1159882545 ],
					[ 29.081374636, 41.1159193042 ],
					[ 29.0810655828, 41.1158479358 ],
					[ 29.0807575223, 41.115774156 ],
					[ 29.0804504855, 41.115697974 ],
					[ 29.0801445067, 41.1156193963 ],
					[ 29.0798396169, 41.1155384332 ],
					[ 29.0795358517, 41.1154550912 ],
					[ 29.0792332396, 41.1153693805 ],
					[ 29.0789318161, 41.1152813104 ],
					[ 29.0786316121, 41.1151908901 ],
					[ 29.0783326598, 41.115098129 ],
					[ 29.078034991, 41.1150030371 ],
					[ 29.0777386378, 41.1149056238 ],
					[ 29.0774436311, 41.1148059009 ],
					[ 29.077150003, 41.1147038788 ],
					[ 29.0768577853, 41.1145995675 ],
					[ 29.0765670077, 41.1144929782 ],
					[ 29.0762777023, 41.1143841236 ],
					[ 29.0759899011, 41.114273014 ],
					[ 29.0757036324, 41.1141596622 ],
					[ 29.0754189272, 41.1140440792 ],
					[ 29.0751358173, 41.113926278 ],
					[ 29.0748543324, 41.1138062714 ],
					[ 29.0745745021, 41.1136840713 ],
					[ 29.0742963572, 41.1135596916 ],
					[ 29.0740199261, 41.1134331459 ],
					[ 29.0737452383, 41.1133044471 ],
					[ 29.0734723248, 41.1131736081 ],
					[ 29.0732012138, 41.1130406445 ],
					[ 29.0729319325, 41.1129055699 ],
					[ 29.0726645129, 41.1127683982 ],
					[ 29.0723989811, 41.1126291449 ],
					[ 29.0721353653, 41.1124878245 ],
					[ 29.0718736964, 41.112344451 ],
					[ 29.0716139992, 41.1121990416 ],
					[ 29.0713563031, 41.112051611 ],
					[ 29.0711006342, 41.1119021737 ],
					[ 29.070847022, 41.1117507482 ],
					[ 29.0705954914, 41.1115973489 ],
					[ 29.0703460706, 41.1114419923 ],
					[ 29.0700987856, 41.1112846949 ],
					[ 29.0698536624, 41.111125474 ],
					[ 29.0696107281, 41.110964347 ],
					[ 29.0693700087, 41.1108013302 ],
					[ 29.069131529, 41.110636441 ],
					[ 29.0688953148, 41.1104696976 ],
					[ 29.068661391, 41.1103011182 ],
					[ 29.0684297822, 41.1101307194 ],
					[ 29.0682005157, 41.1099585201 ],
					[ 29.0679736126, 41.1097845387 ],
					[ 29.0677490988, 41.1096087941 ],
					[ 29.0675269978, 41.1094313039 ],
					[ 29.0673073333, 41.1092520887 ],
					[ 29.0670901298, 41.109071167 ],
					[ 29.0668754087, 41.1088885568 ],
					[ 29.0666631933, 41.1087042801 ],
					[ 29.0664535073, 41.108518354 ],
					[ 29.0662463729, 41.1083307996 ],
					[ 29.0660418114, 41.1081416376 ],
					[ 29.0658398437, 41.1079508873 ],
					[ 29.0656404936, 41.1077585685 ],
					[ 29.065443782, 41.1075647032 ],
					[ 29.0652497277, 41.1073693113 ],
					[ 29.0650583542, 41.1071724127 ],
					[ 29.0648696803, 41.1069740302 ],
					[ 29.0646837259, 41.1067741838 ],
					[ 29.064500511, 41.1065728952 ],
					[ 29.0643200565, 41.1063701863 ],
					[ 29.0641423801, 41.1061660778 ],
					[ 29.0639675004, 41.1059605926 ],
					[ 29.0637954375, 41.1057537513 ],
					[ 29.0636262088, 41.1055455769 ],
					[ 29.063459833, 41.1053360918 ],
					[ 29.0632963276, 41.1051253179 ],
					[ 29.0631357091, 41.1049132769 ],
					[ 29.062977996, 41.1046999933 ],
					[ 29.0628232048, 41.1044854879 ],
					[ 29.0626713504, 41.1042697853 ],
					[ 29.0625224517, 41.104052908 ],
					[ 29.0623765226, 41.1038348778 ],
					[ 29.0622335782, 41.1036157201 ],
					[ 29.062093636, 41.1033954566 ],
					[ 29.0619567087, 41.1031741117 ],
					[ 29.0618228126, 41.1029517091 ],
					[ 29.0616919605, 41.1027282721 ],
					[ 29.0615641663, 41.1025038244 ],
					[ 29.0614394451, 41.1022783905 ],
					[ 29.0613178097, 41.1020519937 ],
					[ 29.0611992714, 41.1018246586 ],
					[ 29.0610838456, 41.1015964096 ],
					[ 29.0609715424, 41.101367271 ],
					[ 29.0608623735, 41.1011372674 ],
					[ 29.0607092755, 41.1008013822 ],
					[ 29.0607035709, 41.1007759319 ],
					[ 29.0606490818, 41.1005268615 ],
					[ 29.0605969647, 41.1002775006 ],
					[ 29.0605472244, 41.100027862 ],
					[ 29.0604998629, 41.0997779591 ],
					[ 29.0604548813, 41.0995278045 ],
					[ 29.0604122828, 41.0992774109 ],
					[ 29.0603720697, 41.0990267928 ],
					[ 29.0603342442, 41.0987759618 ],
					[ 29.0602806636, 41.0983892802 ],
					[ 29.0602327555, 41.0980021739 ],
					[ 29.0601905275, 41.0976146889 ],
					[ 29.0601539835, 41.0972268729 ],
					[ 29.0601231263, 41.0968387747 ],
					[ 29.0600979624, 41.0964504419 ],
					[ 29.0600784945, 41.0960619214 ],
					[ 29.0600647229, 41.0956732611 ],
					[ 29.0600572733, 41.0953282466 ],
					[ 29.0600543138, 41.0949831941 ],
					[ 29.0600558441, 41.0946381358 ],
					[ 29.0600618635, 41.0942931051 ],
					[ 29.0600723726, 41.0939481363 ],
					[ 29.0600873686, 41.0936032625 ],
					[ 29.0601068509, 41.0932585163 ],
					[ 29.0601308178, 41.0929139327 ],
					[ 29.0601635041, 41.0925224843 ],
					[ 29.0602019759, 41.092131336 ],
					[ 29.0602462302, 41.0917405383 ],
					[ 29.0602962614, 41.0913501398 ],
					[ 29.0603520615, 41.0909601889 ],
					[ 29.0604136237, 41.0905707343 ],
					[ 29.0604809426, 41.0901818254 ],
					[ 29.0605540066, 41.0897935108 ],
					[ 29.0605350246, 41.0894911654 ],
					[ 29.0605137201, 41.0892165244 ],
					[ 29.0604885594, 41.0889420699 ],
					[ 29.0604595468, 41.0886678325 ],
					[ 29.0604266844, 41.0883938446 ],
					[ 29.0603899766, 41.0881201359 ],
					[ 29.0603494265, 41.0878467381 ],
					[ 29.0603050408, 41.0875736818 ],
					[ 29.0602568228, 41.0873009975 ],
					[ 29.060204778, 41.087028716 ],
					[ 29.0601489131, 41.0867568689 ],
					[ 29.0600892349, 41.0864854849 ],
					[ 29.060025749, 41.0862145966 ],
					[ 29.0599584621, 41.0859442346 ],
					[ 29.0598873845, 41.0856744278 ],
					[ 29.0598125218, 41.0854052077 ],
					[ 29.0597338831, 41.0851366051 ],
					[ 29.0596452129, 41.0848487935 ],
					[ 29.0595522087, 41.0845617668 ],
					[ 29.0594548809, 41.084275561 ],
					[ 29.0593532432, 41.083990215 ],
					[ 29.0592473081, 41.0837057648 ],
					[ 29.0591370908, 41.0834222484 ],
					[ 29.0590226038, 41.083139702 ],
					[ 29.0589038645, 41.0828581624 ],
					[ 29.0587808867, 41.0825776659 ],
					[ 29.0586536865, 41.0822982504 ],
					[ 29.0585222815, 41.0820199512 ],
					[ 29.0583866877, 41.0817428044 ],
					[ 29.0582469237, 41.0814668469 ],
					[ 29.058103007, 41.0811921142 ],
					[ 29.0579549572, 41.0809186423 ],
					[ 29.057802793, 41.0806464665 ],
					[ 29.0576739198, 41.0804224858 ],
					[ 29.0575422604, 41.0801994339 ],
					[ 29.0574078275, 41.0799773326 ],
					[ 29.0572706316, 41.0797562008 ],
					[ 29.0571306856, 41.0795360584 ],
					[ 29.0569880022, 41.0793169244 ],
					[ 29.0568425931, 41.0790988187 ],
					[ 29.0566944735, 41.0788817603 ],
					[ 29.0565510146, 41.0786761971 ],
					[ 29.0564051246, 41.0784716177 ],
					[ 29.0562568139, 41.0782680367 ],
					[ 29.0561060941, 41.0780654713 ],
					[ 29.0559353082, 41.0778409472 ],
					[ 29.0557615633, 41.0776177266 ],
					[ 29.0555848768, 41.0773958324 ],
					[ 29.0554052664, 41.0771752871 ],
					[ 29.0551970735, 41.0768902161 ],
					[ 29.0549400476, 41.076529159 ],
					[ 29.0546887595, 41.0761657974 ],
					[ 29.0544432466, 41.075800181 ],
					[ 29.0542035449, 41.0754323653 ],
					[ 29.0539592796, 41.0750456682 ],
					[ 29.0537214372, 41.0746566866 ],
					[ 29.0534900536, 41.0742654795 ],
					[ 29.0532651648, 41.0738721112 ],
					[ 29.0530468065, 41.0734766412 ],
					[ 29.0528350125, 41.0730791322 ],
					[ 29.0526298173, 41.0726796466 ],
					[ 29.0524312508, 41.0722782477 ],
					[ 29.0522300294, 41.071855009 ],
					[ 29.0520361776, 41.0714298045 ],
					[ 29.0518497299, 41.0710027085 ],
					[ 29.0516707185, 41.0705737942 ],
					[ 29.0514991742, 41.0701431366 ],
					[ 29.0513351257, 41.0697108097 ],
					[ 29.0511786014, 41.0692768878 ],
					[ 29.0510296299, 41.0688414466 ],
					[ 29.0508882338, 41.0684045603 ],
					[ 29.0507544403, 41.0679663057 ],
					[ 29.0506282709, 41.0675267585 ],
					[ 29.0505097469, 41.0670859928 ],
					[ 29.0503988885, 41.0666440863 ],
					[ 29.050295717, 41.0662011156 ],
					[ 29.0502002479, 41.0657571566 ],
					[ 29.0501124978, 41.065312286 ],
					[ 29.0500323393, 41.0648657463 ],
					[ 29.049959958, 41.0644184458 ],
					[ 29.0498953656, 41.0639704631 ],
					[ 29.0498385752, 41.0635218746 ],
					[ 29.0497895938, 41.0630727589 ],
					[ 29.0497484309, 41.0626231944 ],
					[ 29.0497150934, 41.0621732586 ],
					[ 29.0496895872, 41.0617230298 ],
					[ 29.0496719158, 41.0612725856 ],
					[ 29.049662084, 41.0608220043 ],
					[ 29.0496600903, 41.0603713633 ],
					[ 29.0496659382, 41.0599207429 ],
					[ 29.0496796242, 41.0594702185 ],
					[ 29.0497011456, 41.0590198704 ],
					[ 29.0497305002, 41.0585697751 ],
					[ 29.0497676817, 41.0581200117 ],
					[ 29.0498126842, 41.0576706576 ],
					[ 29.0498654992, 41.0572217911 ],
					[ 29.0499261172, 41.0567734903 ],
					[ 29.0499945285, 41.0563258319 ],
					[ 29.0500707188, 41.0558788948 ],
					[ 29.0501546773, 41.0554327555 ],
					[ 29.0502463884, 41.0549874913 ],
					[ 29.0503458355, 41.0545431795 ],
					[ 29.0504530018, 41.0540998983 ],
					[ 29.0505678682, 41.053657723 ],
					[ 29.0506904156, 41.053216731 ],
					[ 29.0508206201, 41.0527769977 ],
					[ 29.0509584628, 41.0523386013 ],
					[ 29.0511039161, 41.0519016171 ],
					[ 29.0512569563, 41.0514661196 ],
					[ 29.0514175572, 41.0510321851 ],
					[ 29.051032185, 41.0508008772 ],
					[ 29.0506422511, 41.0505739938 ],
					[ 29.0502478437, 41.0503515871 ],
					[ 29.0498490527, 41.0501337081 ],
					[ 29.0494459675, 41.0499204061 ],
					[ 29.0490386827, 41.0497117288 ],
					[ 29.0486272891, 41.0495077235 ],
					[ 29.0482118799, 41.049308438 ],
					[ 29.0477925496, 41.049113917 ],
					[ 29.047369395, 41.0489242045 ],
					[ 29.0469425107, 41.0487393436 ],
					[ 29.0465119946, 41.0485593764 ],
					[ 29.0460779436, 41.0483843434 ],
					[ 29.0456404582, 41.048214285 ],
					[ 29.0451996365, 41.0480492388 ],
					[ 29.0447555777, 41.0478892444 ],
					[ 29.0443083849, 41.0477343359 ],
					[ 29.0438581595, 41.04758455 ],
					[ 29.0434050022, 41.0474399202 ],
					[ 29.0429490183, 41.0473004785 ],
					[ 29.0424903082, 41.0471662584 ],
					[ 29.0420289798, 41.0470372895 ],
					[ 29.041565136, 41.0469136005 ],
					[ 29.041098882, 41.0467952211 ],
					[ 29.0406303245, 41.0466821764 ],
					[ 29.0401595689, 41.0465744925 ],
					[ 29.0396867241, 41.0464721946 ],
					[ 29.0392118967, 41.0463753061 ],
					[ 29.0387351934, 41.0462838477 ],
					[ 29.0382567242, 41.0461978418 ],
					[ 29.0377765972, 41.0461173064 ],
					[ 29.0372949212, 41.0460422605 ],
					[ 29.0369411628, 41.045990781 ],
					[ 29.0365866744, 41.045942263 ],
					[ 29.0362314997, 41.0458967114 ],
					[ 29.0358756839, 41.0458541329 ],
					[ 29.0355192673, 41.0458145314 ],
					[ 29.0351622961, 41.0457779136 ],
					[ 29.0348048118, 41.0457442817 ],
					[ 29.0344468596, 41.0457136414 ],
					[ 29.0340824395, 41.0456855562 ],
					[ 29.0337176271, 41.0456605712 ],
					[ 29.0333524662, 41.0456386896 ],
					[ 29.0329870044, 41.0456199135 ],
					[ 29.0325955754, 41.0456032621 ],
					[ 29.0322039111, 41.0455901741 ],
					[ 29.0316786415, 41.0455782222 ],
					[ 29.0316472226, 41.0455777106 ],
					[ 29.0316190959, 41.0455804376 ],
					[ 29.0314226267, 41.0456006392 ],
					[ 29.0312265304, 41.04562282 ],
					[ 29.0310308427, 41.045646975 ],
					[ 29.0308355957, 41.0456731 ],
					[ 29.0306408252, 41.0457011916 ],
					[ 29.0304465669, 41.0457312438 ],
					[ 29.0302528542, 41.0457632506 ],
					[ 29.0300597204, 41.0457972078 ],
					[ 29.0298672014, 41.0458331095 ],
					[ 29.0296753316, 41.0458709477 ],
					[ 29.0294841432, 41.0459107173 ],
					[ 29.0292936709, 41.0459524097 ],
					[ 29.0291039493, 41.0459960189 ],
					[ 29.0289150104, 41.0460415369 ],
					[ 29.0287268902, 41.0460889552 ],
					[ 29.0285396197, 41.0461382649 ],
					[ 29.0283532322, 41.0461894592 ],
					[ 29.0281677624, 41.0462425266 ],
					[ 29.0279832413, 41.0462974594 ],
					[ 29.0277997025, 41.0463542469 ],
					[ 29.0276171792, 41.0464128796 ],
					[ 29.0274357025, 41.0464733478 ],
					[ 29.027255306, 41.0465356393 ],
					[ 29.0270760207, 41.0465997434 ],
					[ 29.0268978777, 41.0466656488 ],
					[ 29.0267209104, 41.0467333448 ],
					[ 29.0265451487, 41.0468028184 ],
					[ 29.0263706237, 41.0468740571 ],
					[ 29.0261973678, 41.0469470494 ],
					[ 29.0260254108, 41.0470217814 ],
					[ 29.0258547826, 41.0470982396 ],
					[ 29.0256855144, 41.0471764118 ],
					[ 29.0255267064, 41.0469176293 ],
					[ 29.0253604344, 41.0466615469 ],
					[ 29.0251867799, 41.0464082894 ],
					[ 29.0250058258, 41.0461579783 ],
					[ 29.0248176594, 41.045910734 ],
					[ 29.0246223731, 41.0456666762 ],
					[ 29.0244200579, 41.0454259216 ],
					[ 29.0242108144, 41.0451885863 ],
					[ 29.0239947409, 41.0449547847 ],
					[ 29.023771944, 41.0447246301 ],
					[ 29.0235425291, 41.0444982324 ],
					[ 29.0233066077, 41.0442757005 ],
					[ 29.0230642935, 41.0440571424 ],
					[ 29.0228157039, 41.0438426637 ],
					[ 29.0225609564, 41.0436323669 ],
					[ 29.0223001755, 41.0434263531 ],
					[ 29.0220334871, 41.0432247214 ],
					[ 29.0217610193, 41.0430275701 ],
					[ 29.0214829028, 41.0428349931 ],
					[ 29.0211992716, 41.0426470833 ],
					[ 29.0209102637, 41.0424639318 ],
					[ 29.0206160169, 41.0422856263 ],
					[ 29.0203166737, 41.0421122525 ],
					[ 29.020012378, 41.0419438945 ],
					[ 29.0197032773, 41.0417806327 ],
					[ 29.0193895177, 41.0416225467 ],
					[ 29.0190712539, 41.0414697115 ],
					[ 29.0187486371, 41.0413222006 ],
					[ 29.018421823, 41.0411800862 ],
					[ 29.0180909688, 41.0410434363 ],
					[ 29.0177562353, 41.0409123163 ],
					[ 29.0174177819, 41.0407867895 ],
					[ 29.0170757729, 41.0406669167 ],
					[ 29.0167303717, 41.0405527552 ],
					[ 29.0152211703, 41.0402141636 ],
					[ 29.0144915452, 41.0400828491 ],
					[ 29.0140833408, 41.0400257536 ],
					[ 29.0135179169, 41.0399613544 ],
					[ 29.0127637238, 41.0398953356 ],
					[ 29.0119936237, 41.0398410873 ],
					[ 29.0110184883, 41.0398208111 ],
					[ 29.0101211158, 41.0398607551 ],
					[ 29.0096014609, 41.0398920269 ],
					[ 29.0090812708, 41.0399590275 ],
					[ 29.0087498501, 41.0400276495 ],
					[ 29.0084654421, 41.0401085871 ],
					[ 29.0082596892, 41.0401902017 ],
					[ 29.0080533981, 41.040307547 ],
					[ 29.0078624805, 41.0404488481 ],
					[ 29.0076388469, 41.0406732514 ],
					[ 29.0073618374, 41.0410405055 ],
					[ 29.0072781073, 41.0405986721 ],
					[ 29.0070033625, 41.0400364377 ],
					[ 29.0065734651, 41.0393299206 ],
					[ 29.0061734249, 41.0387308674 ],
					[ 29.005075925, 41.0374348932 ],
					[ 28.9999046079, 41.0318805881 ],
					[ 28.9997019606, 41.0316673197 ],
					[ 28.999497299, 41.0314551564 ],
					[ 28.9992906359, 41.0312441099 ],
					[ 28.999081982, 41.0310341901 ],
					[ 28.9988713466, 41.030825408 ],
					[ 28.9986587415, 41.0306177736 ],
					[ 28.9984441771, 41.0304112996 ],
					[ 28.9982276653, 41.030205995 ],
					[ 28.9980092154, 41.0300018698 ],
					[ 28.9977888415, 41.0297989368 ],
					[ 28.9975665529, 41.029597204 ],
					[ 28.9973423615, 41.0293966825 ],
					[ 28.9971162789, 41.029197384 ],
					[ 28.9968883169, 41.0289993167 ],
					[ 28.996658486, 41.0288024924 ],
					[ 28.9964267992, 41.0286069202 ],
					[ 28.9961932694, 41.0284126101 ],
					[ 28.9959579059, 41.0282195721 ],
					[ 28.995720723, 41.028027817 ],
					[ 28.9954817322, 41.0278373541 ],
					[ 28.9952409467, 41.0276481924 ],
					[ 28.9949983768, 41.0274603427 ],
					[ 28.9947540368, 41.0272738151 ],
					[ 28.9945079384, 41.027088617 ],
					[ 28.9942600944, 41.02690476 ],
					[ 28.9940105168, 41.0267222525 ],
					[ 28.9937592207, 41.0265411043 ],
					[ 28.9935062167, 41.0263613247 ],
					[ 28.993251519, 41.0261829227 ],
					[ 28.9929951394, 41.0260059083 ],
					[ 28.992737093, 41.0258302889 ],
					[ 28.9924773917, 41.0256560745 ],
					[ 28.9922160485, 41.025483274 ],
					[ 28.9919530785, 41.0253118968 ],
					[ 28.9916884937, 41.0251419509 ],
					[ 28.9914223093, 41.0249734447 ],
					[ 28.991154537, 41.024806388 ],
					[ 28.9908851922, 41.0246407892 ],
					[ 28.9906142866, 41.0244766555 ],
					[ 28.9903418368, 41.0243139969 ],
					[ 28.9900678545, 41.0241528209 ],
					[ 28.9897923561, 41.0239931355 ],
					[ 28.9895153536, 41.0238349499 ],
					[ 28.9892368621, 41.0236782714 ],
					[ 28.9889568959, 41.0235231091 ],
					[ 28.9886754702, 41.0233694696 ],
					[ 28.9883925981, 41.0232173608 ],
					[ 28.9881082935, 41.0230667921 ],
					[ 28.9878225731, 41.0229177698 ],
					[ 28.9875354511, 41.0227703022 ],
					[ 28.9872469414, 41.0226243965 ],
					[ 28.9869570596, 41.0224800601 ],
					[ 28.9866658196, 41.0223373003 ],
					[ 28.9863732369, 41.0221961253 ],
					[ 28.9860793268, 41.0220565417 ],
					[ 28.9857841046, 41.0219185565 ],
					[ 28.9854875844, 41.0217821774 ],
					[ 28.9851897828, 41.0216474105 ],
					[ 28.984890714, 41.0215142642 ],
					[ 28.9845903932, 41.0213827441 ],
					[ 28.984288837, 41.0212528564 ],
					[ 28.9839860595, 41.0211246095 ],
					[ 28.9836820773, 41.0209980089 ],
					[ 28.9833769057, 41.020873061 ],
					[ 28.9830705601, 41.0207497732 ],
					[ 28.982763057, 41.0206281501 ],
					[ 28.9824544116, 41.0205081999 ],
					[ 28.9821446395, 41.0203899272 ],
					[ 28.981833757, 41.0202733394 ],
					[ 28.9815217796, 41.0201584411 ],
					[ 28.981208725, 41.0200452388 ],
					[ 28.9808946061, 41.0199337389 ],
					[ 28.9805794419, 41.0198239469 ],
					[ 28.9802632477, 41.0197158675 ],
					[ 28.97994604, 41.0196095071 ],
					[ 28.9796278342, 41.0195048712 ],
					[ 28.9793086469, 41.0194019646 ],
					[ 28.9789884946, 41.0193007926 ],
					[ 28.9786673938, 41.0192013609 ],
					[ 28.978345361, 41.019103675 ],
					[ 28.9780224129, 41.0190077386 ],
					[ 28.9778218375, 41.0189058354 ],
					[ 28.976960882, 41.018468417 ],
					[ 28.9761201135, 41.0180412421 ],
					[ 28.9751598563, 41.0175457041 ]
				]
			},
			"properties" : {
				"ISIM_HAT" : "Boğazdan Geliş-Boğaza Gidiş",
				"TUR_HAT" : "Şehir Hatları",
				"HAT_ROTA" : "Beykoz-Paşabahçe-Çengelköy-Ortaköy-Beşiktaş-Eminönü"
			}
		},
		{
			"type" : "Feature",
			"geometry" : {
				"type" : "LineString",
				"coordinates" : [
					[ 29.0652582174, 41.1003096605 ],
					[ 29.0641746448, 41.0983180022 ],
					[ 29.0628736613, 41.0939976956 ],
					[ 29.0628124938, 41.0916541082 ],
					[ 29.0635892796, 41.0866660384 ],
					[ 29.0638937594, 41.0842443807 ],
					[ 29.0641789033, 41.0818437972 ],
					[ 29.0643099926, 41.0807611145 ],
					[ 29.0644596838, 41.0801965088 ],
					[ 29.0646309249, 41.0799775475 ],
					[ 29.0647404273, 41.0798045202 ],
					[ 29.0648688933, 41.0796798856 ],
					[ 29.0647465613, 41.0795817664 ],
					[ 29.0645502087, 41.0794527628 ],
					[ 29.0643623348, 41.0793797654 ],
					[ 29.0640262994, 41.0793198586 ],
					[ 29.0632413945, 41.079244105 ],
					[ 29.0628662201, 41.0792290343 ],
					[ 29.0624919261, 41.0792044493 ],
					[ 29.0621189334, 41.0791703767 ],
					[ 29.0617476617, 41.0791268561 ],
					[ 29.0613785281, 41.079073935 ],
					[ 29.0610119271, 41.0790116697 ],
					[ 29.060648311, 41.0789401378 ],
					[ 29.0602880752, 41.0788594172 ],
					[ 29.059931622, 41.0787695978 ],
					[ 29.059579351, 41.0786707801 ],
					[ 29.0592316593, 41.0785630763 ],
					[ 29.0588889393, 41.0784466067 ],
					[ 29.058551576, 41.0783215041 ],
					[ 29.0582199493, 41.0781879077 ],
					[ 29.0578944322, 41.0780459683 ],
					[ 29.0575753923, 41.0778958456 ],
					[ 29.0572631868, 41.07773771 ],
					[ 29.0569581691, 41.0775717374 ],
					[ 29.0566606814, 41.0773981161 ],
					[ 29.0563710579, 41.0772170407 ],
					[ 29.0560896264, 41.0770287157 ],
					[ 29.0558167017, 41.0768333525 ],
					[ 29.0555525923, 41.0766311709 ],
					[ 29.0552975938, 41.0764224001 ],
					[ 29.0550519953, 41.0762072731 ],
					[ 29.0548160719, 41.0759860327 ],
					[ 29.0545900901, 41.0757589287 ],
					[ 29.0543576457, 41.0755075423 ],
					[ 29.0541373929, 41.0752499696 ],
					[ 29.0539296045, 41.0749865271 ],
					[ 29.053734556, 41.0747175656 ],
					[ 29.0407122814, 41.0526576433 ],
					[ 29.0405354179, 41.0523579224 ],
					[ 29.0402412942, 41.0520706899 ],
					[ 29.0399424457, 41.0517862671 ],
					[ 29.0396389182, 41.0515046986 ],
					[ 29.0393307597, 41.0512260288 ],
					[ 29.0390180197, 41.0509503003 ],
					[ 29.038700745, 41.0506775569 ],
					[ 29.0383789875, 41.0504078421 ],
					[ 29.0380527952, 41.0501411968 ],
					[ 29.0377222224, 41.0498776637 ],
					[ 29.0373873183, 41.0496172837 ],
					[ 29.0370481371, 41.0493600977 ],
					[ 29.0367047305, 41.0491061459 ],
					[ 29.0363571539, 41.048855469 ],
					[ 29.0360054614, 41.0486081045 ],
					[ 29.0356497071, 41.0483640915 ],
					[ 29.0352899475, 41.04812347 ],
					[ 29.0345704564, 41.0476599688 ],
					[ 29.0338361095, 41.0472100261 ],
					[ 29.033083633, 41.0467718034 ],
					[ 29.0323246372, 41.0463518981 ],
					[ 29.0315484221, 41.0459442277 ],
					[ 29.0307591834, 41.0455511566 ],
					[ 29.0299574003, 41.0451729218 ],
					[ 29.0291435602, 41.0448097531 ],
					[ 29.0283181567, 41.0444618705 ],
					[ 29.0274816917, 41.0441294861 ],
					[ 29.026634671, 41.0438128011 ],
					[ 29.0257776085, 41.0435120059 ],
					[ 29.0249110257, 41.0432272849 ],
					[ 29.0240354462, 41.0429588088 ],
					[ 29.0231514013, 41.0427067423 ],
					[ 29.0222594291, 41.0424712373 ],
					[ 29.0213600717, 41.0422524379 ],
					[ 29.0204538736, 41.0420504754 ],
					[ 29.019541383, 41.0418654724 ],
					[ 29.018623153, 41.0416975415 ],
					[ 29.0176997415, 41.0415467835 ],
					[ 29.0167717079, 41.0414132915 ],
					[ 29.0158396151, 41.0412971448 ],
					[ 29.0149040287, 41.0411984148 ],
					[ 29.0139655275, 41.0411171613 ],
					[ 29.01302467, 41.0410534331 ],
					[ 29.0120820247, 41.0410072693 ],
					[ 29.0111381649, 41.0409786963 ],
					[ 29.0101936508, 41.0409677333 ],
					[ 29.0092489109, 41.040974385 ],
					[ 29.0073618374, 41.0410405055 ],
					[ 29.0063342715, 41.0401880905 ],
					[ 29.0039669639, 41.0385830474 ],
					[ 28.999761347, 41.0356726181 ],
					[ 28.9963398723, 41.033476067 ],
					[ 28.9957461414, 41.0332088282 ],
					[ 28.9952438935, 41.0331329782 ],
					[ 28.9936851377, 41.0332025819 ]
				]
			},
			"properties" : {
				"ISIM_HAT" : "Küçüksu-Beşiktaş-Kabataş",
				"TUR_HAT" : "Şehir Hatları",
				"HAT_ROTA" : "Kanlıca-Küçüksu-Beşiktaş-Kabataş"
			}
		},
		{
			"type" : "Feature",
			"geometry" : {
				"type" : "LineString",
				"coordinates" : [
					[ 29.0434343512, 41.06677788 ],
					[ 29.0434928415, 41.0663384829 ],
					[ 29.0435595257, 41.0658997561 ],
					[ 29.0436343915, 41.0654617851 ],
					[ 29.0437174245, 41.065024658 ],
					[ 29.0438086066, 41.0645884619 ],
					[ 29.0439079198, 41.0641532849 ],
					[ 29.0440153435, 41.0637192133 ],
					[ 29.0441308573, 41.0632863324 ],
					[ 29.0442544384, 41.0628547303 ],
					[ 29.0443860605, 41.0624244922 ],
					[ 29.0445256971, 41.0619957043 ],
					[ 29.0446733219, 41.061568452 ],
					[ 29.0448289038, 41.0611428205 ],
					[ 29.0449924128, 41.0607188941 ],
					[ 29.0451638143, 41.060296759 ],
					[ 29.045343076, 41.0598764977 ],
					[ 29.0454747976, 41.0595799711 ],
					[ 29.0456104325, 41.0592844574 ],
					[ 29.0457499662, 41.0589899851 ],
					[ 29.045893385, 41.0586965839 ],
					[ 29.0460406753, 41.0584042843 ],
					[ 29.0461918201, 41.0581131149 ],
					[ 29.0463468058, 41.0578231035 ],
					[ 29.0465056164, 41.0575342816 ],
					[ 29.0466682361, 41.0572466767 ],
					[ 29.046834649, 41.0569603177 ],
					[ 29.0470048378, 41.0566752332 ],
					[ 29.0471787856, 41.0563914518 ],
					[ 29.0473564752, 41.0561090022 ],
					[ 29.0475378883, 41.055827913 ],
					[ 29.0477230066, 41.0555482111 ],
					[ 29.047911812, 41.0552699251 ],
					[ 29.0481042848, 41.0549930828 ],
					[ 29.0483004068, 41.0547177127 ],
					[ 29.0485001574, 41.0544438409 ],
					[ 29.0487035183, 41.054171496 ],
					[ 29.0489104665, 41.0539007047 ],
					[ 29.0491209825, 41.0536314949 ],
					[ 29.0493350457, 41.0533638923 ],
					[ 29.0495526342, 41.0530979248 ],
					[ 29.0497737251, 41.0528336174 ],
					[ 29.049998299, 41.0525709986 ],
					[ 29.0502263303, 41.0523100935 ],
					[ 29.0504577974, 41.0520509289 ],
					[ 29.0506926784, 41.0517935298 ],
					[ 29.0509309468, 41.051537922 ],
					[ 29.0511725819, 41.0512841324 ],
					[ 29.0514175572, 41.0510321851 ],
					[ 29.0509993147, 41.0507282698 ],
					[ 29.050576612, 41.0504279134 ],
					[ 29.0503015037, 41.0502360024 ],
					[ 29.0500245746, 41.0500455985 ],
					[ 29.0497458386, 41.0498567115 ],
					[ 29.0494653112, 41.0496693523 ],
					[ 29.0491830065, 41.0494835294 ],
					[ 29.0488989398, 41.0492992525 ],
					[ 29.0486131252, 41.0491165317 ],
					[ 29.048325578, 41.0489353772 ],
					[ 29.0480363136, 41.0487557969 ],
					[ 29.0477453461, 41.0485778002 ],
					[ 29.0474526908, 41.0484013979 ],
					[ 29.047158363, 41.0482265981 ],
					[ 29.0468623781, 41.0480534101 ],
					[ 29.0465647514, 41.047881843 ],
					[ 29.0462654994, 41.0477119058 ],
					[ 29.0459646362, 41.0475436068 ],
					[ 29.0456621784, 41.0473769552 ],
					[ 29.0453581413, 41.0472119591 ],
					[ 29.0450525401, 41.0470486276 ],
					[ 29.0447453927, 41.0468869699 ],
					[ 29.0444367131, 41.0467269925 ],
					[ 29.044126519, 41.0465687061 ],
					[ 29.0438148247, 41.0464121164 ],
					[ 29.0435016478, 41.0462572334 ],
					[ 29.0431870048, 41.0461040654 ],
					[ 29.0428709099, 41.0459526186 ],
					[ 29.0425533819, 41.0458029014 ],
					[ 29.0422344375, 41.045654923 ],
					[ 29.0419140907, 41.0455086896 ],
					[ 29.0415923604, 41.0453642096 ],
					[ 29.0412692632, 41.0452214903 ],
					[ 29.0409448156, 41.0450805382 ],
					[ 29.0405685379, 41.0449199995 ],
					[ 29.0401905088, 41.0447618392 ],
					[ 29.0398107532, 41.0446060675 ],
					[ 29.0394292993, 41.0444526953 ],
					[ 29.0390024761, 41.0442702448 ],
					[ 29.0385732045, 41.0440911174 ],
					[ 29.0380694041, 41.0438863818 ],
					[ 29.0375624062, 41.043686224 ],
					[ 29.0372317434, 41.0435588061 ],
					[ 29.0368997856, 41.0434333348 ],
					[ 29.0365665506, 41.0433098195 ],
					[ 29.0362320608, 41.0431882655 ],
					[ 29.0358963352, 41.043068682 ],
					[ 29.0355593938, 41.0429510747 ],
					[ 29.0352212568, 41.0428354518 ],
					[ 29.0348819453, 41.0427218197 ],
					[ 29.0345169202, 41.0426022237 ],
					[ 29.0341505949, 41.0424849325 ],
					[ 29.0337829919, 41.0423699525 ],
					[ 29.0334141396, 41.0422572939 ],
					[ 29.0330440616, 41.0421469623 ],
					[ 29.0326727851, 41.0420389669 ],
					[ 29.032300335, 41.0419333142 ],
					[ 29.0319267373, 41.0418300116 ],
					[ 29.0315520168, 41.0417290665 ],
					[ 29.0311762007, 41.0416304863 ],
					[ 29.0307993151, 41.0415342776 ],
					[ 29.030421386, 41.0414404459 ],
					[ 29.0300424382, 41.0413489996 ],
					[ 29.029662499, 41.0412599442 ],
					[ 29.0292815956, 41.0411732855 ],
					[ 29.0288997516, 41.0410890289 ],
					[ 29.0285383198, 41.0410116731 ],
					[ 29.0281760961, 41.0409364705 ],
					[ 29.0278131029, 41.0408634249 ],
					[ 29.0274493639, 41.0407925419 ],
					[ 29.0270849004, 41.0407238253 ],
					[ 29.0267197361, 41.0406572789 ],
					[ 29.0263538912, 41.0405929083 ],
					[ 29.0259873918, 41.0405307155 ],
					[ 29.0256202566, 41.040470706 ],
					[ 29.0252525119, 41.0404128818 ],
					[ 29.0248841778, 41.0403572485 ],
					[ 29.0245152779, 41.0403038081 ],
					[ 29.0241458348, 41.0402525645 ],
					[ 29.0237758722, 41.0402035213 ],
					[ 29.0234054114, 41.0401566797 ],
					[ 29.0230344772, 41.0401120444 ],
					[ 29.0226333466, 41.0400663179 ],
					[ 29.0222317193, 41.0400231702 ],
					[ 29.0218296226, 41.0399826049 ],
					[ 29.021427085, 41.0399446259 ],
					[ 29.0210365613, 41.0399102863 ],
					[ 29.0206456784, 41.0398783807 ],
					[ 29.0202992397, 41.0398521588 ],
					[ 29.0197618909, 41.0398139463 ],
					[ 29.0194555257, 41.039794717 ],
					[ 29.0191489065, 41.0397779537 ],
					[ 29.01884207, 41.0397636595 ],
					[ 29.0185350494, 41.0397518354 ],
					[ 29.0182278817, 41.0397424828 ],
					[ 29.0179205988, 41.0397356028 ],
					[ 29.0176132375, 41.0397311975 ],
					[ 29.0173058311, 41.0397292655 ],
					[ 29.0169887851, 41.0397298652 ],
					[ 29.0166717666, 41.0397330954 ],
					[ 29.0163548134, 41.0397389582 ],
					[ 29.016037965, 41.0397474511 ],
					[ 29.015721258, 41.0397585737 ],
					[ 29.0154047306, 41.0397723245 ],
					[ 29.015088422, 41.039788701 ],
					[ 29.014772369, 41.0398077036 ],
					[ 29.0144566109, 41.0398293272 ],
					[ 29.0141411834, 41.0398535713 ],
					[ 29.0138261268, 41.0398804316 ],
					[ 29.0135114782, 41.0399099059 ],
					[ 29.0131972743, 41.0399419899 ],
					[ 29.0128835545, 41.0399766803 ],
					[ 29.0125703555, 41.040013973 ],
					[ 29.0122577144, 41.0400538629 ],
					[ 29.0119456704, 41.0400963458 ],
					[ 29.0116342592, 41.0401414158 ],
					[ 29.0113235202, 41.0401890677 ],
					[ 29.0110134889, 41.0402392975 ],
					[ 29.0107042037, 41.0402920963 ],
					[ 29.0103957013, 41.0403474601 ],
					[ 29.0100880187, 41.0404053811 ],
					[ 29.0097811929, 41.0404658523 ],
					[ 29.0094752607, 41.0405288669 ],
					[ 29.0091702593, 41.0405944171 ],
					[ 29.0088662254, 41.0406624952 ],
					[ 29.0085631948, 41.0407330933 ],
					[ 29.0082612046, 41.0408062019 ],
					[ 29.0079602905, 41.0408818132 ],
					[ 29.0076604895, 41.0409599176 ],
					[ 29.0073618374, 41.0410405055 ],
					[ 29.0070651624, 41.0405392788 ],
					[ 29.0067599216, 41.0400410102 ],
					[ 29.0064461697, 41.0395457821 ],
					[ 29.0061239569, 41.0390536793 ],
					[ 29.0057933402, 41.0385647834 ],
					[ 29.0054543733, 41.0380791776 ],
					[ 29.0051071133, 41.0375969442 ],
					[ 29.0047516211, 41.037118163 ],
					[ 29.0043879549, 41.0366429155 ],
					[ 29.0040161766, 41.0361712812 ],
					[ 29.0036363496, 41.03570334 ],
					[ 29.0032485368, 41.0352391706 ],
					[ 29.0028528049, 41.034778851 ],
					[ 29.0024492196, 41.0343224581 ],
					[ 29.0020378499, 41.03387007 ],
					[ 29.0016187636, 41.0334217619 ],
					[ 29.0011920335, 41.03297761 ],
					[ 29.0007577311, 41.0325376886 ],
					[ 29.000315929, 41.0321020712 ],
					[ 28.9998667023, 41.0316708322 ],
					[ 28.999410126, 41.0312440443 ],
					[ 28.9989462775, 41.0308217782 ],
					[ 28.9984752345, 41.0304041057 ],
					[ 28.9979970777, 41.0299910968 ],
					[ 28.9975118872, 41.0295828212 ],
					[ 28.9970197439, 41.0291793473 ],
					[ 28.9965207324, 41.0287807441 ],
					[ 28.9960149349, 41.0283870771 ],
					[ 28.9955024385, 41.0279984144 ],
					[ 28.9949833278, 41.0276148188 ],
					[ 28.9944576921, 41.0272363577 ],
					[ 28.9939256185, 41.0268630929 ],
					[ 28.9933871975, 41.0264950883 ],
					[ 28.9928425197, 41.0261324048 ],
					[ 28.9922916758, 41.0257751043 ],
					[ 28.9917347598, 41.0254232471 ],
					[ 28.9911718661, 41.0250768914 ],
					[ 28.9906030875, 41.0247360958 ],
					[ 28.9900285218, 41.0244009184 ],
					[ 28.9894482644, 41.0240714151 ],
					[ 28.9888624143, 41.0237476406 ],
					[ 28.9882710693, 41.0234296507 ],
					[ 28.9876743283, 41.0231174983 ],
					[ 28.9870722927, 41.0228112356 ],
					[ 28.9864650639, 41.0225109146 ],
					[ 28.9858527444, 41.0222165859 ],
					[ 28.9852354369, 41.0219282988 ],
					[ 28.984613245, 41.0216461018 ],
					[ 28.9839862739, 41.0213700426 ],
					[ 28.9833546284, 41.0211001672 ],
					[ 28.9827184171, 41.0208365205 ],
					[ 28.9820777439, 41.0205791483 ],
					[ 28.9814327185, 41.0203280939 ],
					[ 28.9807834496, 41.0200833978 ],
					[ 28.9801300456, 41.0198451024 ],
					[ 28.9794726177, 41.019613248 ],
					[ 28.9788112744, 41.0193878726 ],
					[ 28.9775851937, 41.0188397421 ],
					[ 28.9770702326, 41.0186095169 ],
					[ 28.9764093259, 41.0183140386 ],
					[ 28.9759354673, 41.0180237061 ],
					[ 28.975507025, 41.0177632828 ],
					[ 28.9751598563, 41.0175457041 ]
				]
			},
			"properties" : {
				"ISIM_HAT" : "Boğazdan Geliş-Boğaza Gidiş",
				"TUR_HAT" : "Şehir Hatları",
				"HAT_ROTA" : "Arnavutköy-Çengelköy-Beşiktaş-Eminönü"
			}
		},
		{
			"type" : "Feature",
			"geometry" : {
				"type" : "LineString",
				"coordinates" : [
					[ 29.0445421884, 41.0450375271 ],
					[ 29.0442312994, 41.0450573394 ],
					[ 29.0439198974, 41.0450718205 ],
					[ 29.043608142, 41.0450809627 ],
					[ 29.0432961927, 41.0450847629 ],
					[ 29.0429842115, 41.0450832179 ],
					[ 29.0426723553, 41.045076328 ],
					[ 29.0423607847, 41.0450640983 ],
					[ 29.0420496591, 41.0450465336 ],
					[ 29.041739139, 41.0450236444 ],
					[ 29.0414293825, 41.0449954408 ],
					[ 29.0411205489, 41.0449619378 ],
					[ 29.0408127948, 41.0449231538 ],
					[ 29.0405062796, 41.0448791072 ],
					[ 29.0402011599, 41.0448298201 ],
					[ 29.0398975912, 41.0447753198 ],
					[ 29.0395957291, 41.044715632 ],
					[ 29.0392957288, 41.0446507896 ],
					[ 29.0389977436, 41.0445808234 ],
					[ 29.0387019262, 41.0445057709 ],
					[ 29.0384084272, 41.0444256693 ],
					[ 29.0381173984, 41.0443405613 ],
					[ 29.0378289879, 41.0442504887 ],
					[ 29.0375433448, 41.0441554987 ],
					[ 29.0372606124, 41.0440556393 ],
					[ 29.0369809388, 41.0439509622 ],
					[ 29.0367044646, 41.0438415218 ],
					[ 29.036431333, 41.0437273723 ],
					[ 29.0361616836, 41.0436085727 ],
					[ 29.0358956546, 41.0434851852 ],
					[ 29.0356333808, 41.0433572705 ],
					[ 29.035374998, 41.0432248964 ],
					[ 29.0351206384, 41.0430881298 ],
					[ 29.0348704307, 41.042947041 ],
					[ 29.0346245058, 41.0428017024 ],
					[ 29.0343829864, 41.042652187 ],
					[ 29.0341459986, 41.0424985734 ],
					[ 29.0339136626, 41.0423409391 ],
					[ 29.0336860973, 41.0421793644 ],
					[ 29.0334634205, 41.0420139332 ],
					[ 29.0332457439, 41.0418447292 ],
					[ 29.0330331804, 41.0416718408 ],
					[ 29.0328258393, 41.0414953535 ],
					[ 29.0326238263, 41.041315361 ],
					[ 29.0324272436, 41.0411319525 ],
					[ 29.0322361931, 41.0409452243 ],
					[ 29.0320507722, 41.0407552709 ],
					[ 29.0318710758, 41.0405621894 ],
					[ 29.0316971963, 41.0403660787 ],
					[ 29.0315292214, 41.0401670406 ],
					[ 29.0313672389, 41.0399651748 ],
					[ 29.0312113303, 41.0397605865 ],
					[ 29.0310615763, 41.039553379 ],
					[ 29.0309180524, 41.0393436592 ],
					[ 29.030780832, 41.039131535 ],
					[ 29.0306499872, 41.0389171141 ],
					[ 29.030525583, 41.0387005069 ],
					[ 29.0304076841, 41.038481823 ],
					[ 29.0302963497, 41.0382611763 ],
					[ 29.0301916374, 41.0380386781 ],
					[ 29.0300936014, 41.037814444 ],
					[ 29.0300022911, 41.0375885872 ],
					[ 29.0299177535, 41.0373612242 ],
					[ 29.0298400309, 41.0371324705 ],
					[ 29.0297691641, 41.0369024446 ],
					[ 29.0294044627, 41.0368946031 ],
					[ 29.0290396866, 41.0368891073 ],
					[ 29.0286748605, 41.0368859591 ],
					[ 29.0283100142, 41.036885157 ],
					[ 29.0279451714, 41.0368867031 ],
					[ 29.0275803583, 41.0368905948 ],
					[ 29.0272156034, 41.0368968342 ],
					[ 29.0268509304, 41.0369054188 ],
					[ 29.0264863678, 41.0369163497 ],
					[ 29.0261219407, 41.0369296253 ],
					[ 29.0257576762, 41.0369452441 ],
					[ 29.0253935994, 41.0369632063 ],
					[ 29.0250297375, 41.0369835094 ],
					[ 29.0246661156, 41.0370061527 ],
					[ 29.024302761, 41.0370311347 ],
					[ 29.0239396999, 41.0370584519 ],
					[ 29.0235769595, 41.0370881047 ],
					[ 29.0232145637, 41.0371200895 ],
					[ 29.0228525385, 41.0371544041 ],
					[ 29.0224909127, 41.0371910466 ],
					[ 29.022129711, 41.0372300139 ],
					[ 29.0217689586, 41.0372713034 ],
					[ 29.0214086827, 41.0373149127 ],
					[ 29.0210489096, 41.0373608374 ],
					[ 29.020689663, 41.0374090742 ],
					[ 29.0203309715, 41.0374596215 ],
					[ 29.0199728589, 41.0375124733 ],
					[ 29.0196153537, 41.037567627 ],
					[ 29.0192584786, 41.0376250793 ],
					[ 29.018902261, 41.037684824 ],
					[ 29.0185467258, 41.0377468589 ],
					[ 29.0181918993, 41.0378111785 ],
					[ 29.0178378076, 41.0378777779 ],
					[ 29.0174844757, 41.0379466526 ],
					[ 29.0171319287, 41.0380177984 ],
					[ 29.0167801928, 41.0380912093 ],
					[ 29.0164292918, 41.0381668801 ],
					[ 29.0160792531, 41.0382448055 ],
					[ 29.0157301005, 41.0383249795 ],
					[ 29.0153818602, 41.0384073969 ],
					[ 29.0150345562, 41.0384920508 ],
					[ 29.0146882146, 41.0385789368 ],
					[ 29.0143428604, 41.0386680471 ],
					[ 29.0139985176, 41.0387593756 ],
					[ 29.013655211, 41.0388529163 ],
					[ 29.0133129671, 41.038948662 ],
					[ 29.0129718084, 41.039046605 ],
					[ 29.0126317612, 41.0391467401 ],
					[ 29.0122928493, 41.0392490584 ],
					[ 29.0119550967, 41.039353554 ],
					[ 29.0116185295, 41.039460218 ],
					[ 29.0112831692, 41.0395690424 ],
					[ 29.0109490434, 41.0396800214 ],
					[ 29.0106161735, 41.0397931451 ],
					[ 29.0102845845, 41.0399084056 ],
					[ 29.0099542992, 41.0400257961 ],
					[ 29.0096253439, 41.0401453058 ],
					[ 29.0092977412, 41.0402669278 ],
					[ 29.0089715138, 41.0403906534 ],
					[ 29.0086466856, 41.0405164719 ],
					[ 29.0083232806, 41.0406443763 ],
					[ 29.0080013226, 41.040774356 ],
					[ 29.0076808331, 41.0409064023 ],
					[ 29.0073618374, 41.0410405055 ],
					[ 29.007255468, 41.0407719384 ],
					[ 29.0071460932, 41.0405040639 ],
					[ 29.0070337201, 41.0402369018 ],
					[ 29.0069183577, 41.0399704712 ],
					[ 29.0068000142, 41.0397047917 ],
					[ 29.0066786988, 41.0394398825 ],
					[ 29.0065544184, 41.0391757616 ],
					[ 29.0064271835, 41.038912448 ],
					[ 29.0062970021, 41.0386499625 ],
					[ 29.0061638847, 41.0383883222 ],
					[ 29.0060278417, 41.038127547 ],
					[ 29.0058888801, 41.0378676542 ],
					[ 29.0057470125, 41.0376086644 ],
					[ 29.0056022484, 41.037350595 ],
					[ 29.0054545981, 41.0370934657 ],
					[ 29.0053040722, 41.0368372937 ],
					[ 29.005150681, 41.0365820972 ],
					[ 29.0049944373, 41.0363278961 ],
					[ 29.0048353506, 41.0360747084 ],
					[ 29.0046734335, 41.0358225514 ],
					[ 29.0045086965, 41.0355714431 ],
					[ 29.0043411525, 41.0353214034 ],
					[ 29.0041708144, 41.0350724486 ],
					[ 29.0039976925, 41.0348245969 ],
					[ 29.0038218008, 41.0345778664 ],
					[ 29.0036431511, 41.0343322751 ],
					[ 29.0034617562, 41.0340878402 ],
					[ 29.0032776312, 41.0338445791 ],
					[ 29.0030907867, 41.0336025096 ],
					[ 29.0029012367, 41.0333616501 ],
					[ 29.0027089963, 41.0331220168 ],
					[ 29.0025140785, 41.0328836269 ],
					[ 29.0023164972, 41.0326464977 ],
					[ 29.0021162665, 41.0324106472 ],
					[ 29.0019134016, 41.0321760908 ],
					[ 29.0017079165, 41.0319428459 ],
					[ 29.0014998265, 41.0317109305 ],
					[ 29.0012891456, 41.03148036 ],
					[ 29.0010758902, 41.0312511508 ],
					[ 29.0008600754, 41.0310233201 ],
					[ 29.0006417155, 41.030796885 ],
					[ 29.0004208278, 41.0305718603 ],
					[ 29.0001974278, 41.0303482621 ],
					[ 28.9999715318, 41.0301261087 ],
					[ 28.9997431561, 41.0299054136 ],
					[ 28.9995123161, 41.0296861941 ],
					[ 28.9992790294, 41.0294684647 ],
					[ 28.9990433123, 41.0292522427 ],
					[ 28.9988051825, 41.0290375426 ],
					[ 28.9985646564, 41.0288243807 ],
					[ 28.9983217516, 41.0286127707 ],
					[ 28.9980764857, 41.0284027299 ],
					[ 28.9978288763, 41.0281942718 ],
					[ 28.9975789411, 41.027987412 ],
					[ 28.9973266988, 41.0277821658 ],
					[ 28.9970721659, 41.027578547 ],
					[ 28.9968153635, 41.0273765709 ],
					[ 28.9965563069, 41.0271762522 ],
					[ 28.9962950173, 41.0269776045 ],
					[ 28.9960315122, 41.0267806432 ],
					[ 28.9957658106, 41.026585382 ],
					[ 28.9954979324, 41.0263918345 ],
					[ 28.9952278964, 41.0262000154 ],
					[ 28.9949557226, 41.0260099374 ],
					[ 28.9946814298, 41.025821615 ],
					[ 28.994405038, 41.0256350619 ],
					[ 28.9941265661, 41.0254502908 ],
					[ 28.9938460365, 41.0252673164 ],
					[ 28.9935634678, 41.0250861497 ],
					[ 28.9932788803, 41.0249068059 ],
					[ 28.9929922949, 41.0247292963 ],
					[ 28.9927037331, 41.0245536343 ],
					[ 28.9924132135, 41.0243798329 ],
					[ 28.9921207598, 41.0242079038 ],
					[ 28.9918263895, 41.0240378598 ],
					[ 28.9915301275, 41.0238697129 ],
					[ 28.9912319927, 41.0237034757 ],
					[ 28.9909320073, 41.0235391602 ],
					[ 28.9906301925, 41.0233767783 ],
					[ 28.990326571, 41.02321634 ],
					[ 28.9900211636, 41.0230578591 ],
					[ 28.9897139931, 41.0229013455 ],
					[ 28.9894050816, 41.0227468112 ],
					[ 28.9890944504, 41.0225942672 ],
					[ 28.9887821232, 41.0224437245 ],
					[ 28.9884681211, 41.0222951931 ],
					[ 28.9881524678, 41.0221486849 ],
					[ 28.9878351844, 41.0220042101 ],
					[ 28.9875162958, 41.0218617787 ],
					[ 28.9871958243, 41.0217214008 ],
					[ 28.9868737925, 41.0215830875 ],
					[ 28.9865502238, 41.0214468478 ],
					[ 28.9862251407, 41.0213126919 ],
					[ 28.985898568, 41.0211806291 ],
					[ 28.9855705282, 41.0210506693 ],
					[ 28.9852410459, 41.0209228219 ],
					[ 28.9849101438, 41.020797095 ],
					[ 28.9845778465, 41.0206734998 ],
					[ 28.9842441764, 41.0205520435 ],
					[ 28.9839091597, 41.0204327346 ],
					[ 28.9835728186, 41.0203155831 ],
					[ 28.9832351781, 41.0202005964 ],
					[ 28.982896263, 41.0200877828 ],
					[ 28.9825560968, 41.0199771516 ],
					[ 28.9822147044, 41.0198687092 ],
					[ 28.9818721094, 41.0197624639 ],
					[ 28.981528339, 41.0196584233 ],
					[ 28.9811834157, 41.0195565955 ],
					[ 28.9808373642, 41.0194569871 ],
					[ 28.9804902107, 41.0193596055 ],
					[ 28.9801419787, 41.0192644572 ],
					[ 28.9797926954, 41.0191715505 ],
					[ 28.9794423845, 41.0190808911 ],
					[ 28.9790910709, 41.0189924846 ],
					[ 28.9787387793, 41.0189063392 ],
					[ 28.978385537, 41.0188224598 ],
					[ 28.9780313688, 41.0187408537 ],
					[ 28.9776762995, 41.0186615256 ],
					[ 28.9774320901, 41.0185890212 ],
					[ 28.9771899609, 41.0185092646 ],
					[ 28.9768355423, 41.0183774386 ],
					[ 28.9765494883, 41.0182627462 ],
					[ 28.9760615386, 41.0180339288 ],
					[ 28.9751598563, 41.0175457041 ]
				]
			},
			"properties" : {
				"ISIM_HAT" : "Boğazdan Geliş-Boğaza Gidiş",
				"TUR_HAT" : "Şehir Hatları",
				"HAT_ROTA" : "Beylerbeyi-Kuzguncuk-Beşiktaş-Eminönü"
			}
		},
		{
			"type" : "Feature",
			"geometry" : {
				"type" : "LineString",
				"coordinates" : [
					[ 29.0514175572, 41.0510321851 ],
					[ 29.0508189588, 41.0508483705 ],
					[ 29.0502217385, 41.0506620079 ],
					[ 29.0496259154, 41.0504731027 ],
					[ 29.0490315083, 41.0502816624 ],
					[ 29.0484385352, 41.0500876916 ],
					[ 29.0478470162, 41.0498911978 ],
					[ 29.0472569692, 41.0496921865 ],
					[ 29.046668413, 41.0494906632 ],
					[ 29.0460813668, 41.0492866355 ],
					[ 29.0454958482, 41.0490801097 ],
					[ 29.0449118775, 41.0488710923 ],
					[ 29.0443294713, 41.0486595898 ],
					[ 29.0437486486, 41.0484456087 ],
					[ 29.0431694284, 41.0482291555 ],
					[ 29.0425918284, 41.0480102384 ],
					[ 29.0420158676, 41.047788863 ],
					[ 29.0412490449, 41.0474893111 ],
					[ 29.0404852231, 41.047185403 ],
					[ 29.0397244449, 41.0468771553 ],
					[ 29.0389667542, 41.0465645863 ],
					[ 29.0382121923, 41.0462477119 ],
					[ 29.037460802, 41.0459265522 ],
					[ 29.0367126271, 41.045601124 ],
					[ 29.0359677091, 41.0452714455 ],
					[ 29.0353109414, 41.0449760307 ],
					[ 29.0346567885, 41.0446773115 ],
					[ 29.0340052789, 41.0443753025 ],
					[ 29.0333564432, 41.0440700166 ],
					[ 29.0329121287, 41.0438583324 ],
					[ 29.0324691002, 41.0436451113 ],
					[ 29.032027366, 41.0434303578 ],
					[ 29.0315869344, 41.0432140775 ],
					[ 29.0313216496, 41.0430678101 ],
					[ 29.0310530159, 41.0429250904 ],
					[ 29.0307811135, 41.0427859633 ],
					[ 29.0305060299, 41.0426504709 ],
					[ 29.0302242602, 41.0425169899 ],
					[ 29.0299394029, 41.0423873226 ],
					[ 29.0296515454, 41.0422615102 ],
					[ 29.0293607798, 41.0421395922 ],
					[ 29.0291237813, 41.0420439538 ],
					[ 29.0288849923, 41.0419509029 ],
					[ 29.0286444639, 41.041860459 ],
					[ 29.0284022432, 41.0417726404 ],
					[ 29.0281583822, 41.0416874655 ],
					[ 29.0279129319, 41.041604951 ],
					[ 29.0276659395, 41.0415251153 ],
					[ 29.0274174595, 41.0414479741 ],
					[ 29.0271500983, 41.0413684643 ],
					[ 29.0268811551, 41.0412920748 ],
					[ 29.0266563101, 41.0412309289 ],
					[ 29.0264470043, 41.0411375286 ],
					[ 29.0260869028, 41.0409739854 ],
					[ 29.0257268366, 41.0408014018 ],
					[ 29.0239948452, 41.0398997895 ],
					[ 29.0234153589, 41.0395089287 ],
					[ 29.0230310931, 41.0393102242 ],
					[ 29.0225722377, 41.0390729459 ],
					[ 29.0219955066, 41.038805908 ],
					[ 29.0214429475, 41.0385409752 ],
					[ 29.0211552911, 41.0384272488 ],
					[ 29.0205778636, 41.0382192641 ],
					[ 29.0198972053, 41.0379647301 ],
					[ 29.0194285128, 41.0377869259 ],
					[ 29.0189004091, 41.0375850558 ],
					[ 29.0184779514, 41.0373556221 ],
					[ 29.0182281992, 41.037219983 ],
					[ 29.0177492687, 41.0370095653 ],
					[ 29.0170518502, 41.036699827 ],
					[ 29.0162640778, 41.0363406155 ],
					[ 29.0150845477, 41.0358152042 ],
					[ 29.0143677625, 41.0354719714 ],
					[ 29.0138779916, 41.0352324697 ],
					[ 29.0137048667, 41.0351478092 ],
					[ 29.013121869, 41.034941173 ],
					[ 29.0124975398, 41.0347198834 ],
					[ 29.0118713613, 41.0344979325 ],
					[ 29.011125094, 41.0342334097 ],
					[ 29.010501358, 41.0340123143 ],
					[ 29.0096417482, 41.0337076017 ],
					[ 29.0088111806, 41.0334131742 ],
					[ 29.0074911763, 41.0329038158 ],
					[ 29.0069964987, 41.0326989888 ],
					[ 29.0057331824, 41.0321766965 ],
					[ 29.004863504, 41.031815756 ],
					[ 29.0034504757, 41.0312306143 ],
					[ 29.0024464077, 41.0308148083 ],
					[ 29.0015848471, 41.0303730511 ],
					[ 29.0007933009, 41.0299671828 ],
					[ 29.0000673665, 41.0295949479 ],
					[ 28.9994425381, 41.0292745502 ],
					[ 28.9991031572, 41.0291005197 ],
					[ 28.9984120789, 41.0287408347 ],
					[ 28.9978592603, 41.0284381266 ],
					[ 28.9970693521, 41.0279441956 ],
					[ 28.9965812576, 41.0276221908 ],
					[ 28.9959768258, 41.0272271785 ],
					[ 28.9957144113, 41.0270320809 ],
					[ 28.9954499745, 41.026838557 ],
					[ 28.9951835307, 41.0266466187 ],
					[ 28.9949150963, 41.0264562779 ],
					[ 28.9946446889, 41.0262675462 ],
					[ 28.9943723251, 41.0260804357 ],
					[ 28.9940980214, 41.0258949581 ],
					[ 28.9938217953, 41.0257111244 ],
					[ 28.9935436633, 41.0255289464 ],
					[ 28.9932636443, 41.025348436 ],
					[ 28.9929817548, 41.025169604 ],
					[ 28.9926980124, 41.0249924607 ],
					[ 28.9924124336, 41.0248170177 ],
					[ 28.9921250384, 41.0246432869 ],
					[ 28.9918358421, 41.0244712775 ],
					[ 28.9915448659, 41.0243010005 ],
					[ 28.9912521252, 41.0241324677 ],
					[ 28.9909576387, 41.0239656882 ],
					[ 28.9906614254, 41.0238006739 ],
					[ 28.990363504, 41.023637433 ],
					[ 28.9900638924, 41.0234759775 ],
					[ 28.9897626092, 41.0233163163 ],
					[ 28.9894596734, 41.0231584598 ],
					[ 28.9891551039, 41.0230024177 ],
					[ 28.9888489194, 41.0228481994 ],
					[ 28.9885411389, 41.0226958158 ],
					[ 28.9882317812, 41.0225452751 ],
					[ 28.9879208676, 41.0223965866 ],
					[ 28.9876084146, 41.0222497593 ],
					[ 28.9872944433, 41.0221048042 ],
					[ 28.9869789727, 41.0219617287 ],
					[ 28.9866620241, 41.0218205411 ],
					[ 28.9863436138, 41.0216812523 ],
					[ 28.9860237644, 41.0215438697 ],
					[ 28.9857024947, 41.0214084016 ],
					[ 28.985379826, 41.0212748562 ],
					[ 28.985055776, 41.0211432427 ],
					[ 28.984730367, 41.0210135693 ],
					[ 28.9844036169, 41.0208858435 ],
					[ 28.9840755491, 41.0207600735 ],
					[ 28.9837461815, 41.0206362676 ],
					[ 28.9834155365, 41.0205144322 ],
					[ 28.9830836329, 41.0203945757 ],
					[ 28.9827504921, 41.0202767053 ],
					[ 28.9824161352, 41.0201608295 ],
					[ 28.9820805824, 41.0200469537 ],
					[ 28.9817438548, 41.0199350862 ],
					[ 28.9814059728, 41.0198252326 ],
					[ 28.9810669585, 41.0197174021 ],
					[ 28.9807268334, 41.0196115994 ],
					[ 28.9803856164, 41.019507831 ],
					[ 28.9800433298, 41.019406105 ],
					[ 28.9796999962, 41.0193064263 ],
					[ 28.9793556356, 41.0192088013 ],
					[ 28.9790102693, 41.0191132365 ],
					[ 28.9786639187, 41.0190197383 ],
					[ 28.9783166061, 41.0189283105 ],
					[ 28.9779949656, 41.0188086807 ],
					[ 28.9776376133, 41.0186757678 ],
					[ 28.9771263491, 41.0184856047 ],
					[ 28.9769127215, 41.0184061464 ],
					[ 28.9766954502, 41.0183253317 ],
					[ 28.9764074529, 41.0182183925 ],
					[ 28.976120978, 41.0180977326 ],
					[ 28.9759354673, 41.0180237061 ],
					[ 28.9753921685, 41.0176934681 ],
					[ 28.9751598563, 41.0175457041 ]
				]
			},
			"properties" : {
				"ISIM_HAT" : "Boğazdan Geliş-Boğaza Gidiş",
				"TUR_HAT" : "Şehir Hatları",
				"HAT_ROTA" : "Eminönü-Çengelköy"
			}
		},
		{
			"type" : "Feature",
			"geometry" : {
				"type" : "LineString",
				"coordinates" : [
					[ 28.9704218766, 41.0188235919 ],
					[ 28.9716608661, 41.0200747207 ],
					[ 28.9732871666, 41.021748404 ],
					[ 28.9742794539, 41.0215006664 ],
					[ 28.9751880223, 41.02133245 ],
					[ 28.9761643803, 41.0212553608 ],
					[ 28.9777724005, 41.0212382667 ],
					[ 28.9787906254, 41.0212780983 ],
					[ 28.9814535557, 41.0213822255 ],
					[ 28.9840467832, 41.0215171605 ],
					[ 28.9872433036, 41.0217218244 ],
					[ 28.9912029346, 41.0220978406 ],
					[ 28.9947391115, 41.0225845624 ],
					[ 28.9990212052, 41.0233336204 ],
					[ 29.0030512645, 41.0242550133 ],
					[ 29.0067165251, 41.0252695736 ],
					[ 29.0116054373, 41.0269300041 ],
					[ 29.0133498953, 41.0275816253 ],
					[ 29.0149805884, 41.0282393469 ],
					[ 29.0156882258, 41.0285247536 ],
					[ 29.0164448905, 41.0288618545 ]
				]
			},
			"properties" : {
				"ISIM_HAT" : "Üsküdar-Karaköy-Eminönü",
				"TUR_HAT" : "Özel Motor",
				"HAT_ROTA" : "Üsküdar-Karaköy-Eminönü"
			}
		},
		{
			"type" : "Feature",
			"geometry" : {
				"type" : "LineString",
				"coordinates" : [
					[ 29.0216222908, 40.9916827412 ],
					[ 29.0212730363, 40.991787032 ],
					[ 29.0208429681, 40.991926953 ],
					[ 29.0203367301, 40.9921009931 ],
					[ 29.0197609504, 40.9923068763 ],
					[ 29.0191222316, 40.9925422645 ],
					[ 29.0184321544, 40.9928029105 ],
					[ 29.0177024128, 40.9930843983 ],
					[ 29.0169460568, 40.9933816922 ],
					[ 29.0161810161, 40.993687699 ],
					[ 29.0154161738, 40.9939988214 ],
					[ 29.0146641372, 40.9943099293 ],
					[ 29.0139358921, 40.9946164778 ],
					[ 29.0132430846, 40.9949135435 ],
					[ 29.0125916687, 40.9951985515 ],
					[ 29.011988397, 40.9954685465 ],
					[ 29.0114383102, 40.9957212737 ],
					[ 29.0107926112, 40.9960291278 ],
					[ 29.0102563753, 40.9962993972 ],
					[ 29.0098397497, 40.9965265869 ],
					[ 29.0096824404, 40.9966199038 ],
					[ 29.0095156823, 40.9967256059 ],
					[ 29.0092486065, 40.9969014564 ],
					[ 29.0089841724, 40.9970829487 ],
					[ 29.0087223762, 40.9972700891 ],
					[ 29.0084632083, 40.997462881 ],
					[ 29.0082066639, 40.9976613299 ],
					[ 29.0079527321, 40.9978654429 ],
					[ 29.0077014044, 40.998075228 ],
					[ 29.0074526724, 40.9982906916 ],
					[ 29.0071593028, 40.9985551937 ],
					[ 29.0068695921, 40.9988278098 ],
					[ 29.0065835221, 40.999108557 ],
					[ 29.0063010687, 40.9993974593 ],
					[ 29.0060222125, 40.9996945365 ],
					[ 29.0057469219, 40.9999998215 ],
					[ 29.0054751669, 41.0003133476 ],
					[ 29.0052069157, 41.0006351522 ],
					[ 29.0049421976, 41.000965195 ],
					[ 29.0046809035, 41.001303605 ],
					[ 29.0044229921, 41.0016504401 ],
					[ 29.0041684102, 41.0020057667 ],
					[ 29.0039171186, 41.0023696421 ],
					[ 29.0036690409, 41.0027421763 ],
					[ 29.0034241065, 41.0031234705 ],
					[ 29.0031822374, 41.0035136511 ],
					[ 29.0029407842, 41.0039172135 ],
					[ 29.0027022623, 41.0043301833 ],
					[ 29.0024665496, 41.0047527685 ],
					[ 29.0022334995, 41.005185236 ],
					[ 29.002003002, 41.0056277786 ],
					[ 29.0017747915, 41.0060809044 ],
					[ 29.001548635, 41.0065450745 ],
					[ 29.0013242209, 41.0070209261 ],
					[ 29.0010806069, 41.0075550703 ],
					[ 29.0008379996, 41.0081054775 ],
					[ 29.0005956283, 41.0086738987 ],
					[ 29.0003522421, 41.0092632565 ],
					[ 29.0001539071, 41.0097576522 ],
					[ 28.999999348, 41.0101615871 ],
					[ 28.9998430623, 41.0105933376 ],
					[ 28.9996941724, 41.0110296993 ],
					[ 28.9995567515, 41.011457598 ],
					[ 28.9994264037, 41.0118895388 ],
					[ 28.9993031742, 41.012325369 ],
					[ 28.9991871095, 41.0127649269 ],
					[ 28.9990782515, 41.0132080554 ],
					[ 28.9989766419, 41.0136545828 ],
					[ 28.9988823193, 41.0141043384 ],
					[ 28.998795322, 41.014557148 ],
					[ 28.9987156785, 41.0150128658 ],
					[ 28.9986434256, 41.0154712788 ],
					[ 28.9985785934, 41.0159322027 ],
					[ 28.99852121, 41.0163954496 ],
					[ 28.9984712961, 41.0168608314 ],
					[ 28.9984288751, 41.0173281521 ],
					[ 28.9983939644, 41.0177972165 ],
					[ 28.9983665779, 41.0182678256 ],
					[ 28.9983467235, 41.0187399327 ],
					[ 28.9983344198, 41.0192131833 ],
					[ 28.9983296714, 41.0196873728 ],
					[ 28.9983324814, 41.0201622944 ],
					[ 28.9983428485, 41.0206377445 ],
					[ 28.9983607687, 41.0211135113 ],
					[ 28.9983862336, 41.0215893887 ],
					[ 28.9984192322, 41.0220651668 ],
					[ 28.9984597512, 41.0225406365 ],
					[ 28.9985077725, 41.0230155896 ],
					[ 28.9985632744, 41.0234898162 ],
					[ 28.9986262342, 41.0239631081 ],
					[ 28.9986966218, 41.0244352587 ],
					[ 28.9987744096, 41.0249060607 ],
					[ 28.9988595629, 41.0253753113 ],
					[ 28.9989520443, 41.0258428065 ],
					[ 28.9990454484, 41.0262796839 ],
					[ 28.9991452351, 41.0267146752 ],
					[ 28.9992513679, 41.0271476163 ],
					[ 28.9993638053, 41.0275783474 ],
					[ 28.999482507, 41.0280067069 ],
					[ 28.9996074302, 41.0284325415 ],
					[ 28.9997385287, 41.0288556957 ],
					[ 28.9998757574, 41.0292760189 ],
					[ 29.0001430757, 41.0300387021 ],
					[ 29.0004305143, 41.0307904774 ],
					[ 29.0010515645, 41.0322881003 ],
					[ 29.0011757622, 41.0325750041 ],
					[ 29.001290049, 41.0328238621 ],
					[ 29.0014137396, 41.0330739414 ],
					[ 29.0015375441, 41.033303406 ],
					[ 29.0016614908, 41.0335128909 ],
					[ 29.001799088, 41.0337249999 ],
					[ 29.0019850608, 41.0339983586 ],
					[ 29.0021909757, 41.0342901568 ],
					[ 29.0030394186, 41.0354552725 ],
					[ 29.0032336494, 41.0357358824 ],
					[ 29.0034051193, 41.0359964874 ],
					[ 29.0035414255, 41.0362154993 ],
					[ 29.0036679619, 41.0364309014 ],
					[ 29.003809272, 41.036688694 ],
					[ 29.0039813859, 41.0370260102 ],
					[ 29.0040442979, 41.0371337241 ],
					[ 29.0041171356, 41.0372463844 ],
					[ 29.0042338131, 41.0374101442 ],
					[ 29.0043758443, 41.0375930619 ],
					[ 29.0048806435, 41.0381977587 ],
					[ 29.0050619696, 41.0384233661 ],
					[ 29.0052233957, 41.0386412683 ],
					[ 29.0053551144, 41.0388413265 ],
					[ 29.0054414093, 41.0389916395 ],
					[ 29.0055130468, 41.0391369248 ],
					[ 29.0055706452, 41.0392784404 ],
					[ 29.0056145173, 41.0394169652 ],
					[ 29.0056449056, 41.0395533809 ],
					[ 29.0056618233, 41.0396879029 ],
					[ 29.0056653203, 41.0398209251 ],
					[ 29.0056554004, 41.0399527438 ]
				]
			},
			"properties" : {
				"ISIM_HAT" : "Kadıköy-Beşiktaş",
				"TUR_HAT" : "Şehir Hatları",
				"HAT_ROTA" : "Kadıköy-Beşiktaş"
			}
		},
		{
			"type" : "Feature",
			"geometry" : {
				"type" : "LineString",
				"coordinates" : [
					[ 29.0227098869, 40.9929933787 ],
					[ 29.0220273429, 40.9929773211 ],
					[ 29.0213525969, 40.9929761767 ],
					[ 29.0206877774, 40.9929915963 ],
					[ 29.0200328863, 40.9930235809 ],
					[ 29.019387922, 40.9930721307 ],
					[ 29.018752884, 40.9931372449 ],
					[ 29.0181277729, 40.9932189247 ],
					[ 29.0175125861, 40.9933171692 ],
					[ 29.0172021782, 40.9933737453 ],
					[ 29.0168943594, 40.9934346432 ],
					[ 29.0165891295, 40.9934998629 ],
					[ 29.0162864897, 40.9935694063 ],
					[ 29.0159864399, 40.9936432705 ],
					[ 29.0156889789, 40.9937214576 ],
					[ 29.0153941078, 40.9938039673 ],
					[ 29.0151018254, 40.9938907999 ],
					[ 29.0148137749, 40.9939814228 ],
					[ 29.014528284, 40.9940763187 ],
					[ 29.0142900315, 40.9941601129 ],
					[ 29.0140519999, 40.994249223 ],
					[ 29.0138036735, 40.9943478945 ],
					[ 29.013554229, 40.9944528014 ],
					[ 29.0133035777, 40.9945639817 ],
					[ 29.0130516144, 40.9946814821 ],
					[ 29.0127585791, 40.9948252464 ],
					[ 29.0124634291, 40.9949776298 ],
					[ 29.0121659285, 40.9951387519 ],
					[ 29.0118657835, 40.9953087721 ],
					[ 29.011562782, 40.9954878076 ],
					[ 29.0112563818, 40.9956761704 ],
					[ 29.010946103, 40.9958741583 ],
					[ 29.0106312856, 40.9960821913 ],
					[ 29.0103146533, 40.9962983533 ],
					[ 29.0099917627, 40.9965255677 ],
					[ 29.0096613319, 40.9967647328 ],
					[ 29.0093213013, 40.9970173382 ],
					[ 29.0085904515, 40.9975796611 ],
					[ 29.0078163878, 40.9981989944 ],
					[ 29.0073981547, 40.9985581116 ],
					[ 29.0069895767, 40.998934617 ],
					[ 29.0065901136, 40.9993290066 ],
					[ 29.0061991197, 40.9997419206 ],
					[ 29.0058161124, 41.0001738385 ],
					[ 29.005440006, 41.0006259648 ],
					[ 29.0050698525, 41.0010994322 ],
					[ 29.0047044133, 41.0015958229 ],
					[ 29.0044688182, 41.0019315557 ],
					[ 29.0042341014, 41.002278507 ],
					[ 29.0039997034, 41.0026375049 ],
					[ 29.0037648857, 41.0030096766 ],
					[ 29.0035292348, 41.0033956435 ],
					[ 29.0032911592, 41.003797978 ],
					[ 29.0030492759, 41.00421901 ],
					[ 29.0028013886, 41.00466256 ],
					[ 29.002459601, 41.0052921848 ],
					[ 29.0020883133, 41.0059959251 ],
					[ 29.0007546237, 41.0085925157 ],
					[ 29.0004306845, 41.0092119155 ],
					[ 28.9997485429, 41.0104958071 ],
					[ 28.9991767671, 41.0116149398 ],
					[ 28.9987523302, 41.0124804478 ],
					[ 28.9983501739, 41.0133330192 ],
					[ 28.9979698974, 41.0141735062 ],
					[ 28.9976111968, 41.0150025845 ],
					[ 28.9972676783, 41.0158358574 ],
					[ 28.996930483, 41.016694346 ],
					[ 28.9966096242, 41.0175526786 ],
					[ 28.9964167, 41.0180959649 ],
					[ 28.9963570225, 41.0184054797 ],
					[ 28.996317907, 41.018811411 ],
					[ 28.9964138155, 41.0203769499 ],
					[ 28.9965566973, 41.0215426693 ],
					[ 28.9967238551, 41.022906404 ],
					[ 28.9973146134, 41.0259596583 ],
					[ 28.9974549003, 41.0270954422 ],
					[ 28.9976628842, 41.0287792478 ],
					[ 28.9976368252, 41.0297408654 ],
					[ 28.9975190653, 41.030244913 ],
					[ 28.9971932521, 41.03077574 ],
					[ 28.9968915064, 41.0310723814 ],
					[ 28.9962531786, 41.0315632835 ],
					[ 28.9936851377, 41.0332025819 ]
				]
			},
			"properties" : {
				"ISIM_HAT" : "Kadıköy-Kabataş",
				"TUR_HAT" : "Şehir Hatları",
				"HAT_ROTA" : "Kadıköy-Kabataş"
			}
		},
		{
			"type" : "Feature",
			"geometry" : {
				"type" : "LineString",
				"coordinates" : [
					[ 29.015867984, 41.0281091336 ],
					[ 29.0131369146, 41.0290650683 ],
					[ 29.0099972465, 41.0300265628 ],
					[ 29.0071323578, 41.0309038093 ],
					[ 29.0050634644, 41.0314717416 ],
					[ 29.0029940924, 41.0320435061 ],
					[ 29.0012016536, 41.0325044693 ],
					[ 28.9994163229, 41.0328695802 ],
					[ 28.9976035792, 41.0331884701 ],
					[ 28.9957538836, 41.0332940547 ],
					[ 28.9936851377, 41.0332025819 ]
				]
			},
			"properties" : {
				"ISIM_HAT" : "Üsküdar-Kabataş",
				"TUR_HAT" : "Özel Motor",
				"HAT_ROTA" : "Üsküdar-Kabataş"
			}
		},
		{
			"type" : "Feature",
			"geometry" : {
				"type" : "LineString",
				"coordinates" : [
					[ 28.9768197577, 41.0167315388 ],
					[ 28.9770684868, 41.0168565974 ],
					[ 28.9773193039, 41.0169792401 ],
					[ 28.9775721686, 41.0170994467 ],
					[ 28.9778270399, 41.017217198 ],
					[ 28.9780838761, 41.0173324746 ],
					[ 28.9783426362, 41.0174452581 ],
					[ 28.9786032763, 41.0175555293 ],
					[ 28.978865755, 41.0176632706 ],
					[ 28.9791300287, 41.0177684646 ],
					[ 28.979396056, 41.0178710946 ],
					[ 28.9796637919, 41.0179711423 ],
					[ 28.9799331927, 41.0180685928 ],
					[ 28.9802042157, 41.0181634296 ],
					[ 28.9804768149, 41.0182556378 ],
					[ 28.9807509477, 41.0183452016 ],
					[ 28.981026569, 41.0184321073 ],
					[ 28.9813036328, 41.0185163391 ],
					[ 28.9815820939, 41.0185978848 ],
					[ 28.9818619087, 41.0186767315 ],
					[ 28.9821430296, 41.0187528643 ],
					[ 28.9824254129, 41.0188262721 ],
					[ 28.98270901, 41.0188969435 ],
					[ 28.9829937759, 41.0189648656 ],
					[ 28.9832796643, 41.019030028 ],
					[ 28.9835666278, 41.0190924204 ],
					[ 28.9838546214, 41.0191520317 ],
					[ 28.9841435963, 41.0192088532 ],
					[ 28.9844335053, 41.0192628746 ],
					[ 28.984724302, 41.0193140883 ],
					[ 28.9850159389, 41.019362485 ],
					[ 28.9853083686, 41.0194080569 ],
					[ 28.9856015436, 41.0194507973 ],
					[ 28.985895414, 41.0194906986 ],
					[ 28.9861899348, 41.0195277541 ],
					[ 28.9864850548, 41.0195619579 ],
					[ 28.986780729, 41.0195933042 ],
					[ 28.9870769074, 41.019621789 ],
					[ 28.9873735425, 41.0196474064 ],
					[ 28.9876705844, 41.0196701533 ],
					[ 28.9879679868, 41.0196900249 ],
					[ 28.9882656998, 41.0197070187 ],
					[ 28.9885636745, 41.0197211318 ],
					[ 28.9888618634, 41.0197323619 ],
					[ 28.9891602179, 41.0197407068 ],
					[ 28.9894586879, 41.0197461651 ],
					[ 28.989757227, 41.0197487364 ],
					[ 28.9900557841, 41.0197484202 ],
					[ 28.9903543116, 41.0197452163 ],
					[ 28.9906527607, 41.0197391249 ],
					[ 28.9909510825, 41.0197301485 ],
					[ 28.9912492296, 41.0197182865 ],
					[ 28.9915471507, 41.0197035422 ],
					[ 28.9918448004, 41.0196859178 ],
					[ 28.9921421278, 41.0196654166 ],
					[ 28.992439085, 41.0196420407 ],
					[ 28.9927356244, 41.0196157943 ],
					[ 28.9930316972, 41.0195866824 ],
					[ 28.9933272546, 41.019554709 ],
					[ 28.9936222476, 41.01951988 ],
					[ 28.993916631, 41.0194822005 ],
					[ 28.9942103535, 41.0194416771 ],
					[ 28.9945033687, 41.0193983158 ],
					[ 28.9947956299, 41.0193521243 ],
					[ 28.9950870871, 41.0193031094 ],
					[ 28.9953776939, 41.0192512806 ],
					[ 28.9956674036, 41.0191966446 ],
					[ 28.9959561673, 41.0191392111 ],
					[ 28.9962439398, 41.0190789893 ],
					[ 28.9965306732, 41.019015989 ],
					[ 28.9968163198, 41.0189502213 ],
					[ 28.9971008342, 41.0188816959 ],
					[ 28.9973841712, 41.0188104239 ],
					[ 28.9976662816, 41.0187364176 ],
					[ 28.9979471213, 41.0186596884 ],
					[ 28.9982266438, 41.0185802502 ],
					[ 28.9985048047, 41.0184981144 ],
					[ 28.9987815564, 41.018413294 ],
					[ 28.9990568558, 41.018325805 ],
					[ 28.9993306574, 41.0182356604 ],
					[ 28.999602917, 41.0181428752 ],
					[ 28.9998735881, 41.0180474634 ],
					[ 29.0001426298, 41.0179494426 ],
					[ 29.0004099957, 41.0178488269 ],
					[ 29.0006756426, 41.017745633 ],
					[ 29.0009395286, 41.0176398795 ],
					[ 29.0012016082, 41.0175315813 ],
					[ 29.0014618421, 41.0174207578 ],
					[ 29.0017201846, 41.0173074259 ],
					[ 29.001976595, 41.0171916049 ],
					[ 29.0022310315, 41.0170733135 ],
					[ 29.0024834521, 41.0169525701 ],
					[ 29.0027338162, 41.0168293962 ],
					[ 29.0029820828, 41.0167038101 ],
					[ 29.0032282114, 41.0165758333 ],
					[ 29.0034721623, 41.0164454869 ],
					[ 29.0037138949, 41.0163127905 ],
					[ 29.0039533694, 41.0161777681 ],
					[ 29.0041905488, 41.01604044 ],
					[ 29.0044253922, 41.0159008293 ],
					[ 29.0046578625, 41.0157589582 ],
					[ 29.0048879224, 41.0156148507 ],
					[ 29.0051155324, 41.0154685291 ],
					[ 29.0053406575, 41.0153200191 ],
					[ 29.0055632595, 41.0151693429 ],
					[ 29.0057833022, 41.0150165264 ],
					[ 29.0060007508, 41.0148615945 ],
					[ 29.0062155693, 41.0147045711 ],
					[ 29.0064277216, 41.014545484 ],
					[ 29.0066371752, 41.0143843571 ],
					[ 29.0068438952, 41.014221218 ],
					[ 29.0070478468, 41.0140560927 ],
					[ 29.0072489975, 41.0138890079 ],
					[ 29.0074473147, 41.0137199911 ],
					[ 29.0076427672, 41.013549071 ],
					[ 29.0078353201, 41.0133762734 ],
					[ 29.0080249444, 41.0132016278 ],
					[ 29.0082116088, 41.0130251627 ],
					[ 29.0083952831, 41.0128469067 ],
					[ 29.0085759372, 41.0126668883 ],
					[ 29.008753541, 41.0124851371 ],
					[ 29.0089280654, 41.0123016834 ],
					[ 29.0090994828, 41.0121165568 ],
					[ 29.0092677652, 41.0119297875 ],
					[ 29.0094328851, 41.0117414051 ],
					[ 29.0095948156, 41.0115514418 ],
					[ 29.0097535304, 41.011359927 ],
					[ 29.0099090038, 41.0111668931 ],
					[ 29.0100612094, 41.0109723712 ]
				]
			},
			"properties" : {
				"ISIM_HAT" : "Sirkeci-Harem",
				"TUR_HAT" : "Arabalı Vapur",
				"HAT_ROTA" : "Sirkeci-Harem"
			}
		},
		{
			"type" : "Feature",
			"geometry" : {
				"type" : "LineString",
				"coordinates" : [
					[ 29.0561305502, 41.103060584 ],
					[ 29.0607068531, 41.1014823414 ],
					[ 29.0652582174, 41.1003096605 ],
					[ 29.0636517093, 41.097298216 ],
					[ 29.0626679451, 41.0934707568 ],
					[ 29.0634996108, 41.088491571 ],
					[ 29.0646899755, 41.0853299212 ],
					[ 29.0665429955, 41.0832877806 ],
					[ 29.0626992297, 41.0795957196 ],
					[ 29.0590837477, 41.0778732279 ],
					[ 29.0535832053, 41.0767469819 ],
					[ 29.0514826717, 41.076192395 ],
					[ 29.04873125, 41.0757861633 ],
					[ 29.0445507448, 41.076320062 ]
				]
			},
			"properties" : {
				"ISIM_HAT" : "Bebek-Emirgan",
				"TUR_HAT" : "Şehir Hatları",
				"HAT_ROTA" : "Bebek-Anadolu Hisarı-Kanlıca-Emirgan"
			}
		},
		{
			"type" : "Feature",
			"geometry" : {
				"type" : "LineString",
				"coordinates" : [
					[ 28.9936851377, 41.0332025819 ],
					[ 28.9943879511, 41.0327931848 ],
					[ 28.994434449, 41.0327477402 ],
					[ 28.9944472115, 41.032706742 ],
					[ 28.9944735153, 41.0326222402 ],
					[ 28.9945110486, 41.0325353538 ],
					[ 28.9945450354, 41.0324476351 ],
					[ 28.9945754412, 41.0323591648 ],
					[ 28.9946022398, 41.0322700291 ],
					[ 28.9946254048, 41.0321803116 ],
					[ 28.9946449137, 41.0320900966 ],
					[ 28.9946607485, 41.0319994696 ],
					[ 28.9946728937, 41.0319085168 ],
					[ 28.9946813384, 41.0318173237 ],
					[ 28.9946860754, 41.0317259777 ],
					[ 28.9946870986, 41.0316345641 ],
					[ 28.9946844091, 41.0315431704 ],
					[ 28.9946780069, 41.0314518821 ],
					[ 28.9946679, 41.0313607865 ],
					[ 28.9946540968, 41.0312699693 ],
					[ 28.9946366114, 41.0311795172 ],
					[ 28.9946154603, 41.0310895147 ],
					[ 28.9945906625, 41.0310000468 ],
					[ 28.9945650562, 41.030919489 ],
					[ 28.9945364935, 41.0308395032 ],
					[ 28.9945049973, 41.0307601518 ],
					[ 28.9944705915, 41.0306814963 ],
					[ 28.9944335034, 41.0306039987 ],
					[ 28.994393591, 41.0305273094 ],
					[ 28.9943551496, 41.0304857726 ],
					[ 28.9940705109, 41.0301828362 ],
					[ 28.993780864, 41.029882635 ],
					[ 28.9934862557, 41.0295852162 ],
					[ 28.993186733, 41.0292906261 ],
					[ 28.9928823427, 41.0289989128 ],
					[ 28.992573133, 41.0287101208 ],
					[ 28.9922591529, 41.0284242974 ],
					[ 28.9919404532, 41.0281414861 ],
					[ 28.9916786743, 41.0279144715 ],
					[ 28.9914138532, 41.0276894908 ],
					[ 28.991146018, 41.027466565 ],
					[ 28.9908751969, 41.0272457194 ],
					[ 28.9906014182, 41.0270269758 ],
					[ 28.9903247099, 41.0268103572 ],
					[ 28.9900451004, 41.026595887 ],
					[ 28.9897626189, 41.0263835853 ],
					[ 28.9894772949, 41.0261734766 ],
					[ 28.989189159, 41.0259655811 ],
					[ 28.9888982406, 41.0257599215 ],
					[ 28.988604569, 41.0255565178 ],
					[ 28.9883081748, 41.0253553919 ],
					[ 28.988009091, 41.0251565656 ],
					[ 28.9877073458, 41.0249600581 ],
					[ 28.9874029734, 41.0247658904 ],
					[ 28.9870601382, 41.0245519316 ],
					[ 28.9867141113, 41.0243409413 ],
					[ 28.9863649387, 41.0241329469 ],
					[ 28.9860126627, 41.0239279748 ],
					[ 28.9855602732, 41.0236717237 ],
					[ 28.985103037, 41.0234204571 ],
					[ 28.9846410484, 41.023174229 ],
					[ 28.9841744051, 41.0229330886 ],
					[ 28.9827920319, 41.0221303627 ],
					[ 28.9814149703, 41.0213224347 ],
					[ 28.980626848, 41.0208562808 ],
					[ 28.9798404942, 41.0203884227 ],
					[ 28.9790559134, 41.0199188651 ],
					[ 28.9782731153, 41.0194476097 ],
					[ 28.9774921033, 41.018974663 ],
					[ 28.9767128857, 41.018500027 ],
					[ 28.9759354673, 41.0180237061 ],
					[ 28.9751598563, 41.0175457041 ],
					[ 28.9753925535, 41.0176631744 ],
					[ 28.9756280723, 41.0177773737 ],
					[ 28.9758663324, 41.0178882634 ],
					[ 28.9761072522, 41.0179958059 ],
					[ 28.9763507516, 41.0180999636 ],
					[ 28.9765967454, 41.0182007023 ],
					[ 28.9768451521, 41.018297988 ],
					[ 28.9770958855, 41.0183917857 ],
					[ 28.9773488615, 41.018482065 ],
					[ 28.9776039926, 41.0185687952 ],
					[ 28.9778611936, 41.018651946 ],
					[ 28.9781203759, 41.0187314895 ],
					[ 28.9783814517, 41.0188073979 ],
					[ 28.9786443324, 41.0188796471 ],
					[ 28.9789089278, 41.0189482109 ],
					[ 28.979175148, 41.0190130669 ],
					[ 28.9794429029, 41.019074192 ],
					[ 28.9797121011, 41.0191315671 ],
					[ 28.9799826516, 41.0191851708 ],
					[ 28.9802544617, 41.0192349861 ],
					[ 28.9805274378, 41.019280995 ],
					[ 28.9808014896, 41.0193231831 ],
					[ 28.9810765223, 41.0193615353 ],
					[ 28.9813524421, 41.0193960391 ],
					[ 28.9816291552, 41.0194266817 ],
					[ 28.9819065678, 41.0194534535 ],
					[ 28.9821845848, 41.0194763455 ],
					[ 28.9824631125, 41.0194953487 ],
					[ 28.9827420557, 41.0195104586 ],
					[ 28.9830213195, 41.0195216683 ],
					[ 28.9833008098, 41.0195289749 ],
					[ 28.9835804291, 41.0195323759 ],
					[ 28.9838600848, 41.0195318695 ],
					[ 28.9841396804, 41.0195274567 ],
					[ 28.9844191208, 41.0195191384 ],
					[ 28.9846983107, 41.0195069175 ],
					[ 28.984977155, 41.0194907984 ],
					[ 28.9852555596, 41.0194707867 ],
					[ 28.9855334304, 41.0194468886 ],
					[ 28.985810671, 41.0194191125 ],
					[ 28.9860871871, 41.0193874692 ],
					[ 28.9863628871, 41.0193519668 ],
					[ 28.9866376745, 41.019312619 ],
					[ 28.9869114561, 41.0192694402 ],
					[ 28.9871841404, 41.0192224422 ],
					[ 28.9874556329, 41.0191716441 ],
					[ 28.987725842, 41.0191170612 ],
					[ 28.9879946756, 41.0190587125 ],
					[ 28.9882620419, 41.0189966181 ],
					[ 28.9885278502, 41.0189307995 ],
					[ 28.988792011, 41.0188612785 ],
					[ 28.9890544322, 41.0187880787 ],
					[ 28.9893150267, 41.0187112253 ],
					[ 28.9895737038, 41.0186307438 ],
					[ 28.9898303772, 41.0185466631 ],
					[ 28.9900849599, 41.0184590104 ],
					[ 28.9903373633, 41.0183678155 ],
					[ 28.9905875024, 41.018273111 ],
					[ 28.9908352925, 41.0181749276 ],
					[ 28.9910806485, 41.018073299 ],
					[ 28.9913234878, 41.0179682603 ],
					[ 28.9915637266, 41.0178598461 ],
					[ 28.9918012848, 41.0177480951 ],
					[ 28.9920360808, 41.0176330437 ],
					[ 28.9922772953, 41.0174742685 ],
					[ 28.992516522, 41.017313779 ],
					[ 28.9927537406, 41.0171515884 ],
					[ 28.9929889305, 41.0169877121 ],
					[ 28.9932220702, 41.0168221641 ],
					[ 28.993453138, 41.0166549588 ],
					[ 28.9936821158, 41.0164861121 ],
					[ 28.993908981, 41.0163156384 ],
					[ 28.9941337153, 41.0161435527 ],
					[ 28.9943562971, 41.0159698711 ],
					[ 28.9945767085, 41.0157946079 ],
					[ 28.9947949277, 41.015617779 ],
					[ 28.9950109379, 41.0154394007 ],
					[ 28.9952247174, 41.0152594879 ],
					[ 28.9954362482, 41.0150780577 ],
					[ 28.9956455122, 41.0148951252 ],
					[ 28.9958524901, 41.0147107065 ],
					[ 28.9960571639, 41.0145248194 ],
					[ 28.9962595142, 41.0143374792 ],
					[ 28.9964595254, 41.0141487035 ],
					[ 28.9966571771, 41.0139585078 ],
					[ 28.9968524547, 41.0137669097 ],
					[ 28.9970453389, 41.0135739272 ],
					[ 28.9972358117, 41.0133795754 ],
					[ 28.9974238586, 41.0131838731 ],
					[ 28.9976094614, 41.0129868364 ],
					[ 28.9977926044, 41.0127884841 ],
					[ 28.9979732708, 41.0125888331 ],
					[ 28.9981514448, 41.0123879022 ],
					[ 28.9983271108, 41.0121857076 ],
					[ 28.998500253, 41.0119822679 ],
					[ 28.9986708556, 41.011777602 ],
					[ 28.9988318271, 41.0115804844 ],
					[ 28.9989904437, 41.0113822754 ],
					[ 28.999146691, 41.0111829894 ],
					[ 28.9993005581, 41.0109826444 ],
					[ 28.9994520317, 41.0107812554 ],
					[ 28.9996011009, 41.0105788386 ],
					[ 28.999747751, 41.010375412 ],
					[ 28.9998919713, 41.0101709907 ],
					[ 29.0000337508, 41.0099655927 ],
					[ 29.0001730761, 41.0097592331 ],
					[ 29.0003099376, 41.0095519299 ],
					[ 29.0004443242, 41.0093436993 ],
					[ 29.0005762239, 41.0091345591 ],
					[ 29.0007056268, 41.0089245254 ],
					[ 29.0008325222, 41.0087136162 ],
					[ 29.000956899, 41.0085018477 ],
					[ 29.0010722992, 41.0083006228 ],
					[ 29.0011854264, 41.0080986587 ],
					[ 29.0012962721, 41.0078959696 ],
					[ 29.0014048277, 41.0076925708 ],
					[ 29.001511086, 41.0074884776 ],
					[ 29.0016150394, 41.0072837043 ],
					[ 29.0017166797, 41.0070782652 ],
					[ 29.0018159993, 41.0068721765 ],
					[ 29.0019188533, 41.0066527756 ],
					[ 29.0020190783, 41.0064326773 ],
					[ 29.0021166658, 41.0062119006 ],
					[ 29.0022116072, 41.0059904616 ],
					[ 29.002303895, 41.005768381 ],
					[ 29.0023935208, 41.0055456757 ],
					[ 29.0024804795, 41.0053223637 ],
					[ 29.0025647613, 41.005098464 ],
					[ 29.0026617399, 41.0048899086 ],
					[ 29.002761579, 41.0046821298 ],
					[ 29.0028642676, 41.004475149 ],
					[ 29.0029697947, 41.0042689895 ],
					[ 29.0031156206, 41.003994083 ],
					[ 29.0032664934, 41.0037207425 ],
					[ 29.0034223838, 41.0034490237 ],
					[ 29.0035832611, 41.0031789794 ],
					[ 29.0037490948, 41.0029106597 ],
					[ 29.0039198521, 41.0026441201 ],
					[ 29.0040954987, 41.0023794099 ],
					[ 29.004276003, 41.002116581 ],
					[ 29.0045002871, 41.0018019276 ],
					[ 29.0047315307, 41.0014901793 ],
					[ 29.0049696683, 41.0011814244 ],
					[ 29.0052146319, 41.0008757508 ],
					[ 29.0054663523, 41.0005732442 ],
					[ 29.0057247595, 41.0002739913 ],
					[ 29.005989777, 40.9999780769 ],
					[ 29.0062613323, 40.999685584 ],
					[ 29.0065393469, 40.9993965958 ],
					[ 29.0068237423, 40.9991111944 ],
					[ 29.0071144375, 40.9988294608 ],
					[ 29.0074113517, 40.9985514755 ],
					[ 29.0077143981, 40.9982773151 ],
					[ 29.0080234936, 40.9980070598 ],
					[ 29.0083385477, 40.9977407844 ],
					[ 29.0086594739, 40.9974785648 ],
					[ 29.0088538118, 40.9973239962 ],
					[ 29.0090501898, 40.9971709144 ],
					[ 29.0092485885, 40.9970193362 ],
					[ 29.0094489875, 40.996869276 ],
					[ 29.0096513664, 40.9967207496 ],
					[ 29.0098557037, 40.9965737713 ],
					[ 29.01006198, 40.9964283554 ],
					[ 29.0102701749, 40.9962845188 ],
					[ 29.0104802669, 40.9961422738 ],
					[ 29.0106922331, 40.9960016357 ],
					[ 29.0109060555, 40.9958626185 ],
					[ 29.011121709, 40.9957252366 ],
					[ 29.0113391743, 40.9955895032 ],
					[ 29.0115584274, 40.9954554325 ],
					[ 29.0117794479, 40.9953230388 ],
					[ 29.0120022132, 40.9951923335 ],
					[ 29.0122919012, 40.9950689772 ],
					[ 29.0125840152, 40.99494895 ],
					[ 29.012878487, 40.9948322793 ],
					[ 29.0131752521, 40.9947189924 ],
					[ 29.0134742412, 40.9946091149 ],
					[ 29.0137753851, 40.9945026714 ],
					[ 29.0140786168, 40.9943996864 ],
					[ 29.0143838672, 40.9943001828 ],
					[ 29.0146309126, 40.9942226595 ],
					[ 29.0148791833, 40.9941474162 ],
					[ 29.0151286421, 40.9940744652 ],
					[ 29.0153792522, 40.9940038159 ],
					[ 29.0156309778, 40.9939354808 ],
					[ 29.0158837806, 40.9938694685 ],
					[ 29.0161376226, 40.9938057895 ],
					[ 29.016392468, 40.9937444533 ],
					[ 29.0166482786, 40.9936854677 ],
					[ 29.0169050152, 40.9936288423 ],
					[ 29.0171626419, 40.9935745859 ],
					[ 29.0174211194, 40.993522706 ],
					[ 29.0176804097, 40.9934732097 ],
					[ 29.0179404746, 40.9934261056 ],
					[ 29.018201276, 40.9933813996 ],
					[ 29.0184627759, 40.9933390987 ],
					[ 29.0187249337, 40.9932992097 ],
					[ 29.0189877125, 40.9932617377 ],
					[ 29.0192990628, 40.9931515396 ],
					[ 29.0197644573, 40.9929868177 ],
					[ 29.0200753349, 40.9927968916 ],
					[ 29.0204031054, 40.9925990789 ],
					[ 29.0207693662, 40.9923827919 ],
					[ 29.0209535498, 40.9922751341 ],
					[ 29.021166629, 40.9921505859 ],
					[ 29.0213374053, 40.992033992 ],
					[ 29.0214906186, 40.9919293885 ],
					[ 29.0216222908, 40.9916827412 ],
					[ 29.0210311372, 40.9918657334 ],
					[ 29.0207601383, 40.9919575471 ],
					[ 29.0203367301, 40.9921009931 ],
					[ 29.0199884659, 40.9922255232 ],
					[ 29.019724463, 40.9923218763 ],
					[ 29.0192888456, 40.9924808626 ],
					[ 29.0190796044, 40.9925595217 ],
					[ 29.0187962052, 40.9926660573 ],
					[ 29.0185318533, 40.992765432 ],
					[ 29.0182120356, 40.9928549231 ],
					[ 29.0179335404, 40.9928636235 ],
					[ 29.0176551685, 40.9928743349 ],
					[ 29.0173769438, 40.9928870567 ],
					[ 29.0170988924, 40.9929017874 ],
					[ 29.016821038, 40.9929185252 ],
					[ 29.0165434068, 40.9929372687 ],
					[ 29.0160302004, 40.9929772493 ],
					[ 29.0155180038, 40.9930240843 ],
					[ 29.0152191553, 40.9930546273 ],
					[ 29.0149207389, 40.9930875037 ],
					[ 29.0146227866, 40.99312271 ],
					[ 29.0143253282, 40.9931602429 ],
					[ 29.0141546441, 40.9931719081 ],
					[ 29.0140350952, 40.9931762324 ],
					[ 29.0139154185, 40.9931774076 ],
					[ 29.0137957613, 40.993175433 ],
					[ 29.0136762664, 40.993170309 ],
					[ 29.0135570786, 40.9931620441 ],
					[ 29.0134383416, 40.9931506467 ],
					[ 29.013320199, 40.9931361315 ],
					[ 29.013202792, 40.993118515 ],
					[ 29.0130779452, 40.9930962172 ],
					[ 29.012954281, 40.9930704132 ],
					[ 29.01283197, 40.9930411386 ],
					[ 29.0127111816, 40.9930084354 ],
					[ 29.0125920837, 40.9929723465 ],
					[ 29.0124748421, 40.9929329246 ],
					[ 29.0123596188, 40.9928902224 ],
					[ 29.0122465734, 40.992844299 ],
					[ 29.012135863, 40.9927952196 ],
					[ 29.0120276409, 40.9927430513 ],
					[ 29.0119220561, 40.9926878665 ],
					[ 29.0118192569, 40.9926297422 ],
					[ 29.0117193849, 40.9925687587 ],
					[ 29.0116225778, 40.9925050001 ],
					[ 29.011528971, 40.9924385549 ],
					[ 29.0114386926, 40.9923695152 ],
					[ 29.0113518708, 40.9922979775 ],
					[ 29.0112686228, 40.9922240401 ],
					[ 29.0111890649, 40.9921478057 ],
					[ 29.0111133095, 40.9920693798 ],
					[ 29.0110414584, 40.9919888723 ],
					[ 29.0109736133, 40.9919063937 ],
					[ 29.0109098663, 40.9918220584 ],
					[ 29.0108503084, 40.9917359834 ],
					[ 29.010795021, 40.9916482882 ],
					[ 29.0107440795, 40.991559094 ],
					[ 29.0106975557, 40.991468525 ],
					[ 29.0106555143, 40.9913767068 ],
					[ 29.0106180128, 40.9912837659 ],
					[ 29.0105851038, 40.9911898317 ],
					[ 29.010556833, 40.991095035 ],
					[ 29.0105332388, 40.9909995058 ],
					[ 29.0105161321, 40.9909135924 ],
					[ 29.0105028089, 40.9908272954 ],
					[ 29.0104891797, 40.990501732 ],
					[ 29.010478967, 40.9901760971 ],
					[ 29.0104717057, 40.9898195814 ],
					[ 29.0104685412, 40.9894630325 ],
					[ 29.0104694718, 40.9891064755 ],
					[ 29.0104744971, 40.9887499383 ],
					[ 29.0104823956, 40.9884333029 ],
					[ 29.0104935243, 40.9881167232 ],
					[ 29.0105078827, 40.9878002188 ],
					[ 29.0105254682, 40.987483807 ],
					[ 29.0105462829, 40.9871675084 ],
					[ 29.0105703228, 40.9868513402 ],
					[ 29.0105975864, 40.9865353229 ],
					[ 29.0106280746, 40.9862194747 ],
					[ 29.0106607808, 40.9859127796 ],
					[ 29.010696527, 40.985606279 ],
					[ 29.0107353093, 40.9852999898 ],
					[ 29.0107771262, 40.9849939302 ],
					[ 29.0108219749, 40.9846881172 ],
					[ 29.0108698541, 40.9843825688 ],
					[ 29.0109207587, 40.9840773011 ],
					[ 29.0109746883, 40.9837723313 ],
					[ 29.011031638, 40.9834676773 ],
					[ 29.0110916062, 40.9831633562 ],
					[ 29.0111545879, 40.982859385 ],
					[ 29.0112205804, 40.98255578 ],
					[ 29.0112895798, 40.98225256 ],
					[ 29.0113615812, 40.9819497412 ],
					[ 29.0114365818, 40.9816473407 ],
					[ 29.0115145778, 40.9813453754 ],
					[ 29.0116002339, 40.9810268157 ],
					[ 29.0116892238, 40.9807087816 ],
					[ 29.0117815398, 40.9803912927 ],
					[ 29.011877177, 40.9800743688 ],
					[ 29.011976129, 40.9797580298 ],
					[ 29.0120783908, 40.9794422962 ],
					[ 29.0121839536, 40.9791271869 ],
					[ 29.0122928125, 40.9788127225 ],
					[ 29.0124035609, 40.9785027773 ],
					[ 29.0125175099, 40.9781934996 ],
					[ 29.0126346543, 40.9778849074 ],
					[ 29.0127549856, 40.9775770213 ],
					[ 29.0128784962, 40.9772698583 ],
					[ 29.01300518, 40.976963439 ],
					[ 29.013135027, 40.9766577815 ],
					[ 29.0132680299, 40.9763529045 ],
					[ 29.0135867235, 40.9754121475 ],
					[ 29.0139134453, 40.9744729746 ],
					[ 29.0142481837, 40.9735354259 ],
					[ 29.0145909224, 40.9725995392 ],
					[ 29.0148632197, 40.9718722695 ],
					[ 29.0151403484, 40.9711460508 ],
					[ 29.0154223008, 40.9704208989 ],
					[ 29.0157090706, 40.9696968346 ],
					[ 29.016000648, 40.968973874 ],
					[ 29.0162970288, 40.9682520376 ],
					[ 29.0165982021, 40.9675313425 ],
					[ 29.0169041626, 40.9668118066 ],
					[ 29.0172483105, 40.9660169341 ],
					[ 29.0175982989, 40.9652235293 ],
					[ 29.0179541166, 40.9644316164 ],
					[ 29.0183157534, 40.9636412196 ],
					[ 29.0186831957, 40.9628523648 ],
					[ 29.0190564324, 40.9620650761 ],
					[ 29.0194354533, 40.9612793769 ],
					[ 29.019820245, 40.960495293 ],
					[ 29.020210796, 40.9597128487 ],
					[ 29.0206070929, 40.9589320671 ],
					[ 29.0210091245, 40.9581529734 ],
					[ 29.0214168783, 40.9573755916 ],
					[ 29.0218303395, 40.956599946 ],
					[ 29.0222494969, 40.9558260605 ],
					[ 29.0226743358, 40.9550539595 ],
					[ 29.0231048438, 40.954283667 ],
					[ 29.0235518244, 40.9534962966 ],
					[ 29.0240047289, 40.9527108762 ],
					[ 29.0244635401, 40.9519274299 ],
					[ 29.0249282432, 40.9511459845 ],
					[ 29.0253988235, 40.9503665643 ],
					[ 29.025875266, 40.9495891968 ],
					[ 29.0263575538, 40.9488139053 ],
					[ 29.0268456719, 40.9480407166 ],
					[ 29.0273917442, 40.947188907 ],
					[ 29.0279448927, 40.9463397288 ],
					[ 29.028505093, 40.9454932158 ],
					[ 29.0290723241, 40.9446494002 ],
					[ 29.029342882, 40.9442514969 ],
					[ 29.0297204685, 40.9437160137 ],
					[ 29.0301501235, 40.9431169206 ],
					[ 29.0305856795, 40.9425202842 ],
					[ 29.0310431809, 40.9419047031 ],
					[ 29.0315069623, 40.9412918336 ],
					[ 29.0319769968, 40.9406817097 ],
					[ 29.0324532565, 40.9400743708 ],
					[ 29.032935711, 40.9394698516 ],
					[ 29.0334243325, 40.9388681886 ],
					[ 29.0339190893, 40.9382694186 ],
					[ 29.0344199548, 40.9376735781 ],
					[ 29.0349268963, 40.9370807018 ],
					[ 29.0354398835, 40.9364908255 ],
					[ 29.0359588848, 40.9359039857 ],
					[ 29.0364838713, 40.9353202164 ],
					[ 29.037014809, 40.934739554 ],
					[ 29.0375516654, 40.9341620324 ],
					[ 29.0380944101, 40.9335876865 ],
					[ 29.0386430094, 40.933016551 ],
					[ 29.0391850075, 40.932461285 ],
					[ 29.0397325386, 40.931909152 ],
					[ 29.0402855713, 40.9313601848 ],
					[ 29.0408440742, 40.9308144147 ],
					[ 29.0414080148, 40.9302718729 ],
					[ 29.0419773604, 40.9297325905 ],
					[ 29.0425520786, 40.9291965986 ],
					[ 29.0431321345, 40.9286639276 ],
					[ 29.0436281202, 40.928214903 ],
					[ 29.0441279001, 40.9277683073 ],
					[ 29.0446314526, 40.9273241585 ],
					[ 29.0451387571, 40.9268824741 ],
					[ 29.0457391406, 40.9263670658 ],
					[ 29.0463446341, 40.925855111 ],
					[ 29.0469561207, 40.9253458778 ],
					[ 29.0476048006, 40.9248136032 ],
					[ 29.0478881202, 40.9245753975 ],
					[ 29.0481199074, 40.9243754673 ],
					[ 29.0483486425, 40.9241735242 ],
					[ 29.048574293, 40.9239695957 ],
					[ 29.0487968302, 40.9237637087 ],
					[ 29.0490746461, 40.9234997141 ],
					[ 29.0493473417, 40.9232326664 ],
					[ 29.0496148604, 40.9229626236 ],
					[ 29.0498771457, 40.922689643 ],
					[ 29.0501341397, 40.9224137836 ],
					[ 29.0503857883, 40.9221351043 ],
					[ 29.0506320371, 40.9218536634 ],
					[ 29.0508728355, 40.9215695224 ],
					[ 29.0511267377, 40.9212596583 ],
					[ 29.0513741571, 40.9209467912 ],
					[ 29.051615031, 40.9206309999 ],
					[ 29.0518493002, 40.9203123643 ],
					[ 29.0520769066, 40.9199909611 ],
					[ 29.0522977934, 40.9196668729 ],
					[ 29.052511906, 40.9193401786 ],
					[ 29.05271919, 40.9190109613 ],
					[ 29.0529195943, 40.9186793018 ],
					[ 29.0531130693, 40.9183452844 ],
					[ 29.0532995662, 40.9180089906 ],
					[ 29.053479039, 40.9176705057 ],
					[ 29.0536514438, 40.9173299129 ],
					[ 29.0538167366, 40.9169872977 ],
					[ 29.0539748773, 40.9166427451 ],
					[ 29.0541258255, 40.9162963423 ],
					[ 29.0542695444, 40.9159481736 ],
					[ 29.0544059986, 40.915598328 ],
					[ 29.0545351535, 40.9152468915 ],
					[ 29.0546569762, 40.9148939512 ],
					[ 29.0547714392, 40.9145395962 ],
					[ 29.0548785105, 40.9141839154 ],
					[ 29.0549781666, 40.9138269949 ],
					[ 29.0550703812, 40.9134689265 ],
					[ 29.0551551319, 40.9131097983 ],
					[ 29.0552323974, 40.9127496991 ],
					[ 29.0553021586, 40.912388719 ],
					[ 29.055364399, 40.9120269497 ],
					[ 29.0554191019, 40.9116644792 ],
					[ 29.0555087457, 40.9111577215 ],
					[ 29.0556093365, 40.9108447198 ],
					[ 29.055613579, 40.910696302 ],
					[ 29.0555378642, 40.9105737696 ],
					[ 29.0558471201, 40.9105052341 ],
					[ 29.0559852879, 40.9104232763 ],
					[ 29.0564502387, 40.9100250397 ],
					[ 29.0567931951, 40.9096916604 ],
					[ 29.0572018662, 40.9093897869 ],
					[ 29.0576055438, 40.909084073 ],
					[ 29.0580041666, 40.9087745659 ],
					[ 29.058397671, 40.9084613129 ],
					[ 29.058785997, 40.908144364 ],
					[ 29.0591690834, 40.9078237674 ],
					[ 29.0595468725, 40.9074995731 ],
					[ 29.0599193043, 40.9071718319 ],
					[ 29.0602863223, 40.9068405949 ],
					[ 29.0606478676, 40.9065059137 ],
					[ 29.0610038861, 40.9061678384 ],
					[ 29.0613543201, 40.9058264245 ],
					[ 29.0616991179, 40.9054817228 ],
					[ 29.0620382254, 40.9051337871 ],
					[ 29.0623715883, 40.9047826727 ],
					[ 29.0626991562, 40.9044284325 ],
					[ 29.0630208784, 40.9040711227 ],
					[ 29.0633367044, 40.9037107989 ],
					[ 29.063646586, 40.9033475166 ],
					[ 29.0639504749, 40.9029813321 ],
					[ 29.064248323, 40.9026123027 ],
					[ 29.0645400855, 40.9022404857 ],
					[ 29.0648257167, 40.9018659394 ],
					[ 29.0651051718, 40.9014887201 ],
					[ 29.0653784086, 40.9011088879 ],
					[ 29.0656453836, 40.9007265019 ],
					[ 29.0659060557, 40.9003416213 ],
					[ 29.066160385, 40.8999543051 ],
					[ 29.0664083315, 40.8995646144 ],
					[ 29.0665740661, 40.8992970006 ],
					[ 29.0667367906, 40.8990283249 ],
					[ 29.0668964927, 40.8987586078 ],
					[ 29.0670531616, 40.8984878682 ],
					[ 29.0672067862, 40.8982161268 ],
					[ 29.0673573558, 40.8979434024 ],
					[ 29.0675048581, 40.8976697146 ],
					[ 29.0676492822, 40.8973950842 ],
					[ 29.0677906196, 40.89711953 ],
					[ 29.0679288593, 40.8968430727 ],
					[ 29.0680639905, 40.8965657327 ],
					[ 29.0681960046, 40.8962875291 ],
					[ 29.0683248905, 40.8960084824 ],
					[ 29.0684506399, 40.8957286143 ],
					[ 29.0685732453, 40.8954479425 ],
					[ 29.0686926945, 40.8951664888 ],
					[ 29.0688089815, 40.8948842746 ],
					[ 29.0689220976, 40.8946013179 ],
					[ 29.0690320332, 40.8943176411 ],
					[ 29.0691387807, 40.894033265 ],
					[ 29.0692423342, 40.8937482083 ],
					[ 29.0693426849, 40.8934624935 ],
					[ 29.0694398243, 40.8931761404 ],
					[ 29.0695337475, 40.8928891696 ],
					[ 29.0696244471, 40.8926016028 ],
					[ 29.0697119168, 40.8923134605 ],
					[ 29.0697961494, 40.8920247635 ],
					[ 29.0698771397, 40.8917355324 ],
					[ 29.0699548817, 40.8914457887 ],
					[ 29.0700293691, 40.8911555532 ],
					[ 29.0701005969, 40.8908648466 ],
					[ 29.0701685613, 40.8905736912 ],
					[ 29.070233255, 40.890282106 ],
					[ 29.0702946754, 40.8899901144 ],
					[ 29.0703528173, 40.8896977352 ],
					[ 29.070407677, 40.8894049918 ],
					[ 29.0704592496, 40.889111905 ],
					[ 29.0705075311, 40.8888184944 ],
					[ 29.0705525202, 40.8885247835 ],
					[ 29.0705942118, 40.8882307921 ],
					[ 29.0706326033, 40.8879365417 ],
					[ 29.0706676922, 40.887642054 ],
					[ 29.0706994757, 40.8873473505 ],
					[ 29.0707279524, 40.8870524528 ],
					[ 29.0707531197, 40.8867573808 ],
					[ 29.0707749749, 40.886462157 ],
					[ 29.0707935179, 40.8861668028 ],
					[ 29.0708087471, 40.8858713401 ],
					[ 29.0708206612, 40.8855757893 ],
					[ 29.0708292586, 40.8852801722 ],
					[ 29.0708345404, 40.8849845103 ],
					[ 29.0708365038, 40.8846888245 ],
					[ 29.0708351523, 40.8843931371 ],
					[ 29.0708304819, 40.8840974688 ],
					[ 29.0708224971, 40.8838018414 ],
					[ 29.0708111954, 40.8835062773 ],
					[ 29.0707965789, 40.8832107963 ],
					[ 29.0707786484, 40.8829154201 ],
					[ 29.070757405, 40.8826201703 ],
					[ 29.0707328518, 40.8823250693 ],
					[ 29.0707049888, 40.8820301371 ],
					[ 29.0706738191, 40.8817353952 ],
					[ 29.0706393437, 40.8814408661 ],
					[ 29.0706015671, 40.8811465698 ],
					[ 29.0708971024, 40.8810154058 ],
					[ 29.0711970226, 40.8808901076 ],
					[ 29.0715011259, 40.8807707603 ],
					[ 29.0718092086, 40.8806574448 ],
					[ 29.0721210618, 40.8805502361 ],
					[ 29.072436476, 40.8804492072 ],
					[ 29.072755239, 40.8803544265 ],
					[ 29.0730771341, 40.8802659572 ],
					[ 29.073401947, 40.8801838587 ],
					[ 29.0737294575, 40.8801081877 ],
					[ 29.0740594444, 40.880038993 ],
					[ 29.0743916864, 40.8799763239 ],
					[ 29.0747259599, 40.8799202202 ],
					[ 29.0750620392, 40.8798707214 ],
					[ 29.0753996972, 40.879827859 ],
					[ 29.0757387071, 40.8797916645 ],
					[ 29.0760788408, 40.8797621594 ],
					[ 29.076419868, 40.8797393662 ],
					[ 29.0767615596, 40.8797232985 ],
					[ 29.0771036866, 40.8797139668 ],
					[ 29.0774460164, 40.8797113794 ],
					[ 29.0777883203, 40.8797155371 ],
					[ 29.0781303669, 40.8797264361 ],
					[ 29.078471924, 40.8797440702 ],
					[ 29.0788127652, 40.8797684268 ],
					[ 29.0791526571, 40.8797994904 ],
					[ 29.0794913736, 40.8798372396 ],
					[ 29.0798286848, 40.8798816489 ],
					[ 29.0801643636, 40.8799326879 ],
					[ 29.080498184, 40.8799903232 ],
					[ 29.0808299222, 40.8800545153 ],
					[ 29.0811593536, 40.8801252209 ],
					[ 29.0814668698, 40.8801976186 ],
					[ 29.0817719663, 40.8802756926 ],
					[ 29.0820744622, 40.8803593955 ],
					[ 29.0823741745, 40.880448679 ],
					[ 29.0826709283, 40.8805434878 ],
					[ 29.082964543, 40.8806437673 ],
					[ 29.0832548474, 40.8807494568 ],
					[ 29.0835416645, 40.8808604936 ],
					[ 29.0838248268, 40.8809768116 ],
					[ 29.0841041632, 40.881098341 ],
					[ 29.0843795087, 40.8812250094 ],
					[ 29.0846506983, 40.8813567427 ],
					[ 29.0849175705, 40.8814934602 ],
					[ 29.0851799664, 40.8816350825 ],
					[ 29.0854377293, 40.8817815236 ],
					[ 29.0856907063, 40.8819326969 ],
					[ 29.0859212285, 40.8820772516 ],
					[ 29.0861473744, 40.8822257358 ],
					[ 29.0863690274, 40.882378074 ],
					[ 29.0865860725, 40.8825341861 ],
					[ 29.0867984003, 40.8826939937 ],
					[ 29.0870058993, 40.8828574133 ],
					[ 29.0872084638, 40.8830243619 ],
					[ 29.0874059895, 40.8831947524 ],
					[ 29.0875950037, 40.8833653832 ],
					[ 29.087778964, 40.8835391667 ],
					[ 29.0879577802, 40.8837160159 ],
					[ 29.0881313633, 40.8838958435 ],
					[ 29.0882996267, 40.8840785608 ],
					[ 29.0884624886, 40.8842640761 ],
					[ 29.088619866, 40.8844522978 ],
					[ 29.0887716818, 40.8846431336 ],
					[ 29.0888812023, 40.8847502772 ],
					[ 29.0889944296, 40.8848551771 ],
					[ 29.0891112852, 40.8849577608 ],
					[ 29.089231686, 40.8850579547 ],
					[ 29.0893852451, 40.8851783672 ],
					[ 29.0895439231, 40.8852948948 ],
					[ 29.0897075497, 40.885407411 ],
					[ 29.0898759498, 40.8855157963 ],
					[ 29.0900489422, 40.8856199332 ],
					[ 29.0902263398, 40.8857197095 ],
					[ 29.0904079519, 40.8858150181 ],
					[ 29.0905935852, 40.8859057569 ],
					[ 29.090715673, 40.8859619549 ],
					[ 29.0908393045, 40.8860161759 ],
					[ 29.0909644229, 40.8860683959 ],
					[ 29.0910909729, 40.8861185902 ],
					[ 29.0912188954, 40.8861667367 ],
					[ 29.0913481361, 40.8862128143 ],
					[ 29.0914786336, 40.8862568018 ],
					[ 29.0916103313, 40.8862986798 ],
					[ 29.0917431699, 40.8863384289 ],
					[ 29.0918770893, 40.8863760315 ],
					[ 29.0920120292, 40.8864114702 ],
					[ 29.092147928, 40.8864447307 ],
					[ 29.0922847266, 40.8864757957 ],
					[ 29.0924223624, 40.8865046528 ],
					[ 29.0925607726, 40.8865312891 ],
					[ 29.0926998968, 40.8865556922 ],
					[ 29.0928396712, 40.88657785 ],
					[ 29.0929800329, 40.8865977548 ],
					[ 29.0931209203, 40.8866153961 ],
					[ 29.0932622684, 40.8866307664 ],
					[ 29.0934040142, 40.8866438587 ],
					[ 29.0935460938, 40.8866546672 ],
					[ 29.0936884432, 40.8866631869 ],
					[ 29.0938309995, 40.8866694136 ],
					[ 29.0939736963, 40.886673346 ],
					[ 29.0941164719, 40.8866749808 ],
					[ 29.094259261, 40.8866743176 ],
					[ 29.0944019996, 40.8866713567 ],
					[ 29.0945446235, 40.8866661003 ],
					[ 29.0946870675, 40.8866585498 ],
					[ 29.0948292698, 40.8866487082 ],
					[ 29.0949711638, 40.8866365813 ],
					[ 29.0951913053, 40.8866131659 ],
					[ 29.0954103067, 40.8865842482 ],
					[ 29.0956279323, 40.8865498607 ],
					[ 29.0958439433, 40.8865100412 ],
					[ 29.0960581041, 40.8864648318 ],
					[ 29.0962701825, 40.8864142831 ],
					[ 29.0964799464, 40.88635845 ],
					[ 29.0966871683, 40.8862973927 ],
					[ 29.0968916218, 40.8862311781 ],
					[ 29.0970930829, 40.8861598782 ],
					[ 29.0972913345, 40.8860835705 ],
					[ 29.0974861582, 40.8860023389 ],
					[ 29.0976773442, 40.8859162718 ],
					[ 29.0978646809, 40.8858254622 ],
					[ 29.0980479678, 40.8857300093 ],
					[ 29.0982270029, 40.8856300178 ],
					[ 29.0983398728, 40.885563324 ],
					[ 29.0984508497, 40.8854948251 ],
					[ 29.0985598855, 40.8854245523 ],
					[ 29.0986669289, 40.8853525386 ],
					[ 29.0988573492, 40.8851967099 ],
					[ 29.0990432724, 40.8850377842 ],
					[ 29.0992246119, 40.8848758374 ],
					[ 29.0994012825, 40.8847109444 ],
					[ 29.0995601855, 40.8845561488 ],
					[ 29.0997149746, 40.8843989708 ],
					[ 29.0998655859, 40.8842394718 ],
					[ 29.1000119594, 40.8840777163 ],
					[ 29.1001540372, 40.8839137704 ],
					[ 29.1002917626, 40.8837476987 ],
					[ 29.1004250803, 40.8835795673 ],
					[ 29.1005539347, 40.883409445 ],
					[ 29.1006837162, 40.8832296823 ],
					[ 29.1008085164, 40.8830479005 ],
					[ 29.1009282808, 40.8828641765 ],
					[ 29.1010429573, 40.882678593 ],
					[ 29.101152495, 40.8824912295 ],
					[ 29.1012568478, 40.8823021696 ],
					[ 29.1013559672, 40.8821114939 ],
					[ 29.1014498128, 40.8819192877 ],
					[ 29.1015383421, 40.8817256343 ],
					[ 29.101621516, 40.8815306173 ],
					[ 29.1016993002, 40.8813343236 ],
					[ 29.1017716591, 40.8811368387 ],
					[ 29.1018385608, 40.8809382486 ],
					[ 29.1018999769, 40.8807386397 ],
					[ 29.1019558813, 40.8805381 ],
					[ 29.1020062479, 40.8803367175 ],
					[ 29.1020510555, 40.8801345785 ],
					[ 29.1020902851, 40.8799317738 ],
					[ 29.102123919, 40.8797283907 ],
					[ 29.1021519429, 40.8795245173 ],
					[ 29.102174345, 40.8793202444 ],
					[ 29.1021911135, 40.8791156611 ],
					[ 29.1022022437, 40.8789108556 ],
					[ 29.1022077297, 40.8787059188 ],
					[ 29.102207569, 40.8785009399 ],
					[ 29.1022017607, 40.8782960079 ],
					[ 29.1021903093, 40.878091213 ],
					[ 29.1021732198, 40.8778866443 ],
					[ 29.1021504981, 40.877682392 ],
					[ 29.102122156, 40.8774785443 ],
					[ 29.1020882043, 40.8772751914 ],
					[ 29.1020486584, 40.8770724217 ],
					[ 29.102432153, 40.8772110666 ],
					[ 29.1028185568, 40.8773449757 ],
					[ 29.1032077705, 40.8774741149 ],
					[ 29.1035996914, 40.87759845 ],
					[ 29.1039942154, 40.8777179478 ],
					[ 29.1043912396, 40.8778325768 ],
					[ 29.1047906601, 40.8779423074 ],
					[ 29.1051923714, 40.8780471109 ],
					[ 29.1055962684, 40.8781469593 ],
					[ 29.1060022445, 40.8782418266 ],
					[ 29.1064101944, 40.8783316877 ],
					[ 29.1068200091, 40.8784165201 ],
					[ 29.107231581, 40.8784962995 ],
					[ 29.1076448035, 40.8785710061 ],
					[ 29.1080595675, 40.8786406203 ],
					[ 29.1084757641, 40.8787051231 ],
					[ 29.1088932832, 40.8787644983 ],
					[ 29.1093120155, 40.8788187308 ],
					[ 29.109731851, 40.8788678051 ],
					[ 29.1101526794, 40.8789117097 ],
					[ 29.1105743904, 40.8789504311 ],
					[ 29.1109968737, 40.8789839612 ],
					[ 29.1114200166, 40.8790122893 ],
					[ 29.1118437087, 40.8790354099 ],
					[ 29.1122678399, 40.879053315 ],
					[ 29.1126922984, 40.8790660011 ],
					[ 29.1131169703, 40.8790734646 ],
					[ 29.1135417476, 40.8790757037 ],
					[ 29.1139665164, 40.8790727184 ],
					[ 29.1143911649, 40.879064508 ],
					[ 29.1148155828, 40.8790510751 ],
					[ 29.1152396583, 40.8790324234 ],
					[ 29.1156632798, 40.8790085584 ],
					[ 29.1160863355, 40.8789794855 ],
					[ 29.116508715, 40.8789452129 ],
					[ 29.1169303077, 40.8789057496 ],
					[ 29.1173510018, 40.8788611056 ],
					[ 29.1177706867, 40.8788112936 ],
					[ 29.1181892531, 40.8787563244 ],
					[ 29.1186065903, 40.8786962153 ],
					[ 29.1190225888, 40.8786309797 ],
					[ 29.1194371393, 40.8785606368 ],
					[ 29.1198501333, 40.8784852027 ],
					[ 29.1202614626, 40.8784046993 ],
					[ 29.1206710177, 40.8783191472 ],
					[ 29.1210786926, 40.8782285692 ],
					[ 29.121484379, 40.8781329878 ],
					[ 29.1218879708, 40.8780324283 ],
					[ 29.122289362, 40.8779269188 ],
					[ 29.1226884479, 40.8778164855 ],
					[ 29.1230851222, 40.8777011582 ],
					[ 29.1234792814, 40.877580966 ],
					[ 29.1238708217, 40.8774559422 ],
					[ 29.1242596419, 40.8773261176 ],
					[ 29.1246456369, 40.8771915285 ],
					[ 29.1250287078, 40.8770522091 ],
					[ 29.1254087533, 40.8769081956 ],
					[ 29.125785673, 40.876759527 ],
					[ 29.1261593691, 40.8766062412 ],
					[ 29.1265297415, 40.876448379 ],
					[ 29.1268966945, 40.876285982 ],
					[ 29.1272601316, 40.8761190926 ],
					[ 29.1279760767, 40.8757720135 ],
					[ 29.109414201, 40.9107395747 ],
					[ 29.1079882075, 40.9139028312 ],
					[ 29.1065195299, 40.9171604334 ],
					[ 29.1050926535, 40.9203249848 ],
					[ 29.1041048677, 40.9225155193 ],
					[ 29.1020071504, 40.9277489578 ],
					[ 29.1002944212, 40.9320212591 ],
					[ 29.0994095528, 40.9348944941 ],
					[ 29.0980886433, 40.9392964854 ],
					[ 29.0970127789, 40.9434536424 ],
					[ 29.0963017701, 40.9462977715 ],
					[ 29.0961759104, 40.9489641014 ],
					[ 29.0957656995, 40.9502414577 ],
					[ 29.0947523273, 40.9509458953 ],
					[ 29.0940577937, 40.9514859167 ]
				]
			},
			"properties" : {
				"ISIM_HAT" : "Kabataş-Adalar",
				"TUR_HAT" : "Şehir Hatları",
				"HAT_ROTA" : "Kabataş-Eminönü-Kadıköy-Kınalıada-Burgazada-Heybeliada-Büyükada-Bostancı"
			}
		},
		{
			"type" : "Feature",
			"geometry" : {
				"type" : "LineString",
				"coordinates" : [
					[ 29.0751996679, 41.1816276668 ],
					[ 29.075258324, 41.1814468276 ],
					[ 29.075313374, 41.1812653426 ],
					[ 29.075364808, 41.1810832532 ],
					[ 29.0754126133, 41.1809006006 ],
					[ 29.0754567789, 41.1807174254 ],
					[ 29.0754972945, 41.1805337688 ],
					[ 29.0755341524, 41.1803496741 ],
					[ 29.0755673426, 41.1801651807 ],
					[ 29.0755968598, 41.179980331 ],
					[ 29.075622695, 41.1797951672 ],
					[ 29.0756448441, 41.1796097316 ],
					[ 29.0756633007, 41.1794240646 ],
					[ 29.0756780616, 41.1792382095 ],
					[ 29.0756891241, 41.1790522077 ],
					[ 29.075696484, 41.1788661014 ],
					[ 29.0757001419, 41.178679932 ],
					[ 29.0757000948, 41.178493742 ],
					[ 29.0756963434, 41.1783075744 ],
					[ 29.0756888896, 41.1781214698 ],
					[ 29.0756777339, 41.1779354706 ],
					[ 29.0756628794, 41.17774962 ],
					[ 29.0756443291, 41.1775639585 ],
					[ 29.0756220883, 41.1773785285 ],
					[ 29.0755961614, 41.1771933723 ],
					[ 29.0755665536, 41.1770085315 ],
					[ 29.0755332716, 41.1768240474 ],
					[ 29.0754963244, 41.1766399625 ],
					[ 29.0754557198, 41.1764563182 ],
					[ 29.0754114655, 41.1762731551 ],
					[ 29.0753635741, 41.1760905157 ],
					[ 29.0753120546, 41.1759084405 ],
					[ 29.0752569195, 41.1757269711 ],
					[ 29.0751981802, 41.175546148 ],
					[ 29.0751358505, 41.1753660127 ],
					[ 29.0750699465, 41.1751866051 ],
					[ 29.0750004796, 41.1750079665 ],
					[ 29.0749274683, 41.1748301369 ],
					[ 29.0748509276, 41.1746531568 ],
					[ 29.0747708759, 41.1744770659 ],
					[ 29.0746873306, 41.174301904 ],
					[ 29.0746003104, 41.1741277101 ],
					[ 29.0745098348, 41.1739545246 ],
					[ 29.074415926, 41.1737823857 ],
					[ 29.0743186038, 41.1736113322 ],
					[ 29.0742178902, 41.1734414039 ],
					[ 29.0741138086, 41.1732726388 ],
					[ 29.0740063811, 41.1731050749 ],
					[ 29.0738956346, 41.1729387493 ],
					[ 29.0737815912, 41.1727736999 ],
					[ 29.0736642791, 41.172609964 ],
					[ 29.0735437238, 41.1724475795 ],
					[ 29.0734199513, 41.1722865826 ],
					[ 29.0732929918, 41.1721270088 ],
					[ 29.0731628736, 41.1719688951 ],
					[ 29.0730296248, 41.1718122768 ],
					[ 29.0728932758, 41.1716571894 ],
					[ 29.0727538583, 41.1715036681 ],
					[ 29.0726114041, 41.1713517466 ],
					[ 29.0724659436, 41.171201461 ],
					[ 29.072317511, 41.1710528442 ],
					[ 29.0721661403, 41.1709059286 ],
					[ 29.0720118644, 41.1707607498 ],
					[ 29.0718547187, 41.1706173386 ],
					[ 29.0716947395, 41.1704757286 ],
					[ 29.0715319623, 41.1703359515 ],
					[ 29.0713664223, 41.1701980384 ],
					[ 29.0711981597, 41.1700620209 ],
					[ 29.0710272108, 41.1699279292 ],
					[ 29.0708536159, 41.169795794 ],
					[ 29.0706774113, 41.1696656455 ],
					[ 29.0704986397, 41.1695375127 ],
					[ 29.0703173387, 41.169411424 ],
					[ 29.070133552, 41.1692874092 ],
					[ 29.0699473197, 41.1691654949 ],
					[ 29.0697586843, 41.1690457093 ],
					[ 29.0695676884, 41.1689280797 ],
					[ 29.0693743745, 41.1688126317 ],
					[ 29.0691787874, 41.1686993926 ],
					[ 29.0689809708, 41.1685883872 ],
					[ 29.0687809686, 41.1684796409 ],
					[ 29.0685788268, 41.1683731775 ],
					[ 29.0683745903, 41.1682690226 ],
					[ 29.0681683065, 41.1681671982 ],
					[ 29.0679600203, 41.168067728 ],
					[ 29.0677497814, 41.1679706349 ],
					[ 29.0675376336, 41.1678759392 ],
					[ 29.0673236278, 41.1677836645 ],
					[ 29.0671078125, 41.1676938303 ],
					[ 29.066890234, 41.1676064566 ],
					[ 29.0666709431, 41.1675215637 ],
					[ 29.0664499884, 41.1674391708 ],
					[ 29.0662274209, 41.1673592956 ],
					[ 29.0660032903, 41.1672819581 ],
					[ 29.0657776477, 41.1672071741 ],
					[ 29.0655505427, 41.1671349612 ],
					[ 29.0653220288, 41.1670653349 ],
					[ 29.0650921545, 41.166998312 ],
					[ 29.0648609745, 41.1669339064 ],
					[ 29.064628541, 41.1668721346 ],
					[ 29.0643949037, 41.166813008 ],
					[ 29.0641601184, 41.1667565422 ],
					[ 29.0639242362, 41.1667027485 ],
					[ 29.0636873117, 41.1666516398 ],
					[ 29.0634493972, 41.1666032275 ],
					[ 29.0632105472, 41.1665575228 ],
					[ 29.0629708152, 41.166514535 ],
					[ 29.0627302558, 41.1664742746 ],
					[ 29.0624889238, 41.1664367511 ],
					[ 29.0622468725, 41.1664019719 ],
					[ 29.0620041567, 41.1663699457 ],
					[ 29.0617608309, 41.1663406792 ],
					[ 29.0615169524, 41.1663141792 ],
					[ 29.0612725734, 41.1662904524 ],
					[ 29.0610277497, 41.1662695028 ],
					[ 29.0607825386, 41.1662513355 ],
					[ 29.0605369935, 41.1662359554 ],
					[ 29.0602911691, 41.1662233655 ],
					[ 29.0600451238, 41.1662135682 ],
					[ 29.0597989099, 41.1662065666 ],
					[ 29.0595525858, 41.1662023613 ],
					[ 29.0593062062, 41.1662009543 ],
					[ 29.0590598259, 41.1662023453 ],
					[ 29.0588135009, 41.1662065338 ],
					[ 29.0585672872, 41.1662135195 ],
					[ 29.0583212395, 41.1662233 ],
					[ 29.0580754151, 41.1662358739 ],
					[ 29.0578298676, 41.1662512374 ],
					[ 29.0575846542, 41.166269388 ],
					[ 29.0576577418, 41.1656850968 ],
					[ 29.0574811365, 41.1650786254 ],
					[ 29.0572289532, 41.1647574648 ],
					[ 29.056922163, 41.1644692162 ],
					[ 29.0561140402, 41.1635131309 ],
					[ 29.0552244103, 41.1628983324 ],
					[ 29.0538809767, 41.1624077455 ],
					[ 29.0515114629, 41.1617362184 ],
					[ 29.0493374838, 41.161241793 ],
					[ 29.0475494346, 41.1609289731 ],
					[ 29.0463053027, 41.1607334741 ],
					[ 29.0468939099, 41.1602843133 ],
					[ 29.0492676545, 41.1593525921 ],
					[ 29.0538897553, 41.1585270431 ],
					[ 29.0564747031, 41.1576042322 ],
					[ 29.0577562054, 41.1570816674 ],
					[ 29.0586937722, 41.1567289997 ],
					[ 29.0592487991, 41.1563076849 ],
					[ 29.0595982196, 41.155820468 ],
					[ 29.0597531874, 41.1552453761 ],
					[ 29.0599126611, 41.1546709889 ],
					[ 29.0600766332, 41.1540973261 ],
					[ 29.0602450983, 41.1535244073 ],
					[ 29.0604180515, 41.1529522523 ],
					[ 29.0605954839, 41.1523808828 ],
					[ 29.0607773915, 41.1518103174 ],
					[ 29.0609637681, 41.1512405769 ],
					[ 29.0611546049, 41.150671681 ],
					[ 29.0613498967, 41.1501036494 ],
					[ 29.061549636, 41.1495365027 ],
					[ 29.0617538152, 41.1489702607 ],
					[ 29.0619624281, 41.1484049422 ],
					[ 29.062175467, 41.1478405687 ],
					[ 29.0624272453, 41.1471893535 ],
					[ 29.0626849164, 41.1465394571 ],
					[ 29.0629484676, 41.1458909107 ],
					[ 29.0632178854, 41.1452437431 ],
					[ 29.0634931573, 41.1445979856 ],
					[ 29.0637742719, 41.1439536678 ],
					[ 29.0640612143, 41.1433108211 ],
					[ 29.0643539709, 41.142669475 ],
					[ 29.0646525292, 41.1420296591 ],
					[ 29.0649568731, 41.1413914038 ],
					[ 29.0652669889, 41.1407547395 ],
					[ 29.0655828619, 41.140119695 ],
					[ 29.0659044783, 41.1394863007 ],
					[ 29.0662318209, 41.138854587 ],
					[ 29.066564876, 41.1382245817 ],
					[ 29.0669036264, 41.137596316 ],
					[ 29.0672480573, 41.1369698187 ],
					[ 29.0675981502, 41.1363451192 ],
					[ 29.0679538915, 41.1357222462 ],
					[ 29.0683152628, 41.1351012302 ],
					[ 29.0686822457, 41.1344820996 ],
					[ 29.0690548254, 41.1338648832 ],
					[ 29.0694329834, 41.1332496096 ],
					[ 29.0698167014, 41.1326363083 ],
					[ 29.070205961, 41.1320250088 ],
					[ 29.070600745, 41.1314157379 ],
					[ 29.0710010338, 41.1308085251 ],
					[ 29.0714068078, 41.1302033991 ],
					[ 29.0718180499, 41.1296003883 ],
					[ 29.0722347393, 41.1289995197 ],
					[ 29.0726568553, 41.1284008236 ],
					[ 29.0730843806, 41.1278043259 ],
					[ 29.0732096989, 41.1275159485 ],
					[ 29.0733268483, 41.1272256135 ],
					[ 29.0734357734, 41.1269334545 ],
					[ 29.073536426, 41.1266396036 ],
					[ 29.0736287603, 41.1263441955 ],
					[ 29.073712734, 41.1260473641 ],
					[ 29.0737883096, 41.1257492449 ],
					[ 29.0738554519, 41.1254499747 ],
					[ 29.0739141306, 41.1251496883 ],
					[ 29.07396432, 41.1248485231 ],
					[ 29.0740059957, 41.1245466169 ],
					[ 29.0740391404, 41.1242441063 ],
					[ 29.0740637379, 41.1239411299 ],
					[ 29.0740797782, 41.1236378254 ],
					[ 29.0740872547, 41.1233343313 ],
					[ 29.0740861618, 41.1230307855 ],
					[ 29.0740817949, 41.1228604569 ],
					[ 29.074074729, 41.1226901805 ],
					[ 29.0740649674, 41.1225199796 ],
					[ 29.0740525098, 41.1223498804 ],
					[ 29.0740373594, 41.1221799055 ],
					[ 29.0740195159, 41.1220100799 ],
					[ 29.0739989849, 41.1218404282 ],
					[ 29.0739757673, 41.1216709754 ],
					[ 29.0739498676, 41.1215017442 ],
					[ 29.0739212878, 41.1213327597 ],
					[ 29.0738900347, 41.1211640464 ],
					[ 29.0738561103, 41.1209956286 ],
					[ 29.0738195204, 41.1208275306 ],
					[ 29.0737802717, 41.1206597749 ],
					[ 29.0737383675, 41.1204923878 ],
					[ 29.0736938147, 41.1203253918 ],
					[ 29.07364662, 41.1201588111 ],
					[ 29.0735967914, 41.1199926704 ],
					[ 29.0735443335, 41.1198269928 ],
					[ 29.0734892554, 41.119661802 ],
					[ 29.0734315639, 41.1194971223 ],
					[ 29.0733712695, 41.1193329773 ],
					[ 29.073308379, 41.1191693902 ],
					[ 29.0732429016, 41.1190063838 ],
					[ 29.0731748477, 41.1188439833 ],
					[ 29.0731042253, 41.1186822096 ],
					[ 29.0730310473, 41.1185210878 ],
					[ 29.0729553216, 41.1183606406 ],
					[ 29.0728770598, 41.1182008915 ],
					[ 29.0727962747, 41.1180418622 ],
					[ 29.0727129756, 41.1178835753 ],
					[ 29.0726271753, 41.1177260551 ],
					[ 29.0725388877, 41.1175693234 ],
					[ 29.0724481232, 41.1174134028 ],
					[ 29.0723548959, 41.1172583159 ],
					[ 29.0722592185, 41.1171040835 ],
					[ 29.0721611061, 41.1169507301 ],
					[ 29.0720605718, 41.1167982755 ],
					[ 29.0719576293, 41.1166467432 ],
					[ 29.0718522962, 41.1164961542 ],
					[ 29.0717445843, 41.11634653 ],
					[ 29.071634511, 41.1161978916 ],
					[ 29.0715220916, 41.1160502616 ],
					[ 29.0714073423, 41.1159036608 ],
					[ 29.0712902797, 41.11575811 ],
					[ 29.0711709201, 41.1156136292 ],
					[ 29.071049281, 41.115470241 ],
					[ 29.0709253801, 41.1153279645 ],
					[ 29.0707992349, 41.1151868205 ],
					[ 29.0706708642, 41.115046829 ],
					[ 29.0705402856, 41.1149080108 ],
					[ 29.0704075178, 41.1147703858 ],
					[ 29.0702725796, 41.1146339723 ],
					[ 29.0701354911, 41.1144987919 ],
					[ 29.0699962721, 41.1143648629 ],
					[ 29.0698549427, 41.1142322043 ],
					[ 29.0697115217, 41.1141008351 ],
					[ 29.0695660313, 41.1139707754 ],
					[ 29.0694184916, 41.1138420424 ],
					[ 29.0692689237, 41.1137146551 ],
					[ 29.06911735, 41.1135886318 ],
					[ 29.0689637906, 41.1134639906 ],
					[ 29.0688082701, 41.1133407498 ],
					[ 29.0686508086, 41.1132189256 ],
					[ 29.0684271041, 41.113050758 ],
					[ 29.0682695103, 41.1129356081 ],
					[ 29.0681101531, 41.1128218546 ],
					[ 29.0680341233, 41.1127629124 ],
					[ 29.067956174, 41.1127054224 ],
					[ 29.067830706, 41.1126186215 ],
					[ 29.0677008646, 41.1125355813 ],
					[ 29.0676081322, 41.1124801378 ],
					[ 29.067513449, 41.1124266126 ],
					[ 29.0674168856, 41.1123750467 ],
					[ 29.0673185119, 41.1123254759 ],
					[ 29.0672183999, 41.1122779366 ],
					[ 29.0671166229, 41.1122324656 ],
					[ 29.0670132556, 41.112189094 ],
					[ 29.0669083747, 41.1121478549 ],
					[ 29.0667918245, 41.112105158 ],
					[ 29.0666736513, 41.1120650941 ],
					[ 29.0665539594, 41.1120276984 ],
					[ 29.0664328531, 41.1119930031 ],
					[ 29.0663104403, 41.1119610399 ],
					[ 29.0661868289, 41.1119318357 ],
					[ 29.0660621257, 41.1119054174 ],
					[ 29.0659364422, 41.1118818066 ],
					[ 29.0658098877, 41.1118610259 ],
					[ 29.065682575, 41.1118430924 ],
					[ 29.0655546146, 41.1118280223 ],
					[ 29.0654261193, 41.111815829 ],
					[ 29.0652972022, 41.1118065226 ],
					[ 29.0651679774, 41.111800112 ],
					[ 29.065038559, 41.1117966018 ],
					[ 29.064909059, 41.1117959965 ],
					[ 29.064776153, 41.111798396 ],
					[ 29.0646434047, 41.1118038554 ],
					[ 29.0645109382, 41.1118123675 ],
					[ 29.0643788759, 41.1118239263 ],
					[ 29.0642473397, 41.11183852 ],
					[ 29.0641164521, 41.1118561362 ],
					[ 29.063986335, 41.111876757 ],
					[ 29.0638571075, 41.1119003643 ],
					[ 29.0637288891, 41.1119269358 ],
					[ 29.0636018015, 41.1119564473 ],
					[ 29.0634759595, 41.1119888717 ],
					[ 29.0633514811, 41.1120241776 ],
					[ 29.0632284813, 41.1120623336 ],
					[ 29.0631070736, 41.1121033036 ],
					[ 29.0629873729, 41.1121470499 ],
					[ 29.0628694867, 41.112193532 ],
					[ 29.0627535278, 41.1122427074 ],
					[ 29.0626396002, 41.1122945295 ],
					[ 29.062527813, 41.1123489504 ],
					[ 29.0624182668, 41.1124059196 ],
					[ 29.062311065, 41.1124653848 ],
					[ 29.0622063058, 41.1125272911 ],
					[ 29.0621040876, 41.1125915798 ],
					[ 29.0620045043, 41.1126581932 ],
					[ 29.0619076483, 41.1127270681 ],
					[ 29.0618136098, 41.1127981413 ],
					[ 29.0617224756, 41.1128713459 ],
					[ 29.0616343298, 41.1129466161 ],
					[ 29.0615492545, 41.1130238796 ],
					[ 29.0614673293, 41.1131030667 ],
					[ 29.061388629, 41.1131841035 ],
					[ 29.0613132274, 41.1132669148 ],
					[ 29.0613053018, 41.113092899 ],
					[ 29.0612949501, 41.1129189571 ],
					[ 29.061282173, 41.1127451061 ],
					[ 29.0612669716, 41.1125713678 ],
					[ 29.0612493481, 41.1123977601 ],
					[ 29.0612293044, 41.1122243028 ],
					[ 29.0612068415, 41.1120510149 ],
					[ 29.061181964, 41.1118779153 ],
					[ 29.0611546728, 41.1117050248 ],
					[ 29.0611249724, 41.1115323613 ],
					[ 29.061092865, 41.1113599438 ],
					[ 29.0610583549, 41.1111877922 ],
					[ 29.0610214468, 41.1110159262 ],
					[ 29.0609821427, 41.1108443639 ],
					[ 29.0609404484, 41.1106731244 ],
					[ 29.0608963683, 41.1105022273 ],
					[ 29.0608499071, 41.1103316907 ],
					[ 29.0608010703, 41.1101615355 ],
					[ 29.0607498625, 41.1099917787 ],
					[ 29.0606962918, 41.1098224393 ],
					[ 29.0606403614, 41.1096535381 ],
					[ 29.0605820784, 41.1094850913 ],
					[ 29.0605214495, 41.1093171197 ],
					[ 29.0604584829, 41.1091496404 ],
					[ 29.060393183, 41.1089826732 ],
					[ 29.060325558, 41.1088162355 ],
					[ 29.0602556172, 41.1086503479 ],
					[ 29.0601833661, 41.1084850266 ],
					[ 29.0601088131, 41.1083202908 ],
					[ 29.0600319683, 41.1081561592 ],
					[ 29.0599528377, 41.1079926501 ],
					[ 29.0598714329, 41.1078297815 ],
					[ 29.0597877607, 41.1076675714 ],
					[ 29.0597018304, 41.1075060371 ],
					[ 29.0596136538, 41.1073451975 ],
					[ 29.0595232388, 41.1071850707 ],
					[ 29.0594305961, 41.1070256739 ],
					[ 29.0593357347, 41.1068670252 ],
					[ 29.0592386677, 41.1067091426 ],
					[ 29.0591394043, 41.1065520426 ],
					[ 29.0590379561, 41.1063957439 ],
					[ 29.0589343337, 41.1062402622 ],
					[ 29.0588285498, 41.1060856163 ],
					[ 29.058720615, 41.1059318234 ],
					[ 29.0586105422, 41.1057788999 ],
					[ 29.058498343, 41.1056268629 ],
					[ 29.0583840303, 41.1054757296 ],
					[ 29.0582676157, 41.1053255165 ],
					[ 29.0581491145, 41.1051762406 ],
					[ 29.0580285384, 41.1050279183 ],
					[ 29.0579059002, 41.1048805667 ],
					[ 29.0577812152, 41.1047342014 ],
					[ 29.0576544963, 41.1045888395 ],
					[ 29.0575257574, 41.1044444955 ],
					[ 29.0573950128, 41.1043011875 ],
					[ 29.0572622776, 41.1041589301 ],
					[ 29.0571275671, 41.1040177397 ],
					[ 29.0569908954, 41.1038776324 ],
					[ 29.0568522777, 41.1037386229 ],
					[ 29.0567117292, 41.1036007265 ],
					[ 29.0565692665, 41.1034639596 ],
					[ 29.0564249048, 41.1033283368 ],
					[ 29.0562786605, 41.1031938734 ],
					[ 29.0561305502, 41.103060584 ],
					[ 29.0562888969, 41.1025976912 ],
					[ 29.0564422625, 41.1021338398 ],
					[ 29.0565906373, 41.1016690603 ],
					[ 29.0567340114, 41.1012033843 ],
					[ 29.056872376, 41.1007368413 ],
					[ 29.0570057213, 41.1002694638 ],
					[ 29.0571340387, 41.0998012813 ],
					[ 29.0572573194, 41.0993323254 ],
					[ 29.057375556, 41.0988626267 ],
					[ 29.0574887411, 41.0983922165 ],
					[ 29.057596867, 41.0979211254 ],
					[ 29.0576999276, 41.0974493851 ],
					[ 29.0577979141, 41.0969770277 ],
					[ 29.0578908215, 41.096504082 ],
					[ 29.0579786435, 41.0960305815 ],
					[ 29.0580613737, 41.0955565557 ],
					[ 29.0581390083, 41.0950820379 ],
					[ 29.058211541, 41.0946070578 ],
					[ 29.0582789678, 41.0941316469 ],
					[ 29.0583412849, 41.0936558375 ],
					[ 29.0583984859, 41.0931796613 ],
					[ 29.0584505706, 41.0927031478 ],
					[ 29.0584975326, 41.0922263304 ],
					[ 29.0585393704, 41.0917492396 ],
					[ 29.05857608, 41.0912719078 ],
					[ 29.0586076613, 41.0907943658 ],
					[ 29.0586341113, 41.0903166449 ],
					[ 29.0586554287, 41.0898387775 ],
					[ 29.0586716107, 41.0893607953 ],
					[ 29.0586826581, 41.0888827287 ],
					[ 29.0586885682, 41.0884046102 ],
					[ 29.058689343, 41.0879264704 ],
					[ 29.0586865478, 41.0875673018 ],
					[ 29.0586808531, 41.0872081535 ],
					[ 29.0586722613, 41.0868490374 ],
					[ 29.058660771, 41.0864899678 ],
					[ 29.0586463845, 41.0861309583 ],
					[ 29.0586291015, 41.0857720214 ],
					[ 29.0586089232, 41.0854131716 ],
					[ 29.0585858494, 41.0850544215 ],
					[ 29.0585519178, 41.0845931863 ],
					[ 29.058513203, 41.0841321667 ],
					[ 29.0584697049, 41.0836713917 ],
					[ 29.0584214266, 41.083210889 ],
					[ 29.0583460085, 41.0829040631 ],
					[ 29.0582536773, 41.0825565613 ],
					[ 29.0581542694, 41.0822101785 ],
					[ 29.0580478076, 41.0818649975 ],
					[ 29.0579343182, 41.0815211016 ],
					[ 29.0578138275, 41.0811785719 ],
					[ 29.0576863653, 41.0808374905 ],
					[ 29.0575519617, 41.0804979379 ],
					[ 29.0574106487, 41.0801599953 ],
					[ 29.0572624599, 41.0798237439 ],
					[ 29.0571074312, 41.0794892625 ],
					[ 29.0569455994, 41.0791566323 ],
					[ 29.056777003, 41.078825931 ],
					[ 29.0566016824, 41.0784972382 ],
					[ 29.0564196784, 41.0781706325 ],
					[ 29.0562310362, 41.0778461909 ],
					[ 29.0560358, 41.0775239909 ],
					[ 29.0559113312, 41.077325179 ],
					[ 29.0557843512, 41.0771272783 ],
					[ 29.055654873, 41.076930307 ],
					[ 29.0555229069, 41.076734283 ],
					[ 29.055388467, 41.0765392246 ],
					[ 29.0552574644, 41.0764418032 ],
					[ 29.0550349824, 41.0763685068 ],
					[ 29.0547603906, 41.0763066943 ],
					[ 29.0539782288, 41.0761567414 ],
					[ 29.0533163607, 41.0760462786 ],
					[ 29.0527424702, 41.0759670088 ],
					[ 29.0519404317, 41.0759127641 ],
					[ 29.0512174366, 41.075835341 ],
					[ 29.0502889694, 41.0758157801 ],
					[ 29.0494692012, 41.0757723907 ],
					[ 29.0485718817, 41.0758065191 ],
					[ 29.0472593495, 41.0759741605 ],
					[ 29.0445507448, 41.076320062 ],
					[ 29.0456907188, 41.076082675 ],
					[ 29.0467528182, 41.0756895551 ],
					[ 29.0478730179, 41.075031768 ],
					[ 29.0483534444, 41.0746361123 ],
					[ 29.0488976583, 41.0740502321 ],
					[ 29.0492269448, 41.0735741822 ],
					[ 29.0495530168, 41.0729018937 ],
					[ 29.0497268735, 41.0722912804 ],
					[ 29.0497825824, 41.0718936277 ],
					[ 29.0497953666, 41.0716271737 ],
					[ 29.0496672444, 41.0706230791 ],
					[ 29.0496096015, 41.070171328 ],
					[ 29.049562496, 41.0700253435 ],
					[ 29.049512926, 41.0698717228 ],
					[ 29.0494784987, 41.0697650299 ],
					[ 29.0494510954, 41.0696801053 ],
					[ 29.0494017788, 41.0695272664 ],
					[ 29.0493593348, 41.0693957273 ],
					[ 29.0492443327, 41.0690312231 ],
					[ 29.0491528908, 41.0688231991 ],
					[ 29.0490598966, 41.0686047784 ],
					[ 29.0489524682, 41.0683826016 ],
					[ 29.0488387828, 41.0681419781 ],
					[ 29.0487326635, 41.0679695691 ],
					[ 29.0485939028, 41.0677493555 ],
					[ 29.0485441878, 41.0676833897 ],
					[ 29.0484920816, 41.0676184891 ],
					[ 29.0484376228, 41.0675547046 ],
					[ 29.0483808546, 41.067492085 ],
					[ 29.0483218205, 41.0674306767 ],
					[ 29.0482605636, 41.0673705277 ],
					[ 29.0481971334, 41.0673116843 ],
					[ 29.0481315757, 41.0672541911 ],
					[ 29.0480218061, 41.0671646652 ],
					[ 29.0479068854, 41.0670789234 ],
					[ 29.0477870395, 41.0669971343 ],
					[ 29.0476625064, 41.0669194592 ],
					[ 29.0475335326, 41.066846053 ],
					[ 29.0474003717, 41.0667770612 ],
					[ 29.0472632894, 41.0667126191 ],
					[ 29.0471225564, 41.0666528541 ],
					[ 29.0469784517, 41.0665978865 ],
					[ 29.046831258, 41.0665478222 ],
					[ 29.046681269, 41.0665027626 ],
					[ 29.0465287807, 41.0664627957 ],
					[ 29.0463740954, 41.0664280014 ],
					[ 29.0462175178, 41.066398447 ],
					[ 29.0460593587, 41.0663741929 ],
					[ 29.0458999316, 41.0663552856 ],
					[ 29.045739551, 41.0663417638 ],
					[ 29.0455785342, 41.0663336527 ],
					[ 29.0454171999, 41.0663309692 ],
					[ 29.0452558679, 41.0663337197 ],
					[ 29.0450948571, 41.0663418968 ],
					[ 29.0449344866, 41.0663554852 ],
					[ 29.0447750731, 41.0663744578 ],
					[ 29.0446169313, 41.0663987776 ],
					[ 29.044460376, 41.0664283959 ],
					[ 29.0443057148, 41.066463255 ],
					[ 29.0441532557, 41.0665032844 ],
					[ 29.0440032997, 41.0665484065 ],
					[ 29.043856143, 41.066598531 ],
					[ 29.0437120762, 41.0666535587 ],
					[ 29.0435713864, 41.0667133811 ],
					[ 29.0434343512, 41.06677788 ],
					[ 29.0433834524, 41.0664305988 ],
					[ 29.0433275283, 41.0660837603 ],
					[ 29.0432665865, 41.0657374059 ],
					[ 29.0432006327, 41.0653915781 ],
					[ 29.0431296768, 41.0650463182 ],
					[ 29.0430537255, 41.0647016678 ],
					[ 29.0429727903, 41.0643576675 ],
					[ 29.0428868789, 41.0640143596 ],
					[ 29.0427960026, 41.0636717848 ],
					[ 29.042700173, 41.0633299836 ],
					[ 29.0425994, 41.0629889985 ],
					[ 29.0424936976, 41.0626488692 ],
					[ 29.0423830771, 41.0623096371 ],
					[ 29.0422675534, 41.0619713429 ],
					[ 29.042147139, 41.0616340272 ],
					[ 29.0420218479, 41.0612977298 ],
					[ 29.0418916972, 41.060962493 ],
					[ 29.0417567019, 41.0606283548 ],
					[ 29.0416168782, 41.0602953559 ],
					[ 29.0414722422, 41.0599635378 ],
					[ 29.0413228124, 41.0596329384 ],
					[ 29.0411686074, 41.0593035992 ],
					[ 29.0410096433, 41.0589755574 ],
					[ 29.040845941, 41.0586488545 ],
					[ 29.0406775201, 41.0583235294 ],
					[ 29.0405044005, 41.0579996199 ],
					[ 29.0403266043, 41.057677166 ],
					[ 29.040144151, 41.0573562056 ],
					[ 29.0399570629, 41.0570367784 ],
					[ 29.0397653644, 41.0567189215 ],
					[ 29.0395690764, 41.0564026738 ],
					[ 29.0393682235, 41.0560880734 ],
					[ 29.03916283, 41.0557751573 ],
					[ 29.0389529205, 41.0554639635 ],
					[ 29.0387385194, 41.0551545291 ],
					[ 29.0385196537, 41.0548468921 ],
					[ 29.0382963501, 41.0545410888 ],
					[ 29.0380686332, 41.0542371563 ],
					[ 29.0378365334, 41.0539351298 ],
					[ 29.0376000753, 41.0536350465 ],
					[ 29.0373592903, 41.0533369426 ],
					[ 29.0371142067, 41.0530408544 ],
					[ 29.0368648524, 41.0527468154 ],
					[ 29.0366112579, 41.0524548628 ],
					[ 29.0363534549, 41.0521650309 ],
					[ 29.0360914737, 41.0518773551 ],
					[ 29.0358253461, 41.0515918691 ],
					[ 29.0355551037, 41.0513086071 ],
					[ 29.0352807793, 41.0510276038 ],
					[ 29.0350024046, 41.0507488926 ],
					[ 29.0347200147, 41.0504725072 ],
					[ 29.0344336437, 41.0501984802 ],
					[ 29.0341433245, 41.0499268442 ],
					[ 29.0338490923, 41.0496576329 ],
					[ 29.0335509835, 41.0493908789 ],
					[ 29.0332490333, 41.0491266123 ],
					[ 29.0329432781, 41.0488648666 ],
					[ 29.0326337544, 41.0486056718 ],
					[ 29.0323204997, 41.0483490605 ],
					[ 29.0320035506, 41.048095062 ],
					[ 29.031682947, 41.047843708 ],
					[ 29.0313587265, 41.0475950285 ],
					[ 29.0310309267, 41.0473490527 ],
					[ 29.0306995901, 41.0471058105 ],
					[ 29.0303163732, 41.046831017 ],
					[ 29.0299286397, 41.0465598797 ],
					[ 29.0295364519, 41.0462924421 ],
					[ 29.02913987, 41.0460287445 ],
					[ 29.0279243902, 41.0452605108 ],
					[ 29.0273806016, 41.0451015234 ],
					[ 29.0269366031, 41.045121599 ],
					[ 29.0265573449, 41.0452327525 ],
					[ 29.0261495431, 41.045572375 ],
					[ 29.0259317046, 41.0460470161 ],
					[ 29.0257028783, 41.0468205957 ],
					[ 29.0256855144, 41.0471764118 ],
					[ 29.0253433753, 41.046635578 ],
					[ 29.024784263, 41.0455274699 ],
					[ 29.0241269685, 41.044449824 ],
					[ 29.0238302641, 41.0440851844 ],
					[ 29.023461154, 41.0435490517 ],
					[ 29.0230646162, 41.0430876116 ],
					[ 29.0226499203, 41.0426748334 ],
					[ 29.0222409769, 41.0423464645 ],
					[ 29.0217774582, 41.0421513489 ],
					[ 29.0213107332, 41.0419606658 ],
					[ 29.0208408764, 41.0417744473 ],
					[ 29.0203679622, 41.0415927212 ],
					[ 29.0198827702, 41.0414121116 ],
					[ 29.0193945576, 41.0412362311 ],
					[ 29.018903406, 41.0410651095 ],
					[ 29.0184093958, 41.0408987742 ],
					[ 29.0178718801, 41.0407242638 ],
					[ 29.0173312193, 41.0405554193 ],
					[ 29.0169086236, 41.0404281065 ],
					[ 29.0167329244, 41.0403786114 ],
					[ 29.0165561379, 41.0403313849 ],
					[ 29.0162730112, 41.0402610132 ],
					[ 29.0159874769, 41.0401964569 ],
					[ 29.0156997449, 41.0401377646 ],
					[ 29.0154100239, 41.0400849768 ],
					[ 29.0151185259, 41.040038134 ],
					[ 29.0148254633, 41.0399972694 ],
					[ 29.0145310496, 41.0399624129 ],
					[ 29.0142355009, 41.0399335906 ],
					[ 29.0139390319, 41.0399108223 ],
					[ 29.0136418577, 41.0398941252 ],
					[ 29.0133441979, 41.0398835119 ],
					[ 29.0130462665, 41.0398789897 ],
					[ 29.0127482833, 41.0398805613 ],
					[ 29.0124504659, 41.0398882268 ],
					[ 29.0121530295, 41.0399019801 ],
					[ 29.0118561919, 41.0399218111 ],
					[ 29.0115601708, 41.0399477047 ],
					[ 29.0112651804, 41.039979643 ],
					[ 29.0109714376, 41.0400176025 ],
					[ 29.0106791554, 41.0400615554 ],
					[ 29.0103885484, 41.0401114694 ],
					[ 29.0100998276, 41.0401673084 ],
					[ 29.0098132028, 41.040229032 ],
					[ 29.0095288851, 41.0402965942 ],
					[ 29.0092470809, 41.0403699455 ],
					[ 29.0089679966, 41.0404490337 ],
					[ 29.0086918342, 41.0405338002 ],
					[ 29.0084187966, 41.0406241837 ],
					[ 29.0081490821, 41.0407201185 ],
					[ 29.0078828893, 41.0408215333 ],
					[ 29.0076204105, 41.0409283551 ],
					[ 29.0073618374, 41.0410405055 ],
					[ 29.0069841024, 41.0405818924 ],
					[ 29.006601144, 41.0401257704 ],
					[ 29.0062129916, 41.039672174 ],
					[ 29.0058196731, 41.0392211376 ],
					[ 29.0054212191, 41.0387726929 ],
					[ 29.00501766, 41.0383268761 ],
					[ 29.0046090239, 41.0378837189 ],
					[ 29.0041953438, 41.0374432541 ],
					[ 29.0037766488, 41.0370055159 ],
					[ 29.0033529718, 41.0365705371 ],
					[ 29.0029243444, 41.0361383493 ],
					[ 29.0024907985, 41.0357089844 ],
					[ 29.0020523655, 41.0352824758 ],
					[ 29.0016090808, 41.0348588553 ],
					[ 29.0011609748, 41.0344381538 ],
					[ 29.0007080828, 41.0340204029 ],
					[ 29.0002504388, 41.0336056337 ],
					[ 28.9997880768, 41.0331938786 ],
					[ 28.9993210309, 41.0327851659 ],
					[ 28.9988493375, 41.0323795292 ],
					[ 28.9983730306, 41.0319769965 ],
					[ 28.9978921455, 41.0315775988 ],
					[ 28.9974067199, 41.0311813652 ],
					[ 28.9969167901, 41.0307883264 ],
					[ 28.9964223913, 41.0303985117 ],
					[ 28.9959235612, 41.0300119491 ],
					[ 28.9954203374, 41.0296286687 ],
					[ 28.9949127575, 41.0292486995 ],
					[ 28.9944008604, 41.0288720679 ],
					[ 28.9938846824, 41.028498804 ],
					[ 28.9933642635, 41.028128935 ],
					[ 28.9928396438, 41.0277624882 ],
					[ 28.9923108597, 41.0273994918 ],
					[ 28.9917779535, 41.0270399713 ],
					[ 28.9912409641, 41.0266839558 ],
					[ 28.9906999315, 41.0263314709 ],
					[ 28.9901548956, 41.0259825429 ],
					[ 28.9896058989, 41.0256371974 ],
					[ 28.9890529814, 41.0252954616 ],
					[ 28.9884961842, 41.0249573593 ],
					[ 28.9879355498, 41.024622917 ],
					[ 28.9873711204, 41.02429216 ],
					[ 28.9868029363, 41.0239651114 ],
					[ 28.9862310432, 41.0236417974 ],
					[ 28.9856554812, 41.023322241 ],
					[ 28.9850762939, 41.0230064658 ],
					[ 28.9844935249, 41.0226944965 ],
					[ 28.9839072189, 41.0223863569 ],
					[ 28.9833174172, 41.022082068 ],
					[ 28.9827241668, 41.0217816544 ],
					[ 28.9821275103, 41.0214851372 ],
					[ 28.9815274936, 41.0211925393 ],
					[ 28.9809241602, 41.0209038826 ],
					[ 28.9803175561, 41.0206191881 ],
					[ 28.9797077262, 41.0203384778 ],
					[ 28.9793022681, 41.0201117459 ],
					[ 28.9789607731, 41.0199147959 ],
					[ 28.978702982, 41.0197613846 ],
					[ 28.9781053461, 41.0194073511 ],
					[ 28.9776412756, 41.0191336373 ],
					[ 28.9770028683, 41.018758221 ],
					[ 28.9761255502, 41.0182110504 ],
					[ 28.9756323546, 41.0178845651 ],
					[ 28.9751598563, 41.0175457041 ]
				]
			},
			"properties" : {
				"ISIM_HAT" : "Rumeli Kavağı-Eminönü",
				"TUR_HAT" : "Şehir Hatları",
				"HAT_ROTA" : "Rumeli Kavağı-Sarıyer-Büyükdere-İstinye-Emirgan-Bebek-Arnavutköy-Ortaköy-Beşiktaş-Eminönü"
			}
		},
		{
			"type" : "Feature",
			"geometry" : {
				"type" : "LineString",
				"coordinates" : [
					[ 29.1273130337, 40.8745379768 ],
					[ 29.1272141025, 40.8746852931 ],
					[ 29.1271053034, 40.8749435002 ],
					[ 29.1269702591, 40.8751157083 ],
					[ 29.1267988459, 40.8753342923 ],
					[ 29.1264707012, 40.8756199464 ],
					[ 29.1257716385, 40.8761127326 ],
					[ 29.1252900971, 40.8763030063 ],
					[ 29.124870311, 40.8764541873 ],
					[ 29.124443321, 40.8766040873 ],
					[ 29.1240458515, 40.8766837548 ],
					[ 29.1236474981, 40.8767608414 ],
					[ 29.1232482929, 40.8768353431 ],
					[ 29.1228482621, 40.8769072537 ],
					[ 29.1224474378, 40.876976568 ],
					[ 29.1220458463, 40.8770432817 ],
					[ 29.1216435196, 40.8771073888 ],
					[ 29.1212404841, 40.8771688849 ],
					[ 29.120836773, 40.8772277658 ],
					[ 29.1204324126, 40.8772840281 ],
					[ 29.1200274325, 40.8773376657 ],
					[ 29.119621865, 40.8773886761 ],
					[ 29.1192157373, 40.877437055 ],
					[ 29.1188090793, 40.8774827991 ],
					[ 29.1184019219, 40.8775259058 ],
					[ 29.1179942936, 40.8775663701 ],
					[ 29.1175862243, 40.8776041912 ],
					[ 29.1171777448, 40.8776393639 ],
					[ 29.1167688836, 40.8776718885 ],
					[ 29.1163596706, 40.8777017597 ],
					[ 29.1159501378, 40.8777289779 ],
					[ 29.1155403126, 40.8777535396 ],
					[ 29.1151302259, 40.8777754432 ],
					[ 29.1147199075, 40.8777946873 ],
					[ 29.114309387, 40.8778112701 ],
					[ 29.1138986954, 40.8778251911 ],
					[ 29.1134878624, 40.8778364496 ],
					[ 29.1130769166, 40.877845043 ],
					[ 29.1126658899, 40.8778509726 ],
					[ 29.112254811, 40.8778542368 ],
					[ 29.1118437108, 40.8778548357 ],
					[ 29.1114326189, 40.8778527696 ],
					[ 29.1110215651, 40.8778480379 ],
					[ 29.110610579, 40.8778406417 ],
					[ 29.1101996916, 40.8778305811 ],
					[ 29.1097889325, 40.8778178575 ],
					[ 29.1093783327, 40.8778024709 ],
					[ 29.1089679194, 40.8777844225 ],
					[ 29.108557726, 40.8777637135 ],
					[ 29.1081477796, 40.8777403467 ],
					[ 29.1077381125, 40.8777143225 ],
					[ 29.1073287518, 40.8776856437 ],
					[ 29.1069197296, 40.8776543115 ],
					[ 29.1065110757, 40.8776203288 ],
					[ 29.1061787406, 40.8776057992 ],
					[ 29.1058474015, 40.8776025177 ],
					[ 29.1053206349, 40.8776180016 ],
					[ 29.10505324, 40.8776370997 ],
					[ 29.1045688694, 40.8776816547 ],
					[ 29.1040668642, 40.8777342127 ],
					[ 29.103661174, 40.8777811103 ],
					[ 29.1031796294, 40.8778650651 ],
					[ 29.1025363919, 40.8779796436 ],
					[ 29.1021691548, 40.8780510442 ],
					[ 29.1017512712, 40.8781285919 ],
					[ 29.1014972776, 40.8781692965 ],
					[ 29.1011915061, 40.8781490451 ],
					[ 29.1008455852, 40.8780452291 ],
					[ 29.1006308124, 40.8780094125 ],
					[ 29.1011385132, 40.8783076482 ],
					[ 29.101406677, 40.8784857593 ],
					[ 29.1015119387, 40.878608308 ],
					[ 29.1018423633, 40.8789929964 ],
					[ 29.1021694621, 40.8794295293 ],
					[ 29.1024604809, 40.880080105 ],
					[ 29.1025357041, 40.8806821856 ],
					[ 29.102608544, 40.8812844358 ],
					[ 29.1026790005, 40.8818868483 ],
					[ 29.1027470725, 40.8824894196 ],
					[ 29.1028127612, 40.8830921424 ],
					[ 29.1028760631, 40.8836950122 ],
					[ 29.1029369804, 40.8842980246 ],
					[ 29.102995511, 40.8849011723 ],
					[ 29.1030516535, 40.8855044508 ],
					[ 29.1031054092, 40.8861078538 ],
					[ 29.1031567756, 40.8867113778 ],
					[ 29.1032057541, 40.8873150154 ],
					[ 29.1032523434, 40.8879187623 ],
					[ 29.1032965424, 40.8885226121 ],
					[ 29.1033383522, 40.8891265603 ],
					[ 29.1033777705, 40.8897306014 ],
					[ 29.1034147973, 40.8903347284 ],
					[ 29.1034494325, 40.8909389385 ],
					[ 29.1034816763, 40.8915432235 ],
					[ 29.1035115286, 40.8921475799 ],
					[ 29.103538987, 40.8927520014 ],
					[ 29.103564054, 40.8933564826 ],
					[ 29.1035867259, 40.8939610189 ],
					[ 29.1036070064, 40.8945656032 ],
					[ 29.1036248919, 40.895170231 ],
					[ 29.1036403836, 40.8957748977 ],
					[ 29.1036534815, 40.8963795962 ],
					[ 29.1036641843, 40.8969843219 ],
					[ 29.1036724935, 40.8975890686 ],
					[ 29.1036784076, 40.8981938326 ],
					[ 29.103681928, 40.8987986059 ],
					[ 29.1036830522, 40.8994033857 ],
					[ 29.1036817827, 40.9000081648 ],
					[ 29.103678117, 40.9006129379 ],
					[ 29.1036720565, 40.9012177003 ],
					[ 29.1036636022, 40.901822446 ],
					[ 29.1036527518, 40.9024271693 ],
					[ 29.1036395065, 40.9030318658 ],
					[ 29.1036238664, 40.9036365284 ],
					[ 29.1036058313, 40.9042411534 ],
					[ 29.1035854026, 40.9048457344 ],
					[ 29.1035625778, 40.9054502653 ],
					[ 29.1035373593, 40.9060547415 ],
					[ 29.103509746, 40.9066591585 ],
					[ 29.1034797391, 40.9072635081 ],
					[ 29.1034473385, 40.9078677878 ],
					[ 29.1034125442, 40.9084719902 ],
					[ 29.1033753552, 40.909076111 ],
					[ 29.1033357749, 40.9096801437 ],
					[ 29.1032937998, 40.9102840839 ],
					[ 29.1032494334, 40.9108879252 ],
					[ 29.1032026747, 40.9114916624 ],
					[ 29.1031535236, 40.9120952907 ],
					[ 29.1031019813, 40.9126988032 ],
					[ 29.1030480477, 40.9133021961 ],
					[ 29.102991723, 40.9139054632 ],
					[ 29.1029330095, 40.9145085991 ],
					[ 29.1028719049, 40.9151115983 ],
					[ 29.1028084114, 40.9157144554 ],
					[ 29.1027383357, 40.9163547978 ],
					[ 29.1026655639, 40.9169949661 ],
					[ 29.1025900984, 40.9176349548 ],
					[ 29.1025119368, 40.9182747576 ],
					[ 29.1024310827, 40.9189143673 ],
					[ 29.1023475349, 40.9195537786 ],
					[ 29.1022612957, 40.9201929832 ],
					[ 29.1021723641, 40.9208319768 ],
					[ 29.1020807424, 40.9214707512 ],
					[ 29.1019864306, 40.9221093 ],
					[ 29.1018894311, 40.9227476171 ],
					[ 29.1017897427, 40.9233856961 ],
					[ 29.1016873679, 40.9240235297 ],
					[ 29.1015823065, 40.9246611127 ],
					[ 29.1014745599, 40.9252984377 ],
					[ 29.1013641304, 40.9259354976 ],
					[ 29.1012510168, 40.9265722879 ],
					[ 29.1011352215, 40.9272088005 ],
					[ 29.1010167458, 40.927845029 ],
					[ 29.1008955908, 40.9284809673 ],
					[ 29.1007717577, 40.9291166088 ],
					[ 29.1006452465, 40.9297519475 ],
					[ 29.1005160596, 40.930386976 ],
					[ 29.1003841971, 40.9310216881 ],
					[ 29.1002496613, 40.9316560774 ],
					[ 29.1001124546, 40.9322901377 ],
					[ 29.0999725758, 40.9329238627 ],
					[ 29.0998300274, 40.9335572451 ],
					[ 29.0996848104, 40.9341902786 ],
					[ 29.0995369274, 40.9348229579 ],
					[ 29.0993863795, 40.9354552749 ],
					[ 29.0992331667, 40.9360872249 ],
					[ 29.099025742, 40.9369252485 ],
					[ 29.0988136318, 40.9377625975 ],
					[ 29.0985968411, 40.9385992574 ],
					[ 29.098375372, 40.939435213 ],
					[ 29.0981492308, 40.9402704489 ],
					[ 29.0979184185, 40.9411049507 ],
					[ 29.0976829412, 40.9419387022 ],
					[ 29.0974428012, 40.94277169 ],
					[ 29.0971735633, 40.9436860856 ],
					[ 29.0968987066, 40.9445995206 ],
					[ 29.0966182383, 40.9455119743 ],
					[ 29.0963321644, 40.9464234279 ],
					[ 29.0960404896, 40.9473338606 ],
					[ 29.09574322, 40.9482432526 ],
					[ 29.0954403628, 40.9491515851 ],
					[ 29.0951319238, 40.9500588381 ],
					[ 29.0950927624, 40.9501496478 ],
					[ 29.0950319473, 40.9502906716 ],
					[ 29.0949711576, 40.9504316362 ],
					[ 29.094901561, 40.9505504371 ],
					[ 29.0948183328, 40.9506925076 ],
					[ 29.0946742979, 40.9508156575 ],
					[ 29.0945560257, 40.950916781 ],
					[ 29.0943374517, 40.9510449089 ],
					[ 29.094058999, 40.9511856685 ],
					[ 29.0937468537, 40.9513773859 ],
					[ 29.0936453869, 40.9515588458 ],
					[ 29.0936995492, 40.951734383 ],
					[ 29.0938787191, 40.9521154088 ],
					[ 29.0939736929, 40.952299269 ]
				]
			},
			"properties" : {
				"ISIM_HAT" : "Bostancı-Heybeliada-Büyükada",
				"TUR_HAT" : "Özel Motor",
				"HAT_ROTA" : "Bostancı-Heybeliada-Büyükada"
			}
		},
		{
			"type" : "Feature",
			"geometry" : {
				"type" : "LineString",
				"coordinates" : [
					[ 29.1002092269, 40.8787098477 ],
					[ 29.1014701276, 40.878769716 ],
					[ 29.1027341369, 40.8787688617 ],
					[ 29.1050253043, 40.8787672766 ],
					[ 29.1059668803, 40.8787666119 ],
					[ 29.1080692085, 40.8787651015 ],
					[ 29.1099530816, 40.8787694653 ],
					[ 29.1156418599, 40.8787959632 ],
					[ 29.1222080373, 40.877939489 ],
					[ 29.1235192371, 40.8775695888 ],
					[ 29.1268041791, 40.8747115654 ],
					[ 29.1271135048, 40.8743776514 ],
					[ 29.1269842818, 40.8749643269 ],
					[ 29.1266937023, 40.8758837307 ],
					[ 29.126858678, 40.876182931 ],
					[ 29.1271156388, 40.876339598 ],
					[ 29.1274209453, 40.8764749307 ],
					[ 29.1281161101, 40.8766195353 ],
					[ 29.1303811696, 40.8768282645 ],
					[ 29.1343269174, 40.8771574459 ],
					[ 29.1423147752, 40.8778234233 ],
					[ 29.1492472156, 40.8784009492 ],
					[ 29.1556913892, 40.8789374157 ],
					[ 29.1749176876, 40.881700744 ],
					[ 29.1803246143, 40.8836166693 ],
					[ 29.1830944367, 40.8845980055 ],
					[ 29.1847717923, 40.8851922385 ],
					[ 29.1861548998, 40.8859314591 ],
					[ 29.1868362807, 40.8867011608 ]
				]
			},
			"properties" : {
				"ISIM_HAT" : "Kartal-Adalar",
				"TUR_HAT" : "Özel Motor",
				"HAT_ROTA" : "Kartal-Büyükada-Heybeliada"
			}
		},
		{
			"type" : "Feature",
			"geometry" : {
				"type" : "LineString",
				"coordinates" : [
					[ 28.9751598563, 41.0175457041 ],
					[ 28.978041147, 41.0190895864 ],
					[ 28.9809904151, 41.0206622049 ],
					[ 28.9848399228, 41.0227146269 ],
					[ 28.990814591, 41.0258996056 ],
					[ 28.9922402745, 41.0265874352 ],
					[ 29.0081866346, 41.0331917739 ],
					[ 29.0261181061, 41.0395465192 ],
					[ 29.0445421884, 41.0450375271 ]
				]
			},
			"properties" : {
				"ISIM_HAT" : "Boğazdan Geliş-Boğaza Gidiş",
				"TUR_HAT" : "Şehir Hatları",
				"HAT_ROTA" : "Eminönü-Beylerbeyi"
			}
		},
		{
			"type" : "Feature",
			"geometry" : {
				"type" : "LineString",
				"coordinates" : [
					[ 28.9751598563, 41.0175457041 ],
					[ 28.9962651741, 41.0269729783 ],
					[ 28.9979133748, 41.0283627063 ],
					[ 28.9999343123, 41.0302145934 ],
					[ 29.0013020009, 41.0319602543 ],
					[ 29.002580657, 41.0337976997 ],
					[ 29.0039747875, 41.0358009503 ],
					[ 29.0056996146, 41.0382791967 ],
					[ 29.0064660447, 41.0395475085 ],
					[ 29.0073618374, 41.0410405055 ],
					[ 29.0074715816, 41.0403183393 ],
					[ 29.0076634614, 41.0389314841 ],
					[ 29.0082689518, 41.037164179 ],
					[ 29.0087914732, 41.0358916989 ],
					[ 29.0096706017, 41.0343363915 ],
					[ 29.0108308088, 41.0327138687 ],
					[ 29.0124922593, 41.0307965071 ],
					[ 29.0149659918, 41.0277715063 ],
					[ 29.0148568948, 41.030200766 ],
					[ 29.0149588814, 41.0312737261 ],
					[ 29.0151788393, 41.032347694 ],
					[ 29.0154036845, 41.0330941213 ],
					[ 29.0159020251, 41.0339620039 ],
					[ 29.0162695465, 41.0344330858 ],
					[ 29.0170072414, 41.0352503649 ],
					[ 29.0183005856, 41.0364104482 ],
					[ 29.0194559781, 41.0373440255 ],
					[ 29.0214936533, 41.0388042322 ],
					[ 29.0229868883, 41.0399054188 ],
					[ 29.0255890595, 41.0415930014 ],
					[ 29.0283915029, 41.043265209 ],
					[ 29.0318012907, 41.0451399882 ],
					[ 29.0320763099, 41.0452934146 ],
					[ 29.032349447, 41.0454487586 ],
					[ 29.032620677, 41.0456060067 ],
					[ 29.0328899766, 41.045765145 ],
					[ 29.0331573231, 41.0459261599 ],
					[ 29.0334226955, 41.0460890378 ],
					[ 29.0336860678, 41.0462537649 ],
					[ 29.0339474212, 41.0464203276 ],
					[ 29.0342067297, 41.0465887103 ],
					[ 29.0344639733, 41.0467589004 ],
					[ 29.0347191309, 41.0469308822 ],
					[ 29.0349721788, 41.0471046413 ],
					[ 29.0352230959, 41.0472801631 ],
					[ 29.0354718609, 41.047457433 ],
					[ 29.0357184528, 41.0476364346 ],
					[ 29.0359628502, 41.0478171534 ],
					[ 29.0362050321, 41.0479995738 ],
					[ 29.0364449785, 41.0481836805 ],
					[ 29.0366826681, 41.048369457 ],
					[ 29.0369180809, 41.0485568889 ],
					[ 29.037151197, 41.0487459596 ],
					[ 29.0373819964, 41.0489366521 ],
					[ 29.0376104603, 41.0491289507 ],
					[ 29.0378365676, 41.0493228392 ],
					[ 29.0380602993, 41.0495183012 ],
					[ 29.0382816356, 41.0497153195 ],
					[ 29.03850056, 41.0499138776 ],
					[ 29.0387170525, 41.0501139584 ],
					[ 29.0389310932, 41.0503155455 ],
					[ 29.0391426669, 41.0505186208 ],
					[ 29.0393517523, 41.0507231669 ],
					[ 29.0395583331, 41.0509291667 ],
					[ 29.0397623917, 41.0511366029 ],
					[ 29.0399639104, 41.0513454574 ],
					[ 29.0401628718, 41.0515557129 ],
					[ 29.0403592593, 41.0517673505 ],
					[ 29.0405530566, 41.0519803527 ],
					[ 29.0407442449, 41.0521947017 ],
					[ 29.0409328101, 41.0524103782 ],
					[ 29.0411187359, 41.0526273651 ],
					[ 29.0413020059, 41.0528456433 ],
					[ 29.0414826037, 41.0530651929 ],
					[ 29.0416605153, 41.0532859976 ],
					[ 29.0418357242, 41.0535080366 ],
					[ 29.0420082164, 41.0537312918 ],
					[ 29.0421779768, 41.053955744 ],
					[ 29.0423449901, 41.0541813735 ],
					[ 29.042542213, 41.0544542898 ],
					[ 29.042735417, 41.0547288482 ],
					[ 29.0429245798, 41.055005015 ],
					[ 29.0431096758, 41.0552827569 ],
					[ 29.0432906839, 41.0555620375 ],
					[ 29.0434675809, 41.0558428244 ],
					[ 29.0436403458, 41.0561250823 ],
					[ 29.0438089565, 41.0564087758 ],
					[ 29.0438279529, 41.0564412744 ],
					[ 29.04452269, 41.0577424501 ],
					[ 29.04508972, 41.0587923075 ],
					[ 29.0456991035, 41.0599087659 ],
					[ 29.0463141145, 41.0610234594 ],
					[ 29.046944803, 41.0621543114 ],
					[ 29.0475812857, 41.0632833051 ],
					[ 29.0482235523, 41.0644104249 ],
					[ 29.0488715916, 41.0655356537 ],
					[ 29.0496736818, 41.066912112 ],
					[ 29.0504844129, 41.0682856733 ],
					[ 29.0513037669, 41.0696563066 ],
					[ 29.0521317279, 41.0710239801 ],
					[ 29.0528760597, 41.0722390593 ],
					[ 29.053627185, 41.0734517474 ],
					[ 29.054136889, 41.0742671309 ],
					[ 29.0546496637, 41.0750814135 ],
					[ 29.0549963309, 41.0756285547 ],
					[ 29.0552206093, 41.0759741934 ],
					[ 29.055440854, 41.076321314 ],
					[ 29.055693035, 41.0767286973 ],
					[ 29.0559396618, 41.0771380226 ],
					[ 29.0561568183, 41.0775079785 ],
					[ 29.0563694376, 41.0778794411 ],
					[ 29.0565775008, 41.0782523787 ],
					[ 29.0567809893, 41.0786267578 ],
					[ 29.0569798858, 41.0790025487 ],
					[ 29.057174175, 41.0793797171 ],
					[ 29.0573638384, 41.0797582321 ],
					[ 29.0575488598, 41.0801380603 ],
					[ 29.0577264112, 41.0805131413 ],
					[ 29.0578994373, 41.080889433 ],
					[ 29.0580679217, 41.081266902 ],
					[ 29.0582318505, 41.0816455184 ],
					[ 29.0583912099, 41.0820252498 ],
					[ 29.0585459883, 41.0824060655 ],
					[ 29.0586961706, 41.0827879329 ],
					[ 29.0588417453, 41.0831708214 ],
					[ 29.0589827009, 41.0835546975 ],
					[ 29.0591190234, 41.0839395306 ],
					[ 29.0592507038, 41.0843252891 ],
					[ 29.0593777294, 41.0847119395 ],
					[ 29.0595000897, 41.0850994495 ],
					[ 29.0596177757, 41.0854877891 ],
					[ 29.0597307759, 41.0858769233 ],
					[ 29.0598390822, 41.0862668222 ],
					[ 29.0599394142, 41.0866448297 ],
					[ 29.0600353334, 41.0870234934 ],
					[ 29.060126833, 41.087402782 ],
					[ 29.0602139038, 41.0877826673 ],
					[ 29.0602965414, 41.0881631188 ],
					[ 29.0603747378, 41.0885441075 ],
					[ 29.0604484874, 41.0889256038 ],
					[ 29.0605177834, 41.0893075769 ],
					[ 29.0605698756, 41.089612664 ],
					[ 29.0606191271, 41.0899180205 ],
					[ 29.0606655356, 41.0902236321 ],
					[ 29.0607090978, 41.0905294834 ],
					[ 29.0607600538, 41.0909161375 ],
					[ 29.0608064616, 41.0913031193 ],
					[ 29.0608499281, 41.0917062029 ],
					[ 29.06088898, 41.0921146827 ],
					[ 29.0609194067, 41.0923743264 ],
					[ 29.0609462454, 41.0925690926 ],
					[ 29.0609764948, 41.0927635723 ],
					[ 29.0610101493, 41.0929577322 ],
					[ 29.0610472023, 41.093151537 ],
					[ 29.0610977335, 41.0933907408 ],
					[ 29.0611534436, 41.0936292861 ],
					[ 29.0612143169, 41.0938671082 ],
					[ 29.0612803377, 41.0941041428 ],
					[ 29.0613514891, 41.0943403269 ],
					[ 29.0614277494, 41.0945755954 ],
					[ 29.0615091006, 41.0948098869 ],
					[ 29.0615955198, 41.0950431381 ],
					[ 29.0616657785, 41.0952226811 ],
					[ 29.0617390396, 41.0954015372 ],
					[ 29.0618152917, 41.0955796756 ],
					[ 29.0618945234, 41.0957570684 ],
					[ 29.0619767219, 41.0959336874 ],
					[ 29.0620618734, 41.0961095039 ],
					[ 29.0621499641, 41.0962844897 ],
					[ 29.0622409813, 41.0964586159 ],
					[ 29.0623349087, 41.0966318563 ],
					[ 29.0624317312, 41.0968041819 ],
					[ 29.0625314351, 41.0969755647 ],
					[ 29.0626340028, 41.0971459775 ],
					[ 29.0627394182, 41.0973153933 ],
					[ 29.0628476648, 41.0974837847 ],
					[ 29.0629587242, 41.0976511238 ],
					[ 29.06307258, 41.0978173853 ],
					[ 29.0631892123, 41.0979825409 ],
					[ 29.0633086038, 41.0981465654 ],
					[ 29.0634307346, 41.0983094316 ],
					[ 29.0635555848, 41.0984711131 ],
					[ 29.0636831358, 41.0986315847 ],
					[ 29.0638133654, 41.09879082 ],
					[ 29.0639462536, 41.0989487937 ],
					[ 29.0640817794, 41.0991054803 ],
					[ 29.0642199194, 41.0992608544 ],
					[ 29.0643606537, 41.0994148915 ],
					[ 29.0645039577, 41.0995675663 ],
					[ 29.0646498091, 41.0997188552 ],
					[ 29.0647981856, 41.0998687326 ],
					[ 29.0649490615, 41.100017175 ],
					[ 29.0651024132, 41.1001641589 ],
					[ 29.0652582174, 41.1003096605 ],
					[ 29.0651911802, 41.1005652974 ],
					[ 29.0651295404, 41.100821711 ],
					[ 29.0650733134, 41.1010788348 ],
					[ 29.0650225131, 41.1013366049 ],
					[ 29.0649771538, 41.1015949541 ],
					[ 29.0649372458, 41.1018538184 ],
					[ 29.0649028009, 41.1021131304 ],
					[ 29.0648738261, 41.1023728254 ],
					[ 29.0648503295, 41.1026328367 ],
					[ 29.0648323169, 41.1028930987 ],
					[ 29.0648197939, 41.1031535449 ],
					[ 29.0648127629, 41.1034141085 ],
					[ 29.0648112272, 41.1036747239 ],
					[ 29.0648151843, 41.1039353245 ],
					[ 29.0648246363, 41.1041958445 ],
					[ 29.0648395795, 41.1044562173 ],
					[ 29.0648600089, 41.1047163762 ],
					[ 29.064885922, 41.1049762563 ],
					[ 29.0649173114, 41.105235791 ],
					[ 29.0649541674, 41.1054949135 ],
					[ 29.0649964828, 41.1057535589 ],
					[ 29.0650442465, 41.1060116606 ],
					[ 29.0650974453, 41.1062691535 ],
					[ 29.0651560671, 41.1065259718 ],
					[ 29.0652200962, 41.1067820506 ],
					[ 29.0652895169, 41.107037324 ],
					[ 29.0653643112, 41.1072917279 ],
					[ 29.0654444597, 41.1075451973 ],
					[ 29.0655299434, 41.1077976672 ],
					[ 29.0656207392, 41.1080490744 ],
					[ 29.0657168255, 41.1082993548 ],
					[ 29.0658181772, 41.1085484432 ],
					[ 29.0659190823, 41.1087833912 ],
					[ 29.0660246729, 41.1090171589 ],
					[ 29.0661349247, 41.1092496919 ],
					[ 29.06624981, 41.1094809386 ],
					[ 29.0663693056, 41.109710845 ],
					[ 29.0664933839, 41.1099393585 ],
					[ 29.0666220146, 41.1101664276 ],
					[ 29.06675517, 41.1103919997 ],
					[ 29.0668928186, 41.1106160242 ],
					[ 29.0670349304, 41.1108384485 ],
					[ 29.0671814726, 41.111059223 ],
					[ 29.0673324104, 41.1112782968 ],
					[ 29.0674877111, 41.1114956202 ],
					[ 29.0676473386, 41.1117111424 ],
					[ 29.0678112555, 41.1119248154 ],
					[ 29.0679794255, 41.1121365894 ],
					[ 29.0681284137, 41.1123183488 ],
					[ 29.0682805335, 41.1124986188 ],
					[ 29.0684357605, 41.1126773668 ],
					[ 29.0685940676, 41.1128545637 ],
					[ 29.0687554291, 41.1130301778 ],
					[ 29.0689198145, 41.113204181 ],
					[ 29.069087198, 41.1133765405 ],
					[ 29.0692575504, 41.1135472301 ],
					[ 29.0694041671, 41.1136905005 ],
					[ 29.0695528747, 41.1138325333 ],
					[ 29.0697036556, 41.1139733104 ],
					[ 29.0698564923, 41.1141128144 ],
					[ 29.070147232, 41.1143513729 ],
					[ 29.0704321419, 41.1145939203 ],
					[ 29.0707111291, 41.1148403765 ],
					[ 29.070984097, 41.1150906581 ],
					[ 29.0712402102, 41.1153342642 ],
					[ 29.0714906224, 41.1155812382 ],
					[ 29.0717352548, 41.1158315039 ],
					[ 29.0719740323, 41.1160849824 ],
					[ 29.0722309645, 41.1163686971 ],
					[ 29.0724805611, 41.116656133 ],
					[ 29.0727227293, 41.1169471806 ],
					[ 29.0729573766, 41.117241731 ],
					[ 29.0731844152, 41.117539672 ],
					[ 29.0734037597, 41.117840893 ],
					[ 29.0736153259, 41.1181452791 ],
					[ 29.0738190344, 41.1184527153 ],
					[ 29.073930875, 41.1186281157 ],
					[ 29.0740401564, 41.1188044364 ],
					[ 29.0741468681, 41.1189816557 ],
					[ 29.074250995, 41.1191597509 ],
					[ 29.0743525255, 41.1193387022 ],
					[ 29.0744514466, 41.1195184878 ],
					[ 29.0745477469, 41.1196990843 ],
					[ 29.0746414147, 41.1198804718 ],
					[ 29.0747324384, 41.1200626275 ],
					[ 29.0748208063, 41.1202455291 ],
					[ 29.0749065092, 41.1204291547 ],
					[ 29.0749895368, 41.1206134819 ],
					[ 29.0750698761, 41.1207984888 ],
					[ 29.0751475204, 41.1209841529 ],
					[ 29.0752224604, 41.1211704526 ],
					[ 29.0752946845, 41.1213573635 ],
					[ 29.0753641859, 41.1215448638 ],
					[ 29.0754309553, 41.121732931 ],
					[ 29.0754949847, 41.1219215426 ],
					[ 29.0755562672, 41.122110675 ],
					[ 29.0756147937, 41.1223003058 ],
					[ 29.0756705596, 41.1224904123 ],
					[ 29.0757235557, 41.122680971 ],
					[ 29.0757737764, 41.1228719595 ],
					[ 29.075821216, 41.1230633533 ],
					[ 29.0758658677, 41.1232551309 ],
					[ 29.075907727, 41.1234472678 ],
					[ 29.0759467895, 41.1236397415 ],
					[ 29.0759830483, 41.1238325286 ],
					[ 29.0760165013, 41.1240256065 ],
					[ 29.0760471429, 41.1242189499 ],
					[ 29.0760749699, 41.1244125365 ],
					[ 29.0761048028, 41.1246464917 ],
					[ 29.0761305262, 41.1248807256 ],
					[ 29.0761521334, 41.1251151974 ],
					[ 29.0761696214, 41.1253498658 ],
					[ 29.0761829871, 41.1255846884 ],
					[ 29.0761922276, 41.1258196247 ],
					[ 29.0761973409, 41.1260546333 ],
					[ 29.0761983276, 41.1262896717 ],
					[ 29.0761951859, 41.1265247005 ],
					[ 29.0761879175, 41.1267596764 ],
					[ 29.0761765217, 41.1269945588 ],
					[ 29.0761610039, 41.1272293055 ],
					[ 29.0761413633, 41.1274638759 ],
					[ 29.0761176054, 41.1276982288 ],
					[ 29.0760897329, 41.1279323217 ],
					[ 29.0760577512, 41.1281661151 ],
					[ 29.076021668, 41.1283995658 ],
					[ 29.0759814862, 41.1286326343 ],
					[ 29.0759372147, 41.1288652783 ],
					[ 29.0758888611, 41.1290974573 ],
					[ 29.0758364343, 41.1293291308 ],
					[ 29.075779942, 41.1295602567 ],
					[ 29.0757193955, 41.1297907953 ],
					[ 29.0756548047, 41.1300207063 ],
					[ 29.0755861822, 41.1302499473 ],
					[ 29.075513538, 41.1304784798 ],
					[ 29.0754368869, 41.1307062625 ],
					[ 29.0753562413, 41.1309332557 ],
					[ 29.075271616, 41.1311594192 ],
					[ 29.0751830248, 41.1313847124 ],
					[ 29.0750904835, 41.131609096 ],
					[ 29.0749940094, 41.1318325312 ],
					[ 29.0749080418, 41.1320236075 ],
					[ 29.0748191963, 41.1322139303 ],
					[ 29.0747274863, 41.1324034755 ],
					[ 29.0746329229, 41.1325922161 ],
					[ 29.0745355182, 41.1327801297 ],
					[ 29.0744352858, 41.1329671921 ],
					[ 29.0743322366, 41.1331533773 ],
					[ 29.0742263876, 41.133338662 ],
					[ 29.0741177488, 41.1335230219 ],
					[ 29.074006337, 41.1337064329 ],
					[ 29.0738921646, 41.1338888716 ],
					[ 29.0737752484, 41.1340703138 ],
					[ 29.073655602, 41.1342507363 ],
					[ 29.0735332423, 41.1344301149 ],
					[ 29.0734081827, 41.1346084271 ],
					[ 29.0732804426, 41.1347856497 ],
					[ 29.0731356007, 41.1349809691 ],
					[ 29.0729875013, 41.1351748872 ],
					[ 29.0728361686, 41.1353673725 ],
					[ 29.0726816256, 41.1355583947 ],
					[ 29.0722806885, 41.1360058027 ],
					[ 29.0718844714, 41.1364556081 ],
					[ 29.0714929996, 41.1369077834 ],
					[ 29.0711062964, 41.1373622991 ],
					[ 29.0707243871, 41.1378191275 ],
					[ 29.0703472972, 41.1382782391 ],
					[ 29.0699750499, 41.1387396053 ],
					[ 29.0696076683, 41.1392031959 ],
					[ 29.0692520062, 41.1396601267 ],
					[ 29.0689010728, 41.1401191431 ],
					[ 29.0685548874, 41.1405802173 ],
					[ 29.0682134721, 41.1410433199 ],
					[ 29.0678768487, 41.141508424 ],
					[ 29.0675450368, 41.141975501 ],
					[ 29.067218057, 41.1424445215 ],
					[ 29.066895929, 41.1429154585 ],
					[ 29.0666207108, 41.1433251001 ],
					[ 29.0663491654, 41.1437361413 ],
					[ 29.0660813026, 41.1441485614 ],
					[ 29.0658171371, 41.1445623416 ],
					[ 29.0655566786, 41.1449774641 ],
					[ 29.0652999419, 41.1453939101 ],
					[ 29.0650469367, 41.1458116589 ],
					[ 29.0647976753, 41.1462306918 ],
					[ 29.06455217, 41.146650991 ],
					[ 29.0643104306, 41.1470725357 ],
					[ 29.0640724693, 41.1474953082 ],
					[ 29.0638382961, 41.1479192869 ],
					[ 29.063607923, 41.1483444548 ],
					[ 29.0633813602, 41.1487707904 ],
					[ 29.0631586173, 41.1491982758 ],
					[ 29.0629397055, 41.1496268905 ],
					[ 29.0626888652, 41.1501289472 ],
					[ 29.0624432807, 41.1506324877 ],
					[ 29.0622029681, 41.1511374789 ],
					[ 29.0619679434, 41.1516438901 ],
					[ 29.0617382191, 41.1521516902 ],
					[ 29.0615138112, 41.1526608468 ],
					[ 29.0612947345, 41.1531713285 ],
					[ 29.0610810016, 41.1536831022 ],
					[ 29.0608726261, 41.1541961375 ],
					[ 29.0606696217, 41.1547104019 ],
					[ 29.060472001, 41.1552258633 ],
					[ 29.060279775, 41.1557424885 ],
					[ 29.0600929589, 41.156260246 ],
					[ 29.0599115614, 41.1567791045 ],
					[ 29.0597355963, 41.1572990299 ],
					[ 29.0595650737, 41.1578199899 ],
					[ 29.0594000048, 41.158341953 ],
					[ 29.0592403987, 41.1588648861 ],
					[ 29.0590862677, 41.159388756 ],
					[ 29.0589376198, 41.1599135312 ],
					[ 29.0587944649, 41.1604391768 ],
					[ 29.058656812, 41.1609656621 ],
					[ 29.0585246701, 41.1614929532 ],
					[ 29.0583980469, 41.1620210176 ],
					[ 29.0582769526, 41.1625498213 ],
					[ 29.0581613924, 41.1630793327 ],
					[ 29.0580513742, 41.1636095169 ],
					[ 29.0579469057, 41.1641403424 ],
					[ 29.0578479935, 41.1646717759 ],
					[ 29.0577546429, 41.1652037834 ],
					[ 29.0576668617, 41.1657363315 ],
					[ 29.0575846542, 41.166269388 ],
					[ 29.0578226411, 41.1662710992 ],
					[ 29.0580605771, 41.166275209 ],
					[ 29.0582984192, 41.1662817173 ],
					[ 29.0585361257, 41.1662906226 ],
					[ 29.0587736527, 41.166301923 ],
					[ 29.0590109596, 41.1663156179 ],
					[ 29.0592480048, 41.1663317036 ],
					[ 29.0594847443, 41.1663501769 ],
					[ 29.0597211365, 41.1663710356 ],
					[ 29.0599571385, 41.166394276 ],
					[ 29.0601927112, 41.166419893 ],
					[ 29.0604278092, 41.1664478828 ],
					[ 29.0606623935, 41.1664782397 ],
					[ 29.0608964211, 41.1665109596 ],
					[ 29.0611298494, 41.1665460351 ],
					[ 29.0613626391, 41.1665834604 ],
					[ 29.0615947462, 41.1666232298 ],
					[ 29.0618261315, 41.1666653357 ],
					[ 29.0620567523, 41.1667097707 ],
					[ 29.0622865695, 41.1667565262 ],
					[ 29.0625155401, 41.1668055938 ],
					[ 29.0627436251, 41.1668569661 ],
					[ 29.0629707817, 41.1669106327 ],
					[ 29.063196972, 41.1669665853 ],
					[ 29.0634221544, 41.1670248128 ],
					[ 29.0636462885, 41.1670853048 ],
					[ 29.0638693352, 41.1671480512 ],
					[ 29.0640912542, 41.1672130409 ],
					[ 29.0643120076, 41.1672802618 ],
					[ 29.0645315537, 41.167349702 ],
					[ 29.0647498547, 41.1674213493 ],
					[ 29.0649668727, 41.167495191 ],
					[ 29.0651825661, 41.167571214 ],
					[ 29.0653968994, 41.1676494046 ],
					[ 29.0656098336, 41.1677297489 ],
					[ 29.0658213306, 41.1678122323 ],
					[ 29.0660313538, 41.167896841 ],
					[ 29.066239864, 41.1679835593 ],
					[ 29.0664468246, 41.1680723726 ],
					[ 29.0666521989, 41.1681632634 ],
					[ 29.0668559514, 41.1682562171 ],
					[ 29.0670580442, 41.1683512162 ],
					[ 29.0672584429, 41.1684482444 ],
					[ 29.0674571109, 41.1685472841 ],
					[ 29.0676540127, 41.168648318 ],
					[ 29.0678491129, 41.1687513278 ],
					[ 29.0680423783, 41.1688562953 ],
					[ 29.0682337734, 41.1689632021 ],
					[ 29.0684232652, 41.1690720282 ],
					[ 29.0686108182, 41.1691827553 ],
					[ 29.0687963993, 41.1692953634 ],
					[ 29.0689799767, 41.1694098323 ],
					[ 29.0691615172, 41.1695261411 ],
					[ 29.069340989, 41.1696442707 ],
					[ 29.0695183578, 41.1697641983 ],
					[ 29.0696935954, 41.1698859039 ],
					[ 29.0698666687, 41.1700093646 ],
					[ 29.0700375457, 41.1701345595 ],
					[ 29.0702061996, 41.1702614651 ],
					[ 29.0703725971, 41.1703900602 ],
					[ 29.0705367088, 41.1705203223 ],
					[ 29.0706985076, 41.1706522259 ],
					[ 29.0708579629, 41.1707857491 ],
					[ 29.0710150465, 41.1709208683 ],
					[ 29.0711697312, 41.1710575589 ],
					[ 29.0713219887, 41.1711957966 ],
					[ 29.0714717921, 41.1713355575 ],
					[ 29.0716191155, 41.1714768155 ],
					[ 29.0717639317, 41.1716195469 ],
					[ 29.071906215, 41.1717637245 ],
					[ 29.0720459406, 41.1719093237 ],
					[ 29.0721830827, 41.1720563193 ],
					[ 29.0723176179, 41.1722046839 ],
					[ 29.0724495214, 41.1723543922 ],
					[ 29.0725787698, 41.1725054161 ],
					[ 29.0727053408, 41.1726577293 ],
					[ 29.0728292122, 41.1728113055 ],
					[ 29.0729503593, 41.1729661167 ],
					[ 29.0730687634, 41.1731221356 ],
					[ 29.0731844022, 41.1732793342 ],
					[ 29.0732972559, 41.1734376845 ],
					[ 29.0734073034, 41.1735971582 ],
					[ 29.0735145249, 41.1737577275 ],
					[ 29.0736189016, 41.1739193633 ],
					[ 29.073720416, 41.1740820366 ],
					[ 29.0738190483, 41.1742457195 ],
					[ 29.0739147823, 41.1744103811 ],
					[ 29.0740076004, 41.1745759944 ],
					[ 29.0740974863, 41.1747425277 ],
					[ 29.0741844238, 41.1749099529 ],
					[ 29.0742683965, 41.1750782393 ],
					[ 29.0743493906, 41.1752473571 ],
					[ 29.074427391, 41.1754172765 ],
					[ 29.074502385, 41.1755879676 ],
					[ 29.0745743574, 41.1757593989 ],
					[ 29.0746432969, 41.1759315414 ],
					[ 29.0747091906, 41.1761043626 ],
					[ 29.0747720271, 41.1762778327 ],
					[ 29.0748317937, 41.176451921 ],
					[ 29.0748884813, 41.1766265969 ],
					[ 29.0749420795, 41.1768018277 ],
					[ 29.0749925792, 41.1769775838 ],
					[ 29.0750399702, 41.1771538336 ],
					[ 29.0750842444, 41.1773305454 ],
					[ 29.0751253941, 41.1775076877 ],
					[ 29.0751634111, 41.1776852289 ],
					[ 29.0751982913, 41.1778631376 ],
					[ 29.0752300255, 41.178041382 ],
					[ 29.0752586093, 41.1782199306 ],
					[ 29.0752840373, 41.1783987511 ],
					[ 29.0753063061, 41.1785778127 ],
					[ 29.0753254093, 41.178757082 ],
					[ 29.0753413458, 41.1789365286 ],
					[ 29.0753541115, 41.1791161198 ],
					[ 29.0753637043, 41.1792958234 ],
					[ 29.0753701224, 41.1794756076 ],
					[ 29.0753733648, 41.1796554412 ],
					[ 29.075373431, 41.1798352906 ],
					[ 29.0753703212, 41.1800151253 ],
					[ 29.0753640347, 41.180194912 ],
					[ 29.0753545743, 41.1803746201 ],
					[ 29.0753419405, 41.1805542163 ],
					[ 29.0753261361, 41.1807336691 ],
					[ 29.0753071638, 41.1809129469 ],
					[ 29.0752850265, 41.1810920175 ],
					[ 29.0752597281, 41.1812708492 ],
					[ 29.0752312739, 41.1814494089 ],
					[ 29.0751996679, 41.1816276668 ],
					[ 29.0754454665, 41.1815507276 ],
					[ 29.0756902311, 41.1814719292 ],
					[ 29.0759339354, 41.1813912786 ],
					[ 29.0761765566, 41.1813087846 ],
					[ 29.0764180696, 41.1812244552 ],
					[ 29.0766584504, 41.1811382991 ],
					[ 29.0768976739, 41.1810503253 ],
					[ 29.0771357171, 41.1809605424 ],
					[ 29.077372555, 41.1808689593 ],
					[ 29.0776081648, 41.1807755858 ],
					[ 29.0778425225, 41.1806804298 ],
					[ 29.078075603, 41.1805835027 ],
					[ 29.0783073857, 41.1804848126 ],
					[ 29.0785378444, 41.1803843708 ],
					[ 29.0787669574, 41.1802821873 ],
					[ 29.0789947008, 41.1801782716 ],
					[ 29.0792210529, 41.1800726345 ],
					[ 29.0794459909, 41.1799652865 ],
					[ 29.0796694908, 41.1798562391 ],
					[ 29.0798915299, 41.1797455031 ],
					[ 29.0801120877, 41.1796330882 ],
					[ 29.0803311413, 41.1795190076 ],
					[ 29.0805486681, 41.1794032721 ],
					[ 29.0807646462, 41.1792858932 ],
					[ 29.0809790542, 41.1791668832 ],
					[ 29.0811918704, 41.1790462529 ],
					[ 29.0814030731, 41.1789240165 ],
					[ 29.081612642, 41.1788001837 ],
					[ 29.0818205542, 41.1786747697 ],
					[ 29.0820267916, 41.1785477842 ],
					[ 29.0822313302, 41.1784192433 ],
					[ 29.082434152, 41.1782891568 ],
					[ 29.0826352354, 41.1781575397 ],
					[ 29.0828345598, 41.1780244055 ],
					[ 29.083032106, 41.1778897656 ],
					[ 29.0832278548, 41.1777536363 ],
					[ 29.0834217833, 41.1776160289 ],
					[ 29.0836138758, 41.1774769578 ],
					[ 29.0838041107, 41.1773364381 ],
					[ 29.0839924699, 41.1771944832 ],
					[ 29.084178933, 41.1770511074 ],
					[ 29.0843634831, 41.1769063258 ],
					[ 29.0845461008, 41.1767601518 ],
					[ 29.0847267682, 41.1766126006 ],
					[ 29.0849054659, 41.1764636873 ],
					[ 29.0850821758, 41.1763134262 ],
					[ 29.0852568824, 41.1761618334 ],
					[ 29.0854295662, 41.1760089241 ],
					[ 29.0856002104, 41.1758547134 ],
					[ 29.0857687969, 41.1756992166 ],
					[ 29.08593531, 41.1755424487 ],
					[ 29.0860997327, 41.1753844277 ],
					[ 29.0862620483, 41.175225167 ],
					[ 29.086422241, 41.1750646845 ],
					[ 29.0865802927, 41.1749029952 ],
					[ 29.08673619, 41.1747401155 ],
					[ 29.0868899161, 41.174576063 ],
					[ 29.0870414553, 41.1744108531 ],
					[ 29.087190793, 41.1742445027 ],
					[ 29.0873379135, 41.1740770279 ],
					[ 29.0874828023, 41.1739084467 ],
					[ 29.0876254448, 41.173738775 ],
					[ 29.0877658266, 41.1735680309 ],
					[ 29.0879039343, 41.1733962313 ]
				]
			},
			"properties" : {
				"ISIM_HAT" : "Uzun Boğaz Turu",
				"TUR_HAT" : "Şehir Hatları",
				"HAT_ROTA" : "Eminönü-Beşiktaş-Üsküdar-Kanlıca-Sarıyer-Rumeli Kavağı-Anadolu Kavağı"
			}
		},
		{
			"type" : "Feature",
			"geometry" : {
				"type" : "LineString",
				"coordinates" : [
					[ 29.0227098869, 40.9929933787 ],
					[ 29.0224714306, 40.9930072154 ],
					[ 29.0222331992, 40.9930231236 ],
					[ 29.0219952246, 40.9930411018 ],
					[ 29.0217575378, 40.9930611467 ],
					[ 29.0215201698, 40.9930832568 ],
					[ 29.0212831526, 40.9931074286 ],
					[ 29.0210465172, 40.9931336589 ],
					[ 29.0208102932, 40.9931619444 ],
					[ 29.0205745141, 40.9931922816 ],
					[ 29.0203392095, 40.9932246664 ],
					[ 29.0201044104, 40.9932590937 ],
					[ 29.0198701477, 40.99329556 ],
					[ 29.0196364524, 40.9933340603 ],
					[ 29.0194033555, 40.9933745894 ],
					[ 29.0191708878, 40.9934171413 ],
					[ 29.0189390793, 40.9934617117 ],
					[ 29.0187079596, 40.9935082937 ],
					[ 29.018477562, 40.9935568822 ],
					[ 29.0182479141, 40.9936074693 ],
					[ 29.0180190468, 40.9936600499 ],
					[ 29.017790991, 40.9937146161 ],
					[ 29.0175637766, 40.993771161 ],
					[ 29.0173374333, 40.9938296777 ],
					[ 29.0171119899, 40.9938901573 ],
					[ 29.0168874772, 40.993952593 ],
					[ 29.016663924, 40.994016976 ],
					[ 29.0164413611, 40.9940832976 ],
					[ 29.0162198162, 40.994151549 ],
					[ 29.0159993189, 40.9942217224 ],
					[ 29.015779898, 40.994293808 ],
					[ 29.0155615844, 40.9943677955 ],
					[ 29.0153444033, 40.9944436759 ],
					[ 29.0151283868, 40.9945214388 ],
					[ 29.0149135602, 40.9946010745 ],
					[ 29.0146999543, 40.9946825724 ],
					[ 29.0144875956, 40.9947659211 ],
					[ 29.0142765137, 40.994851111 ],
					[ 29.014066734, 40.9949381295 ],
					[ 29.0138582862, 40.9950269654 ],
					[ 29.0136511979, 40.995117608 ],
					[ 29.0134454941, 40.995210045 ],
					[ 29.0132412036, 40.9953042631 ],
					[ 29.0130383527, 40.9954002508 ],
					[ 29.0128369688, 40.9954979958 ],
					[ 29.0126370772, 40.9955974848 ],
					[ 29.0124387053, 40.9956987045 ],
					[ 29.0122418783, 40.9958016416 ],
					[ 29.0120466238, 40.9959062829 ],
					[ 29.0118529656, 40.9960126151 ],
					[ 29.011660929, 40.9961206231 ],
					[ 29.0114705415, 40.9962302927 ],
					[ 29.0112818271, 40.9963416106 ],
					[ 29.0110948097, 40.9964545618 ],
					[ 29.0109095146, 40.9965691303 ],
					[ 29.0107259669, 40.9966853027 ],
					[ 29.0105441893, 40.9968030623 ],
					[ 29.0103642072, 40.9969223947 ],
					[ 29.0101860433, 40.9970432831 ],
					[ 29.0100097204, 40.9971657124 ],
					[ 29.0098352638, 40.9972896666 ],
					[ 29.0096626962, 40.9974151288 ],
					[ 29.0094920381, 40.9975420829 ],
					[ 29.0093233135, 40.9976705113 ],
					[ 29.0091565453, 40.9978003987 ],
					[ 29.0089398541, 40.9979737182 ],
					[ 29.0087266453, 40.9981494994 ],
					[ 29.008516967, 40.9983277021 ],
					[ 29.0083108672, 40.9985082862 ],
					[ 29.0081083931, 40.9986912091 ],
					[ 29.0079095916, 40.9988764296 ],
					[ 29.0077145073, 40.9990639058 ],
					[ 29.0075231848, 40.999253595 ],
					[ 29.0073356676, 40.9994454533 ],
					[ 29.0071520004, 40.9996394363 ],
					[ 29.006972223, 40.9998355009 ],
					[ 29.0067963777, 41.0000336018 ],
					[ 29.0066245045, 41.0002336941 ],
					[ 29.006456642, 41.0004357316 ],
					[ 29.0062928292, 41.0006396676 ],
					[ 29.0061331046, 41.0008454565 ],
					[ 29.0059791693, 41.0010507892 ],
					[ 29.0058293031, 41.0012578424 ],
					[ 29.0056835386, 41.0014665695 ],
					[ 29.005541911, 41.0016769241 ],
					[ 29.0054023936, 41.0018920916 ],
					[ 29.0048290644, 41.0027976945 ],
					[ 29.0043761675, 41.0035010667 ],
					[ 29.0038541338, 41.0042989641 ],
					[ 29.003325021, 41.0050941821 ],
					[ 29.0029110577, 41.0057072093 ],
					[ 29.0024928856, 41.0063185974 ],
					[ 29.0020705169, 41.0069283287 ],
					[ 29.0016439636, 41.0075363877 ],
					[ 29.0011407541, 41.0082440596 ],
					[ 29.000631875, 41.0089494027 ],
					[ 29.0001173455, 41.0096523929 ],
					[ 28.9995971839, 41.0103530024 ],
					[ 28.9990714104, 41.011051207 ],
					[ 28.9985400446, 41.0117469796 ],
					[ 28.9980031032, 41.0124402953 ],
					[ 28.9974606091, 41.0131311279 ],
					[ 28.997285518, 41.0133210225 ],
					[ 28.9971075332, 41.0135093682 ],
					[ 28.9969266801, 41.0136961398 ],
					[ 28.9967429806, 41.0138813115 ],
					[ 28.9965564611, 41.0140648583 ],
					[ 28.9963671469, 41.014246756 ],
					[ 28.9961750623, 41.0144269805 ],
					[ 28.9959802336, 41.0146055078 ],
					[ 28.9957826863, 41.0147823129 ],
					[ 28.995582448, 41.0149573725 ],
					[ 28.995379544, 41.0151306634 ],
					[ 28.9951740033, 41.0153021616 ],
					[ 28.9949658523, 41.0154718448 ],
					[ 28.9947551187, 41.0156396908 ],
					[ 28.9945418325, 41.0158056753 ],
					[ 28.9943260204, 41.0159697771 ],
					[ 28.9941077122, 41.0161319748 ],
					[ 28.993886937, 41.0162922452 ],
					[ 28.9936637246, 41.0164505678 ],
					[ 28.9934381053, 41.0166069213 ],
					[ 28.993210109, 41.0167612843 ],
					[ 28.9929797657, 41.0169136355 ],
					[ 28.9927471068, 41.0170639553 ],
					[ 28.9925121645, 41.0172122242 ],
					[ 28.992274969, 41.0173584208 ],
					[ 28.9920355514, 41.0175025264 ],
					[ 28.9917939466, 41.0176445207 ],
					[ 28.9915501845, 41.0177843859 ],
					[ 28.9913042988, 41.0179221024 ],
					[ 28.991056323, 41.0180576525 ],
					[ 28.9908062895, 41.0181910167 ],
					[ 28.9905542319, 41.0183221781 ],
					[ 28.9901666832, 41.0185175924 ],
					[ 28.9897746418, 41.0187077984 ],
					[ 28.9893782322, 41.0188927376 ],
					[ 28.9889775755, 41.0190723526 ],
					[ 28.9885727963, 41.0192465868 ],
					[ 28.9881640225, 41.0194153864 ],
					[ 28.9877513789, 41.0195786984 ],
					[ 28.9873349957, 41.0197364725 ],
					[ 28.9869150023, 41.0198886594 ],
					[ 28.9864915278, 41.0200352126 ],
					[ 28.9860647062, 41.0201760844 ],
					[ 28.985634669, 41.0203112329 ],
					[ 28.9852015501, 41.020440616 ],
					[ 28.9847654847, 41.0205641915 ],
					[ 28.9843266088, 41.0206819229 ],
					[ 28.9838850576, 41.0207937734 ],
					[ 28.9834409695, 41.0208997065 ],
					[ 28.9829944832, 41.0209996909 ],
					[ 28.9825457358, 41.0210936954 ],
					[ 28.9820948696, 41.0211816896 ],
					[ 28.9816420228, 41.0212636479 ],
					[ 28.9811873376, 41.0213395426 ],
					[ 28.9807309546, 41.0214093524 ],
					[ 28.9802730171, 41.0214730534 ],
					[ 28.9798136656, 41.0215306269 ],
					[ 28.9793530458, 41.0215820554 ],
					[ 28.9788912982, 41.0216273211 ],
					[ 28.9784285683, 41.0216664118 ],
					[ 28.9779650002, 41.0216993154 ],
					[ 28.977500738, 41.0217260204 ],
					[ 28.9770359248, 41.0217465191 ],
					[ 28.9765707069, 41.0217608047 ],
					[ 28.9765870213, 41.0216593574 ],
					[ 28.9765350218, 41.0214623458 ],
					[ 28.9764360277, 41.0212530049 ],
					[ 28.9762980886, 41.0210194941 ],
					[ 28.9761363754, 41.0207976839 ],
					[ 28.9759358104, 41.020545748 ],
					[ 28.9756501373, 41.0202037145 ],
					[ 28.9754414344, 41.0199695738 ],
					[ 28.9752164546, 41.0197710236 ],
					[ 28.9749602084, 41.0195602831 ],
					[ 28.9747582663, 41.0193976736 ],
					[ 28.9744393044, 41.019174462 ],
					[ 28.9742060986, 41.0189996615 ],
					[ 28.9731077113, 41.0182684978 ]
				]
			},
			"properties" : {
				"ISIM_HAT" : "Kadıköy-Karaköy-Eminönü",
				"TUR_HAT" : "Şehir Hatları",
				"HAT_ROTA" : "Kadıköy-Karaköy-Eminönü"
			}
		},
		{
			"type" : "Feature",
			"geometry" : {
				"type" : "LineString",
				"coordinates" : [
					[ 29.0879039343, 41.1733962313 ],
					[ 29.0875829029, 41.1733702829 ],
					[ 29.0872623054, 41.1733414341 ],
					[ 29.0869421868, 41.1733096898 ],
					[ 29.0866225949, 41.1732750548 ],
					[ 29.0863035738, 41.173237533 ],
					[ 29.0859851698, 41.1731971313 ],
					[ 29.0856674282, 41.1731538535 ],
					[ 29.0853503955, 41.1731077081 ],
					[ 29.0850341157, 41.1730586999 ],
					[ 29.0847186341, 41.1730068357 ],
					[ 29.0844039981, 41.1729521249 ],
					[ 29.0840902495, 41.172894574 ],
					[ 29.0837774358, 41.1728341906 ],
					[ 29.0834655999, 41.1727709851 ],
					[ 29.083154787, 41.1727049649 ],
					[ 29.0828450421, 41.1726361404 ],
					[ 29.0825364095, 41.1725645218 ],
					[ 29.0822289341, 41.1724901185 ],
					[ 29.0819226577, 41.1724129407 ],
					[ 29.0816176253, 41.1723330006 ],
					[ 29.0813138809, 41.1722503092 ],
					[ 29.0810114685, 41.1721648778 ],
					[ 29.0807104297, 41.1720767201 ],
					[ 29.0804108084, 41.1719858475 ],
					[ 29.0801126474, 41.1718922727 ],
					[ 29.0798159905, 41.1717960097 ],
					[ 29.0795208782, 41.1716970732 ],
					[ 29.0792273543, 41.1715954754 ],
					[ 29.0789354605, 41.1714912326 ],
					[ 29.0786452369, 41.1713843589 ],
					[ 29.0783567276, 41.1712748689 ],
					[ 29.0780699729, 41.1711627793 ],
					[ 29.0777850129, 41.1710481064 ],
					[ 29.0775018894, 41.1709308661 ],
					[ 29.0772206425, 41.1708110748 ],
					[ 29.0769413126, 41.17068875 ],
					[ 29.07666394, 41.1705639091 ],
					[ 29.0763885637, 41.1704365705 ],
					[ 29.0761152228, 41.1703067525 ],
					[ 29.0758439577, 41.1701744725 ],
					[ 29.0755748061, 41.1700397498 ],
					[ 29.0753078072, 41.1699026046 ],
					[ 29.075043, 41.1697630559 ],
					[ 29.07478042, 41.1696211232 ],
					[ 29.0745201063, 41.1694768282 ],
					[ 29.0742620955, 41.1693301903 ],
					[ 29.0740064255, 41.1691812304 ],
					[ 29.0737531328, 41.1690299713 ],
					[ 29.073502253, 41.1688764324 ],
					[ 29.0732538216, 41.1687206381 ],
					[ 29.0730078751, 41.1685626086 ],
					[ 29.0727644477, 41.1684023677 ],
					[ 29.072523575, 41.1682399381 ],
					[ 29.0722852912, 41.1680753435 ],
					[ 29.0720496304, 41.1679086058 ],
					[ 29.0718166257, 41.1677397505 ],
					[ 29.0715863125, 41.1675688014 ],
					[ 29.0713587203, 41.167395783 ],
					[ 29.0711338857, 41.1672207199 ],
					[ 29.0709118368, 41.1670436366 ],
					[ 29.0706926091, 41.1668645597 ],
					[ 29.0704762309, 41.1666835136 ],
					[ 29.070262735, 41.1665005257 ],
					[ 29.0700521509, 41.1663156204 ],
					[ 29.0698350264, 41.1661201846 ],
					[ 29.0696211552, 41.1659227119 ],
					[ 29.0694105712, 41.165723233 ],
					[ 29.0692033075, 41.1655217781 ],
					[ 29.0689993945, 41.1653183797 ],
					[ 29.0687988664, 41.1651130697 ],
					[ 29.0686017536, 41.1649058799 ],
					[ 29.0684080866, 41.1646968421 ],
					[ 29.068217896, 41.1644859898 ],
					[ 29.068031211, 41.1642733566 ],
					[ 29.0678480622, 41.1640589742 ],
					[ 29.0676684776, 41.1638428773 ],
					[ 29.0674924853, 41.1636251001 ],
					[ 29.0673201111, 41.1634056753 ],
					[ 29.0671513854, 41.1631846384 ],
					[ 29.0669863315, 41.1629620228 ],
					[ 29.0668249763, 41.1627378648 ],
					[ 29.0666673455, 41.1625121988 ],
					[ 29.0665134636, 41.1622850602 ],
					[ 29.0663633538, 41.1620564842 ],
					[ 29.0662170407, 41.1618265072 ],
					[ 29.0660745452, 41.1615951652 ],
					[ 29.0659358917, 41.1613624937 ],
					[ 29.0658011024, 41.1611285289 ],
					[ 29.0656701956, 41.1608933087 ],
					[ 29.0655431936, 41.1606568693 ],
					[ 29.0654201148, 41.1604192478 ],
					[ 29.0653009813, 41.1601804814 ],
					[ 29.0651858081, 41.1599406071 ],
					[ 29.0650746159, 41.1596996619 ],
					[ 29.0649674209, 41.1594576856 ],
					[ 29.0648642403, 41.1592147136 ],
					[ 29.0647868917, 41.159025366 ],
					[ 29.0647119808, 41.1588354584 ],
					[ 29.0646395155, 41.1586450104 ],
					[ 29.0645695017, 41.1584540385 ],
					[ 29.064501945, 41.1582625625 ],
					[ 29.0644368534, 41.1580705994 ],
					[ 29.0643742338, 41.1578781666 ],
					[ 29.0643140895, 41.1576852839 ],
					[ 29.0642799747, 41.1573657619 ],
					[ 29.0642498522, 41.1570460112 ],
					[ 29.0642259397, 41.1567552118 ],
					[ 29.0642053296, 41.1564642682 ],
					[ 29.0641880239, 41.1561732019 ],
					[ 29.0641740233, 41.1558820337 ],
					[ 29.0641633288, 41.1555907851 ],
					[ 29.0641559423, 41.1552994788 ],
					[ 29.0641518612, 41.1550081345 ],
					[ 29.0641510898, 41.1547167748 ],
					[ 29.0641536243, 41.1544254203 ],
					[ 29.0641594678, 41.1541340936 ],
					[ 29.0641686176, 41.1538428153 ],
					[ 29.0641810735, 41.1535516071 ],
					[ 29.0641968349, 41.1532604906 ],
					[ 29.0642159005, 41.1529694864 ],
					[ 29.0642382674, 41.1526786171 ],
					[ 29.0642639365, 41.1523879025 ],
					[ 29.0642928885, 41.152097526 ],
					[ 29.0643251325, 41.1518073483 ],
					[ 29.0643606681, 41.151517389 ],
					[ 29.0643994914, 41.1512276717 ],
					[ 29.0644415997, 41.150938216 ],
					[ 29.0644869903, 41.1506490444 ],
					[ 29.0645356604, 41.1503601768 ],
					[ 29.0645876049, 41.1500716365 ],
					[ 29.0646428211, 41.1497834424 ],
					[ 29.0647013039, 41.1494956169 ],
					[ 29.0647630494, 41.1492081816 ],
					[ 29.0648280536, 41.1489211563 ],
					[ 29.0648963115, 41.1486345635 ],
					[ 29.0649678167, 41.1483484237 ],
					[ 29.0650425665, 41.1480627578 ],
					[ 29.0651205523, 41.1477775863 ],
					[ 29.0652017702, 41.1474929308 ],
					[ 29.0652862138, 41.1472088128 ],
					[ 29.065373878, 41.1469252521 ],
					[ 29.0654647542, 41.1466422703 ],
					[ 29.0655588361, 41.1463598879 ],
					[ 29.0656561186, 41.1460781248 ],
					[ 29.0657565918, 41.1457970034 ],
					[ 29.0658602506, 41.1455165434 ],
					[ 29.0659670864, 41.1452367655 ],
					[ 29.0660770916, 41.1449576911 ],
					[ 29.0661902565, 41.1446793392 ],
					[ 29.0663065759, 41.1444017304 ],
					[ 29.0664260377, 41.144124887 ],
					[ 29.0665486354, 41.1438488271 ],
					[ 29.0666743593, 41.1435735722 ],
					[ 29.0668032007, 41.1432991428 ],
					[ 29.0669157693, 41.1430652879 ],
					[ 29.0670306008, 41.1428320625 ],
					[ 29.0671476891, 41.1425994793 ],
					[ 29.0672670291, 41.1423675517 ],
					[ 29.0673886136, 41.1421362904 ],
					[ 29.0675124352, 41.141905709 ],
					[ 29.0676384877, 41.1416758198 ],
					[ 29.0677667663, 41.1414466356 ],
					[ 29.0678972611, 41.1412181669 ],
					[ 29.0680299661, 41.1409904282 ],
					[ 29.0681648751, 41.1407634303 ],
					[ 29.0683019795, 41.1405371855 ],
					[ 29.0684412732, 41.1403117066 ],
					[ 29.0685827477, 41.140087005 ],
					[ 29.0687263957, 41.1398630925 ],
					[ 29.0688722097, 41.1396399825 ],
					[ 29.0690086295, 41.1395049337 ],
					[ 29.0691470686, 41.1393710652 ],
					[ 29.0692875091, 41.1392383941 ],
					[ 29.0694299329, 41.1391069364 ],
					[ 29.0695743218, 41.1389767099 ],
					[ 29.0697206576, 41.1388477317 ],
					[ 29.0698689201, 41.1387200178 ],
					[ 29.0700190921, 41.138593585 ],
					[ 29.0701711533, 41.1384684496 ],
					[ 29.0703250831, 41.1383446283 ],
					[ 29.0704808623, 41.1382221354 ],
					[ 29.0706384716, 41.1381009879 ],
					[ 29.0707978906, 41.137981201 ],
					[ 29.0709590975, 41.1378627915 ],
					[ 29.0711220731, 41.1377457727 ],
					[ 29.0712867946, 41.1376301599 ],
					[ 29.0715235919, 41.1374684821 ],
					[ 29.0717638057, 41.137309711 ],
					[ 29.0720073724, 41.1371538882 ],
					[ 29.0722542283, 41.1370010529 ],
					[ 29.0725043121, 41.136851246 ],
					[ 29.0727575553, 41.1367045065 ],
					[ 29.0730138944, 41.1365608726 ],
					[ 29.0732732621, 41.1364203806 ],
					[ 29.0735355912, 41.1362830679 ],
					[ 29.0738008121, 41.1361489699 ],
					[ 29.074068859, 41.136018121 ],
					[ 29.0743396587, 41.135890556 ],
					[ 29.0746131428, 41.1357663082 ],
					[ 29.0748892407, 41.135645408 ],
					[ 29.0751678793, 41.1355278896 ],
					[ 29.0754489868, 41.1354137814 ],
					[ 29.0757324901, 41.1353031133 ],
					[ 29.0760183161, 41.1351959154 ],
					[ 29.0763063896, 41.135092214 ],
					[ 29.0765966363, 41.1349920365 ],
					[ 29.0768889808, 41.1348954093 ],
					[ 29.0771833467, 41.1348023577 ],
					[ 29.0774796573, 41.1347129056 ],
					[ 29.0777778363, 41.1346270757 ],
					[ 29.0780778071, 41.1345448899 ],
					[ 29.0783794896, 41.1344663719 ],
					[ 29.0786828075, 41.1343915398 ],
					[ 29.0789876806, 41.1343204139 ],
					[ 29.0792940301, 41.1342530123 ],
					[ 29.0796017762, 41.1341893524 ],
					[ 29.0799108399, 41.1341294524 ],
					[ 29.0802211401, 41.1340733253 ],
					[ 29.0805325958, 41.1340209875 ],
					[ 29.0808451269, 41.1339724527 ],
					[ 29.0811586523, 41.133927732 ],
					[ 29.0814730898, 41.1338868383 ],
					[ 29.0817883583, 41.1338497816 ],
					[ 29.0821043755, 41.1338165712 ],
					[ 29.0824210604, 41.1337872173 ],
					[ 29.0827383284, 41.1337617255 ],
					[ 29.0830560996, 41.1337401042 ],
					[ 29.0833742906, 41.1337223581 ],
					[ 29.0836928169, 41.1337084919 ],
					[ 29.0840115987, 41.1336985086 ],
					[ 29.0843305515, 41.133692412 ],
					[ 29.0846495931, 41.1336902032 ],
					[ 29.0849686402, 41.1336918826 ],
					[ 29.0852876106, 41.1336974495 ],
					[ 29.0856064212, 41.1337069031 ],
					[ 29.0859249874, 41.133720241 ],
					[ 29.0862432295, 41.1337374591 ],
					[ 29.0865610619, 41.1337585529 ],
					[ 29.0868784038, 41.1337835174 ],
					[ 29.0871951731, 41.1338123466 ],
					[ 29.0875112866, 41.1338450316 ],
					[ 29.0878266624, 41.1338815646 ],
					[ 29.0881412183, 41.1339219369 ],
					[ 29.0884548725, 41.133966137 ],
					[ 29.0887675442, 41.1340141535 ],
					[ 29.0890791513, 41.1340659741 ],
					[ 29.0893896145, 41.1341215855 ],
					[ 29.0896988516, 41.1341809735 ],
					[ 29.0900067821, 41.1342441223 ],
					[ 29.0903133276, 41.134311015 ],
					[ 29.0901687965, 41.1340442016 ],
					[ 29.0900300311, 41.1337756436 ],
					[ 29.0898970672, 41.133505414 ],
					[ 29.0897699407, 41.1332335827 ],
					[ 29.0896486838, 41.1329602237 ],
					[ 29.0895333313, 41.1326854075 ],
					[ 29.0894239118, 41.1324092081 ],
					[ 29.0893204541, 41.1321316989 ],
					[ 29.0892229856, 41.1318529519 ],
					[ 29.0891315338, 41.1315730432 ],
					[ 29.0890461203, 41.1312920459 ],
					[ 29.0889667689, 41.1310100338 ],
					[ 29.0888935011, 41.130727083 ],
					[ 29.0888263362, 41.1304432673 ],
					[ 29.0887652908, 41.1301586627 ],
					[ 29.0887103817, 41.1298733438 ],
					[ 29.0886616232, 41.1295873874 ],
					[ 29.0886190273, 41.1293008693 ],
					[ 29.0885826073, 41.1290138642 ],
					[ 29.0885523713, 41.1287264489 ],
					[ 29.088528328, 41.1284386989 ],
					[ 29.0885104832, 41.1281506918 ],
					[ 29.0884988406, 41.1278625033 ],
					[ 29.0884934051, 41.127574209 ],
					[ 29.0884941765, 41.1272858863 ],
					[ 29.0885011551, 41.1269976119 ],
					[ 29.0885143397, 41.1267094603 ],
					[ 29.0885337268, 41.12642151 ],
					[ 29.0885593092, 41.1261338366 ],
					[ 29.088591081, 41.1258465155 ],
					[ 29.0886290353, 41.1255596242 ],
					[ 29.0886731588, 41.1252732381 ],
					[ 29.0887234435, 41.124987433 ],
					[ 29.0887798726, 41.1247022841 ],
					[ 29.0888424331, 41.1244178681 ],
					[ 29.0889111073, 41.1241342594 ],
					[ 29.0889858785, 41.1238515345 ],
					[ 29.0890667253, 41.123569767 ],
					[ 29.0891536266, 41.1232890315 ],
					[ 29.0892465584, 41.1230094025 ],
					[ 29.0893454971, 41.1227309554 ],
					[ 29.0894504166, 41.1224537629 ],
					[ 29.0895612897, 41.1221778979 ],
					[ 29.0896780842, 41.1219034346 ],
					[ 29.0898007717, 41.1216304449 ],
					[ 29.0899293178, 41.1213590024 ],
					[ 29.0900636906, 41.1210891779 ],
					[ 29.0902038519, 41.1208210422 ],
					[ 29.0903497664, 41.120554668 ],
					[ 29.0905013947, 41.1202901251 ],
					[ 29.0906586955, 41.1200274835 ],
					[ 29.0908216284, 41.1197668131 ],
					[ 29.0909901508, 41.1195081818 ],
					[ 29.0911642163, 41.1192516605 ],
					[ 29.0913437801, 41.1189973145 ],
					[ 29.0915287933, 41.1187452136 ],
					[ 29.0917192063, 41.1184954223 ],
					[ 29.0919149718, 41.1182480086 ],
					[ 29.092116035, 41.1180030368 ],
					[ 29.0923223429, 41.1177605731 ],
					[ 29.0925338419, 41.1175206802 ],
					[ 29.0927504754, 41.1172834232 ],
					[ 29.0929721851, 41.1170488629 ],
					[ 29.0931989132, 41.1168170637 ],
					[ 29.0928828827, 41.1168420046 ],
					[ 29.0925660587, 41.1168603076 ],
					[ 29.0922486856, 41.1168719584 ],
					[ 29.0919310078, 41.1168769472 ],
					[ 29.0916132694, 41.1168752706 ],
					[ 29.0912957135, 41.1168669296 ],
					[ 29.0909785864, 41.1168519315 ],
					[ 29.0906621323, 41.1168302873 ],
					[ 29.0903465926, 41.1168020133 ],
					[ 29.0900322125, 41.1167671321 ],
					[ 29.0897192321, 41.1167256691 ],
					[ 29.0894078929, 41.1166776577 ],
					[ 29.0890984349, 41.1166231348 ],
					[ 29.0887910957, 41.1165621413 ],
					[ 29.0884861118, 41.1164947256 ],
					[ 29.0881837182, 41.1164209375 ],
					[ 29.0878841476, 41.1163408356 ],
					[ 29.0875876314, 41.116254481 ],
					[ 29.0872943949, 41.1161619396 ],
					[ 29.0870046671, 41.1160632835 ],
					[ 29.0867186683, 41.1159585882 ],
					[ 29.0864366203, 41.1158479338 ],
					[ 29.0861587397, 41.1157314059 ],
					[ 29.0858852397, 41.1156090944 ],
					[ 29.085616331, 41.1154810938 ],
					[ 29.0853522205, 41.1153475011 ],
					[ 29.0850931117, 41.1152084207 ],
					[ 29.0848392043, 41.1150639587 ],
					[ 29.0845906921, 41.1149142256 ],
					[ 29.0843477676, 41.114759339 ],
					[ 29.0841106184, 41.1145994149 ],
					[ 29.083879425, 41.114434579 ],
					[ 29.0836543654, 41.1142649571 ],
					[ 29.0834356141, 41.1140906801 ],
					[ 29.0832233393, 41.113911881 ],
					[ 29.0830177035, 41.1137286988 ],
					[ 29.0828188643, 41.1135412735 ],
					[ 29.0826269767, 41.1133497495 ],
					[ 29.0824421852, 41.1131542739 ],
					[ 29.0822646352, 41.1129549983 ],
					[ 29.0820944615, 41.1127520741 ],
					[ 29.081931794, 41.112545659 ],
					[ 29.0817767602, 41.1123359117 ],
					[ 29.0816294781, 41.1121229926 ],
					[ 29.0814900609, 41.1119070664 ],
					[ 29.0813586156, 41.1116882988 ],
					[ 29.0812352423, 41.1114668582 ],
					[ 29.0811200385, 41.1112429154 ],
					[ 29.0810130911, 41.1110166423 ],
					[ 29.080914482, 41.1107882125 ],
					[ 29.0808242873, 41.1105578021 ],
					[ 29.080742576, 41.1103255892 ],
					[ 29.080669412, 41.1100917507 ],
					[ 29.0806048511, 41.109856468 ],
					[ 29.080548942, 41.1096199218 ],
					[ 29.0805017283, 41.1093822932 ],
					[ 29.0804632457, 41.1091437664 ],
					[ 29.0804335246, 41.1089045243 ],
					[ 29.0804125864, 41.1086647499 ],
					[ 29.0804004485, 41.1084246288 ],
					[ 29.0803971202, 41.1081843457 ],
					[ 29.0804026023, 41.1079440852 ],
					[ 29.0804168923, 41.1077040319 ],
					[ 29.0804399779, 41.1074643711 ],
					[ 29.0802419223, 41.107571301 ],
					[ 29.0800403586, 41.1076744136 ],
					[ 29.0798354163, 41.107773644 ],
					[ 29.0796272249, 41.1078689268 ],
					[ 29.0794159197, 41.1079602034 ],
					[ 29.0792016327, 41.1080474139 ],
					[ 29.0789845026, 41.1081305042 ],
					[ 29.0787646673, 41.1082094197 ],
					[ 29.0785422654, 41.1082841119 ],
					[ 29.0783174418, 41.1083545307 ],
					[ 29.0780903375, 41.108420634 ],
					[ 29.0778610985, 41.1084823769 ],
					[ 29.0776298706, 41.1085397229 ],
					[ 29.077396802, 41.1085926325 ],
					[ 29.0771620408, 41.1086410737 ],
					[ 29.0769257363, 41.1086850152 ],
					[ 29.0766880401, 41.1087244294 ],
					[ 29.0764491039, 41.1087592896 ],
					[ 29.0762090791, 41.1087895754 ],
					[ 29.0759681196, 41.1088152673 ],
					[ 29.0757263794, 41.1088363476 ],
					[ 29.0754840123, 41.1088528032 ],
					[ 29.0752411731, 41.1088646245 ],
					[ 29.0749980169, 41.1088718036 ],
					[ 29.0747546972, 41.1088743357 ],
					[ 29.0745113714, 41.1088722191 ],
					[ 29.0742681942, 41.1088654562 ],
					[ 29.0740253205, 41.1088540489 ],
					[ 29.0737829048, 41.1088380076 ],
					[ 29.0735411019, 41.1088173397 ],
					[ 29.0733000675, 41.1087920602 ],
					[ 29.0730599528, 41.1087621845 ],
					[ 29.0728209135, 41.1087277321 ],
					[ 29.0725831004, 41.1086887247 ],
					[ 29.0723466657, 41.108645187 ],
					[ 29.0721117601, 41.1085971464 ],
					[ 29.0718785334, 41.1085446347 ],
					[ 29.0716471351, 41.1084876856 ],
					[ 29.0714177136, 41.1084263335 ],
					[ 29.0711904123, 41.1083606193 ],
					[ 29.0709653783, 41.1082905837 ],
					[ 29.0707427552, 41.1082162729 ],
					[ 29.0705226851, 41.1081377323 ],
					[ 29.0703053078, 41.1080550144 ],
					[ 29.0700907607, 41.1079681696 ],
					[ 29.0698791836, 41.1078772542 ],
					[ 29.0696707089, 41.1077823277 ],
					[ 29.0694654716, 41.107683448 ],
					[ 29.0692636006, 41.1075806801 ],
					[ 29.0690652258, 41.1074740889 ],
					[ 29.0688704738, 41.107363743 ],
					[ 29.0686794686, 41.1072497119 ],
					[ 29.0684923329, 41.1071320687 ],
					[ 29.0683091835, 41.1070108881 ],
					[ 29.0681301397, 41.1068862485 ],
					[ 29.0679553158, 41.1067582274 ],
					[ 29.0677848212, 41.1066269087 ],
					[ 29.0676187656, 41.1064923759 ],
					[ 29.0674572561, 41.1063547129 ],
					[ 29.067300395, 41.1062140096 ],
					[ 29.0671482809, 41.1060703542 ],
					[ 29.0670010127, 41.1059238394 ],
					[ 29.0668586829, 41.1057745586 ],
					[ 29.0667213844, 41.1056226063 ],
					[ 29.0666010077, 41.1054822345 ],
					[ 29.0664849247, 41.1053398102 ],
					[ 29.0663731939, 41.1051954077 ],
					[ 29.0662658761, 41.1050491031 ],
					[ 29.0661630285, 41.1049009735 ],
					[ 29.0660647023, 41.1047510975 ],
					[ 29.0659709524, 41.1045995532 ],
					[ 29.0658818265, 41.1044464201 ],
					[ 29.0657973733, 41.1042917805 ],
					[ 29.0657176344, 41.104135715 ],
					[ 29.0656426541, 41.103978306 ],
					[ 29.0655724703, 41.1038196364 ],
					[ 29.065507121, 41.1036597904 ],
					[ 29.0654466409, 41.1034988511 ],
					[ 29.0653910619, 41.1033369044 ],
					[ 29.0653404115, 41.1031740351 ],
					[ 29.0652913968, 41.1029976545 ],
					[ 29.0652481632, 41.1028204123 ],
					[ 29.0652107378, 41.1026424148 ],
					[ 29.0651791428, 41.1024637714 ],
					[ 29.0651533978, 41.1022845919 ],
					[ 29.0651335182, 41.1021049864 ],
					[ 29.0651195164, 41.101925063 ],
					[ 29.0651114005, 41.1017449325 ],
					[ 29.0651091771, 41.1015647067 ],
					[ 29.0651128447, 41.1013844927 ],
					[ 29.0651224039, 41.1012044039 ],
					[ 29.0651378462, 41.1010245483 ],
					[ 29.0651591638, 41.1008450366 ],
					[ 29.0651863433, 41.1006659777 ],
					[ 29.0652193677, 41.100487483 ],
					[ 29.0652582174, 41.1003096605 ],
					[ 29.0651215669, 41.1000936601 ],
					[ 29.0649889229, 41.0998762371 ],
					[ 29.0648603107, 41.0996574311 ],
					[ 29.0647357547, 41.0994372874 ],
					[ 29.0646152794, 41.0992158477 ],
					[ 29.0644989078, 41.0989931563 ],
					[ 29.0643866643, 41.0987692557 ],
					[ 29.0642785697, 41.0985441892 ],
					[ 29.0641746448, 41.0983180022 ],
					[ 29.0640749102, 41.0980907389 ],
					[ 29.0639793856, 41.0978624427 ],
					[ 29.0638880881, 41.0976331588 ],
					[ 29.0638010386, 41.0974029314 ],
					[ 29.0637182517, 41.0971718058 ],
					[ 29.0636397435, 41.0969398279 ],
					[ 29.0635655311, 41.0967070421 ],
					[ 29.0634956269, 41.0964734952 ],
					[ 29.0634300458, 41.0962392307 ],
					[ 29.0633687989, 41.0960042964 ],
					[ 29.063311901, 41.0957687364 ],
					[ 29.0632593609, 41.0955325987 ],
					[ 29.0632111887, 41.0952959283 ],
					[ 29.0631673955, 41.0950587711 ],
					[ 29.063127989, 41.0948211742 ],
					[ 29.0630929756, 41.0945831844 ],
					[ 29.0630623641, 41.0943448468 ],
					[ 29.0630361598, 41.0941062092 ],
					[ 29.0630143666, 41.0938673175 ],
					[ 29.0629969899, 41.0936282185 ],
					[ 29.0629840325, 41.0933889601 ],
					[ 29.0629754973, 41.0931495873 ],
					[ 29.062971386, 41.0929101469 ],
					[ 29.0629720053, 41.0926442651 ],
					[ 29.0629780776, 41.0923784231 ],
					[ 29.0629896042, 41.0921126839 ],
					[ 29.0630065794, 41.0918471115 ],
					[ 29.0630290011, 41.0915817707 ],
					[ 29.0630568635, 41.0913167254 ],
					[ 29.0630901596, 41.0910520393 ],
					[ 29.0631288814, 41.0907877755 ],
					[ 29.0631979168, 41.0904468351 ],
					[ 29.0632742594, 41.0901067888 ],
					[ 29.0633578901, 41.0897677237 ],
					[ 29.0634487848, 41.0894297314 ],
					[ 29.0635469207, 41.0890929 ],
					[ 29.0636522716, 41.0887573185 ],
					[ 29.0637648097, 41.0884230747 ],
					[ 29.0638845042, 41.0880902576 ],
					[ 29.064004274, 41.0877768597 ],
					[ 29.0641303896, 41.08746489 ],
					[ 29.0642628223, 41.0871544229 ],
					[ 29.064401539, 41.0868455302 ],
					[ 29.0645465099, 41.0865382863 ],
					[ 29.0646976971, 41.0862327622 ],
					[ 29.0648550674, 41.0859290312 ],
					[ 29.0650185827, 41.0856271642 ],
					[ 29.0651882051, 41.085327233 ],
					[ 29.065363893, 41.0850293073 ],
					[ 29.0655456062, 41.084733458 ],
					[ 29.0657333019, 41.0844397549 ],
					[ 29.0659269351, 41.0841482669 ],
					[ 29.0661264594, 41.0838590639 ],
					[ 29.0663318299, 41.0835722122 ],
					[ 29.0665429955, 41.0832877806 ],
					[ 29.0661990881, 41.0830873621 ],
					[ 29.0658572076, 41.0828849691 ],
					[ 29.0655173753, 41.0826806134 ],
					[ 29.0651796077, 41.0824743061 ],
					[ 29.0648439272, 41.0822660598 ],
					[ 29.0645103528, 41.0820558856 ],
					[ 29.0641789033, 41.0818437972 ],
					[ 29.0638495975, 41.0816298055 ],
					[ 29.0635224544, 41.0814139234 ],
					[ 29.063197494, 41.0811961635 ],
					[ 29.0628747352, 41.0809765387 ],
					[ 29.0625541944, 41.0807550618 ],
					[ 29.0622358929, 41.0805317445 ],
					[ 29.0619198484, 41.0803066007 ],
					[ 29.0616060773, 41.080079644 ],
					[ 29.0612946009, 41.0798508862 ],
					[ 29.0609854345, 41.079620341 ],
					[ 29.0606785969, 41.0793880221 ],
					[ 29.0603741069, 41.0791539432 ],
					[ 29.060071981, 41.078918117 ],
					[ 29.0597722369, 41.0786805581 ],
					[ 29.0594748911, 41.0784412792 ],
					[ 29.0591799635, 41.078200295 ],
					[ 29.0588874683, 41.0779576191 ],
					[ 29.058597423, 41.077713266 ],
					[ 29.0583098454, 41.0774672495 ],
					[ 29.0580247518, 41.077219584 ],
					[ 29.0577421575, 41.0769702841 ],
					[ 29.0574620815, 41.0767193636 ],
					[ 29.0571845376, 41.0764668369 ],
					[ 29.0569095424, 41.0762127195 ],
					[ 29.0566371111, 41.075957026 ],
					[ 29.0563425254, 41.0756759859 ],
					[ 29.0560510374, 41.0753931039 ],
					[ 29.0557626693, 41.0751083972 ],
					[ 29.0554774386, 41.0748218876 ],
					[ 29.0551953654, 41.0745335933 ],
					[ 29.0549164706, 41.0742435343 ],
					[ 29.0546407719, 41.0739517315 ],
					[ 29.0543682892, 41.0736582048 ],
					[ 29.0540681787, 41.0731769513 ],
					[ 29.0537765739, 41.0726927144 ],
					[ 29.0534935271, 41.0722055774 ],
					[ 29.053219088, 41.071715629 ],
					[ 29.0529533063, 41.0712229561 ],
					[ 29.052696227, 41.0707276456 ],
					[ 29.0524478962, 41.0702297852 ],
					[ 29.052208359, 41.0697294646 ],
					[ 29.0520631795, 41.0694156581 ],
					[ 29.0519214598, 41.0691009487 ],
					[ 29.0517832093, 41.0687853565 ],
					[ 29.0516484359, 41.068468903 ],
					[ 29.0515171511, 41.0681516119 ],
					[ 29.0513893628, 41.0678335048 ],
					[ 29.0512650792, 41.0675146025 ],
					[ 29.0511443104, 41.0671949277 ],
					[ 29.0510270633, 41.0668745037 ],
					[ 29.0509133483, 41.0665533514 ],
					[ 29.0508031696, 41.0662314933 ],
					[ 29.0506965376, 41.0659089521 ],
					[ 29.0505934592, 41.0655857494 ],
					[ 29.0504939411, 41.0652619088 ],
					[ 29.05039799, 41.0649374518 ],
					[ 29.0503056126, 41.064612402 ],
					[ 29.0502157864, 41.0642829231 ],
					[ 29.050129631, 41.0639528829 ],
					[ 29.0500471543, 41.0636223056 ],
					[ 29.0499683607, 41.0632912129 ],
					[ 29.0498932558, 41.0629596301 ],
					[ 29.0498218463, 41.0626275807 ],
					[ 29.0497541355, 41.0622950873 ],
					[ 29.0496901287, 41.0619621731 ],
					[ 29.0496269913, 41.0616126306 ],
					[ 29.0495679362, 41.0612626786 ],
					[ 29.0495129699, 41.0609123452 ],
					[ 29.0494620957, 41.0605616583 ],
					[ 29.0494055164, 41.0601329051 ],
					[ 29.049355054, 41.0597037151 ],
					[ 29.0493446733, 41.0596083074 ],
					[ 29.0493349887, 41.0594102773 ],
					[ 29.0493260624, 41.0591418329 ],
					[ 29.0493219693, 41.0588733221 ],
					[ 29.0493227086, 41.0586047935 ],
					[ 29.0493282806, 41.0583362976 ],
					[ 29.0493386847, 41.0580678848 ],
					[ 29.0493539177, 41.0577996036 ],
					[ 29.0493739788, 41.0575315037 ],
					[ 29.0493988613, 41.0572636361 ],
					[ 29.0494285631, 41.0569960505 ],
					[ 29.0494630777, 41.0567287946 ],
					[ 29.0495023983, 41.0564619204 ],
					[ 29.0495465181, 41.0561954766 ],
					[ 29.0495954292, 41.0559295117 ],
					[ 29.0496491214, 41.055664076 ],
					[ 29.0497075844, 41.055399219 ],
					[ 29.0497708091, 41.0551349892 ],
					[ 29.0498387829, 41.054871436 ],
					[ 29.0499114918, 41.0546086079 ],
					[ 29.0499889245, 41.0543465535 ],
					[ 29.0500710647, 41.0540853221 ],
					[ 29.0501578974, 41.0538249622 ],
					[ 29.0502494075, 41.0535655223 ],
					[ 29.0503455778, 41.0533070491 ],
					[ 29.0504463883, 41.0530495919 ],
					[ 29.050551823, 41.0527931982 ],
					[ 29.050661862, 41.0525379149 ],
					[ 29.0507764832, 41.0522837902 ],
					[ 29.0508956656, 41.0520308717 ],
					[ 29.0510193872, 41.0517792052 ],
					[ 29.051147627, 41.0515288372 ],
					[ 29.0512803581, 41.0512798153 ],
					[ 29.0514175572, 41.0510321851 ],
					[ 29.0511306552, 41.0509031143 ],
					[ 29.0508473307, 41.0507695935 ],
					[ 29.0505677032, 41.0506316785 ],
					[ 29.050291893, 41.0504894291 ],
					[ 29.0500200148, 41.0503429045 ],
					[ 29.0497521866, 41.0501921672 ],
					[ 29.0494885206, 41.050037282 ],
					[ 29.0492291299, 41.0498783146 ],
					[ 29.0489741254, 41.0497153326 ],
					[ 29.0487236132, 41.0495484045 ],
					[ 29.0484777017, 41.0493776015 ],
					[ 29.0482364946, 41.0492029973 ],
					[ 29.0480000953, 41.0490246658 ],
					[ 29.0477686029, 41.0488426817 ],
					[ 29.0475421171, 41.0486571232 ],
					[ 29.0473207333, 41.0484680686 ],
					[ 29.0471045454, 41.0482755998 ],
					[ 29.0468936462, 41.0480797977 ],
					[ 29.0466881249, 41.0478807449 ],
					[ 29.0464880694, 41.0476785261 ],
					[ 29.0462935629, 41.0474732283 ],
					[ 29.0461046897, 41.0472649387 ],
					[ 29.0459215295, 41.0470537454 ],
					[ 29.0457441606, 41.0468397372 ],
					[ 29.0455726577, 41.0466230067 ],
					[ 29.0454070933, 41.0464036454 ],
					[ 29.0452475385, 41.0461817467 ],
					[ 29.045094062, 41.0459574048 ],
					[ 29.0449467267, 41.0457307148 ],
					[ 29.0448055965, 41.0455017737 ],
					[ 29.0446707319, 41.0452706782 ],
					[ 29.0445421884, 41.0450375271 ],
					[ 29.0442139649, 41.0450047928 ],
					[ 29.0438861427, 41.0449698314 ],
					[ 29.0435587479, 41.0449326458 ],
					[ 29.0432318067, 41.044893239 ],
					[ 29.0429053464, 41.0448516138 ],
					[ 29.0425793919, 41.0448077742 ],
					[ 29.0422539695, 41.0447617238 ],
					[ 29.0419291065, 41.0447134658 ],
					[ 29.0416048289, 41.0446630038 ],
					[ 29.0412811618, 41.0446103426 ],
					[ 29.0409581312, 41.044555486 ],
					[ 29.0406357634, 41.0444984388 ],
					[ 29.0403140856, 41.0444392056 ],
					[ 29.0399931228, 41.0443777903 ],
					[ 29.0396728998, 41.0443141986 ],
					[ 29.0393534429, 41.0442484359 ],
					[ 29.0390347793, 41.0441805063 ],
					[ 29.0387169328, 41.044110417 ],
					[ 29.0383999294, 41.0440381719 ],
					[ 29.0380837954, 41.0439637776 ],
					[ 29.0377685543, 41.0438872405 ],
					[ 29.0374542347, 41.0438085654 ],
					[ 29.037140858, 41.0437277606 ],
					[ 29.0368284526, 41.0436448308 ],
					[ 29.0365170422, 41.0435597843 ],
					[ 29.0362066517, 41.0434726259 ],
					[ 29.0358973072, 41.0433833648 ],
					[ 29.0355890325, 41.0432920066 ],
					[ 29.0352818524, 41.0431985587 ],
					[ 29.0349757917, 41.0431030303 ],
					[ 29.0346708755, 41.0430054271 ],
					[ 29.0343671274, 41.0429057573 ],
					[ 29.0340645734, 41.0428040303 ],
					[ 29.0337632361, 41.0427002534 ],
					[ 29.0334631415, 41.042594434 ],
					[ 29.0331643121, 41.0424865822 ],
					[ 29.0328667716, 41.0423767064 ],
					[ 29.0325705461, 41.042264814 ],
					[ 29.032275658, 41.042150915 ],
					[ 29.031982131, 41.0420350197 ],
					[ 29.0316899899, 41.0419171354 ],
					[ 29.0313992562, 41.0417972731 ],
					[ 29.0311099545, 41.0416754411 ],
					[ 29.0308221086, 41.0415516505 ],
					[ 29.0305357397, 41.0414259105 ],
					[ 29.0302508727, 41.0412982311 ],
					[ 29.0299675301, 41.0411686234 ],
					[ 29.0296857343, 41.0410370975 ],
					[ 29.0294055077, 41.0409036626 ],
					[ 29.0291268729, 41.0407683315 ],
					[ 29.0288498534, 41.0406311143 ],
					[ 29.0285744705, 41.040492022 ],
					[ 29.0283007467, 41.0403510647 ],
					[ 29.0280287031, 41.0402082561 ],
					[ 29.0277583624, 41.0400636054 ],
					[ 29.0274897468, 41.0399171255 ],
					[ 29.0272228776, 41.0397688282 ],
					[ 29.0269577749, 41.0396187245 ],
					[ 29.0266944623, 41.0394668272 ],
					[ 29.0264329587, 41.0393131483 ],
					[ 29.0261732864, 41.0391577004 ],
					[ 29.0259154668, 41.0390004956 ],
					[ 29.0256595186, 41.0388415474 ],
					[ 29.0254054642, 41.0386808678 ],
					[ 29.0249788682, 41.0384043632 ],
					[ 29.0245578777, 41.0381229782 ],
					[ 29.0241425893, 41.0378367766 ],
					[ 29.0237331008, 41.037545826 ],
					[ 29.0233295074, 41.0372501922 ],
					[ 29.0229318997, 41.0369499451 ],
					[ 29.0225403719, 41.0366451542 ],
					[ 29.0221550132, 41.0363358887 ],
					[ 29.0217759131, 41.0360222215 ],
					[ 29.0214031607, 41.0357042236 ],
					[ 29.0210368393, 41.0353819705 ],
					[ 29.020677036, 41.0350555359 ],
					[ 29.0203238327, 41.0347249945 ],
					[ 29.0199773115, 41.0343904244 ],
					[ 29.0196375533, 41.0340519021 ],
					[ 29.0193046353, 41.0337095056 ],
					[ 29.0189786337, 41.0333633149 ],
					[ 29.0186596268, 41.0330134101 ],
					[ 29.0183476848, 41.0326598709 ],
					[ 29.0180428825, 41.0323027809 ],
					[ 29.0177452887, 41.0319422218 ],
					[ 29.0174549734, 41.0315782762 ],
					[ 29.0171720032, 41.0312110302 ],
					[ 29.016896442, 41.0308405674 ],
					[ 29.0166283551, 41.0304669738 ],
					[ 29.0163678041, 41.0300903364 ],
					[ 29.0161148484, 41.0297107414 ],
					[ 29.0158695482, 41.0293282776 ],
					[ 29.0156319582, 41.0289430319 ],
					[ 29.0154021327, 41.0285550957 ],
					[ 29.0151801273, 41.028164557 ],
					[ 29.0149659918, 41.0277715063 ]
				]
			},
			"properties" : {
				"ISIM_HAT" : "Anadolu Kavağı-Üsküdar",
				"TUR_HAT" : "Şehir Hatları",
				"HAT_ROTA" : "Anadolu Kavağı-Beykoz-Paşabahçe-Çubuklu-Kanlıca-Anadolu Hisarı-Çengelköy-Beylerbeyi-Üsküdar"
			}
		},
		{
			"type" : "Feature",
			"geometry" : {
				"type" : "LineString",
				"coordinates" : [
					[ 28.9751598563, 41.0175457041 ],
					[ 28.9756323546, 41.0178845651 ],
					[ 28.9761684517, 41.0181154572 ],
					[ 28.9774625479, 41.0186727974 ],
					[ 28.9779683529, 41.0188389615 ],
					[ 28.9793556356, 41.0192088013 ],
					[ 28.9803856164, 41.019507831 ],
					[ 28.9814059728, 41.0198252326 ],
					[ 28.9820805824, 41.0200469537 ],
					[ 28.9827504921, 41.0202767053 ],
					[ 28.9834155365, 41.0205144322 ],
					[ 28.9840755491, 41.0207600735 ],
					[ 28.984730367, 41.0210135693 ],
					[ 28.985379826, 41.0212748562 ],
					[ 28.9860237644, 41.0215438697 ],
					[ 28.9863436138, 41.0216812523 ],
					[ 28.9869789727, 41.0219617287 ],
					[ 28.9876084146, 41.0222497593 ],
					[ 28.9882317812, 41.0225452751 ],
					[ 28.9888489194, 41.0228481994 ],
					[ 28.9894596734, 41.0231584598 ],
					[ 28.9900638924, 41.0234759775 ],
					[ 28.9906614254, 41.0238006739 ],
					[ 28.9912521252, 41.0241324677 ],
					[ 28.9918358421, 41.0244712775 ],
					[ 28.9926980124, 41.0249924607 ],
					[ 28.9932636443, 41.025348436 ],
					[ 28.9935436633, 41.0255289464 ],
					[ 28.9940980214, 41.0258949581 ],
					[ 28.9946446889, 41.0262675462 ],
					[ 28.9949150963, 41.0264562779 ],
					[ 28.9954499745, 41.026838557 ],
					[ 28.9959768258, 41.0272271785 ],
					[ 28.9964955197, 41.0276220458 ],
					[ 28.9972579829, 41.0282258414 ],
					[ 28.9980013743, 41.0288431303 ],
					[ 28.9989621757, 41.0296865728 ],
					[ 28.9998873731, 41.0305525496 ],
					[ 29.0005573513, 41.0312163021 ],
					[ 29.0012064071, 41.0318918731 ],
					[ 29.0016273082, 41.0323486339 ],
					[ 29.0022406912, 41.0330430603 ],
					[ 29.0028322079, 41.0337482832 ],
					[ 29.003401526, 41.0344639073 ],
					[ 29.0040161406, 41.035282916 ],
					[ 29.0046418389, 41.0361718865 ],
					[ 29.0054506195, 41.0374223238 ],
					[ 29.0061150058, 41.0385551508 ],
					[ 29.0065534536, 41.0393670173 ],
					[ 29.0069528504, 41.0401614929 ],
					[ 29.0071212892, 41.0405141575 ],
					[ 29.007315173, 41.0408637446 ],
					[ 29.0073618374, 41.0410405055 ],
					[ 29.0083158104, 41.0408141833 ],
					[ 29.008978251, 41.0406722496 ],
					[ 29.0097962532, 41.0405146036 ],
					[ 29.0106198905, 41.04037479 ],
					[ 29.0111717779, 41.040291545 ],
					[ 29.0117256658, 41.0402163067 ],
					[ 29.0122813529, 41.0401491041 ],
					[ 29.0131178126, 41.0400634179 ],
					[ 29.0145180173, 41.0399610886 ],
					[ 29.0150796392, 41.03993437 ],
					[ 29.0159230814, 41.0399095532 ],
					[ 29.0166067223, 41.0399031375 ],
					[ 29.0176110491, 41.0399149143 ],
					[ 29.0184541857, 41.0399450886 ],
					[ 29.0195759322, 41.0400137827 ],
					[ 29.0201352998, 41.0400602998 ],
					[ 29.0204145167, 41.0400865947 ],
					[ 29.0208045015, 41.0401270107 ],
					[ 29.0212499984, 41.0401775909 ],
					[ 29.0218049226, 41.0402483219 ],
					[ 29.022633707, 41.040369452 ],
					[ 29.0234575613, 41.0405085341 ],
					[ 29.0238446937, 41.0405806751 ],
					[ 29.0243708935, 41.0406851608 ],
					[ 29.0248178606, 41.0407799135 ],
					[ 29.0250877772, 41.0408400819 ],
					[ 29.0255608888, 41.0409509781 ],
					[ 29.0259455939, 41.0410455538 ],
					[ 29.0263953587, 41.0411621353 ],
					[ 29.0266563101, 41.0412309289 ],
					[ 29.0271500983, 41.0413684643 ],
					[ 29.0281583822, 41.0416874655 ],
					[ 29.0286444639, 41.041860459 ],
					[ 29.0293607798, 41.0421395922 ],
					[ 29.0299394029, 41.0423873226 ],
					[ 29.0305060299, 41.0426504709 ],
					[ 29.0307811135, 41.0427859633 ],
					[ 29.0313216496, 41.0430678101 ],
					[ 29.0315869344, 41.0432140775 ],
					[ 29.0324691002, 41.0436451113 ],
					[ 29.0329121287, 41.0438583324 ],
					[ 29.0333564432, 41.0440700166 ],
					[ 29.0340052789, 41.0443753025 ],
					[ 29.0353109414, 41.0449760307 ],
					[ 29.0359677091, 41.0452714455 ],
					[ 29.0367126271, 41.045601124 ],
					[ 29.037460802, 41.0459265522 ],
					[ 29.0382121923, 41.0462477119 ],
					[ 29.0389667542, 41.0465645863 ],
					[ 29.0397244449, 41.0468771553 ],
					[ 29.0410683304, 41.0474174094 ],
					[ 29.0420158676, 41.047788863 ],
					[ 29.0437486486, 41.0484456087 ],
					[ 29.0460813668, 41.0492866355 ],
					[ 29.0472569692, 41.0496921865 ],
					[ 29.0490315083, 41.0502816624 ],
					[ 29.0508189588, 41.0508483705 ],
					[ 29.0514175572, 41.0510321851 ]
				]
			},
			"properties" : {
				"ISIM_HAT" : "Boğazdan Geliş-Boğaza Gidiş",
				"TUR_HAT" : "Şehir Hatları",
				"HAT_ROTA" : "Çengelköy-Beşiktaş-Eminönü"
			}
		},
		{
			"type" : "Feature",
			"geometry" : {
				"type" : "LineString",
				"coordinates" : [
					[ 28.9751598563, 41.0175457041 ],
					[ 28.9759111636, 41.0180024333 ],
					[ 28.9765842005, 41.018405614 ],
					[ 28.9770114297, 41.0186615402 ],
					[ 28.9772964788, 41.0188322929 ],
					[ 28.9776372035, 41.0190363959 ],
					[ 28.978024524, 41.0192684079 ],
					[ 28.9793057278, 41.0199032202 ],
					[ 28.9819757684, 41.0210550055 ],
					[ 28.9825588183, 41.0213240012 ],
					[ 28.9831380799, 41.0215976527 ],
					[ 28.9837134909, 41.0218759307 ],
					[ 28.9842849839, 41.0221588023 ],
					[ 28.9848524966, 41.0224462372 ],
					[ 28.9854159665, 41.0227382026 ],
					[ 28.9859753275, 41.0230346654 ],
					[ 28.9865305208, 41.023335593 ],
					[ 28.9870814804, 41.0236409522 ],
					[ 28.9876281473, 41.0239507084 ],
					[ 28.9881704592, 41.0242648261 ],
					[ 28.988708356, 41.0245832714 ],
					[ 28.9892417776, 41.0249060087 ],
					[ 28.9897706628, 41.0252330008 ],
					[ 28.990294954, 41.0255642128 ],
					[ 28.990814591, 41.0258996056 ],
					[ 28.9913295175, 41.0262391437 ],
					[ 28.9918396733, 41.0265827871 ],
					[ 28.9923450044, 41.0269304991 ],
					[ 28.9928454508, 41.0272822399 ],
					[ 28.9933409595, 41.0276379702 ],
					[ 28.993831473, 41.0279976509 ],
					[ 28.9943169382, 41.0283612411 ],
					[ 28.9947972977, 41.0287286998 ],
					[ 28.9952725008, 41.0290999871 ],
					[ 28.9957424923, 41.0294750601 ],
					[ 28.9962072205, 41.029853878 ],
					[ 28.9966666326, 41.0302363972 ],
					[ 28.997120678, 41.0306225759 ],
					[ 28.9975693051, 41.0310123704 ],
					[ 28.9980124633, 41.0314057381 ],
					[ 28.9982670662, 41.0316366378 ],
					[ 29.0018865404, 41.0348703468 ],
					[ 29.003165701, 41.0360059189 ],
					[ 29.0041587721, 41.0369198219 ],
					[ 29.0049030553, 41.037640976 ],
					[ 29.0055339519, 41.0383706763 ],
					[ 29.0061148115, 41.0390808819 ],
					[ 29.0064604435, 41.0395317565 ],
					[ 29.0069153318, 41.0402504013 ],
					[ 29.0073618374, 41.0410405055 ],
					[ 29.0076884305, 41.040733544 ],
					[ 29.0079178192, 41.0405449259 ],
					[ 29.0081592198, 41.0403945289 ],
					[ 29.0084383736, 41.0402444572 ],
					[ 29.0087927484, 41.0401140905 ],
					[ 29.0092350713, 41.0399940082 ],
					[ 29.0097650577, 41.0399032673 ],
					[ 29.0103196414, 41.0398508526 ],
					[ 29.0109997851, 41.0398185733 ],
					[ 29.0119815326, 41.0398174651 ],
					[ 29.0127610716, 41.0398717934 ],
					[ 29.0136784749, 41.0399654165 ],
					[ 29.0143062899, 41.0400660842 ],
					[ 29.0149213792, 41.04017617 ],
					[ 29.0154984336, 41.0403049871 ],
					[ 29.0167266375, 41.0406585402 ],
					[ 29.0192585525, 41.0415587572 ],
					[ 29.0195918979, 41.0417236527 ],
					[ 29.0199201043, 41.0418943564 ],
					[ 29.0202429959, 41.0420707759 ],
					[ 29.0205603994, 41.0422528153 ],
					[ 29.0208721437, 41.0424403785 ],
					[ 29.0211780615, 41.0426333633 ],
					[ 29.0214779867, 41.0428316666 ],
					[ 29.0217717603, 41.0430351809 ],
					[ 29.0220592234, 41.0432437986 ],
					[ 29.0223402206, 41.0434574059 ],
					[ 29.0226146027, 41.0436758881 ],
					[ 29.0228822191, 41.0438991287 ],
					[ 29.0231429288, 41.0441270068 ],
					[ 29.0233965898, 41.0443594006 ],
					[ 29.0236430671, 41.0445961848 ],
					[ 29.0238822269, 41.0448372322 ],
					[ 29.0241139416, 41.045082412 ],
					[ 29.0243380844, 41.0453315946 ],
					[ 29.0245545374, 41.0455846447 ],
					[ 29.0247631822, 41.0458414264 ],
					[ 29.0249639068, 41.0461018019 ],
					[ 29.0251566048, 41.0463656307 ],
					[ 29.02534117, 41.0466327716 ],
					[ 29.0255175047, 41.0469030806 ],
					[ 29.0256855144, 41.0471764118 ],
					[ 29.0258317873, 41.0470723359 ],
					[ 29.0259823777, 41.0469718512 ],
					[ 29.0261371308, 41.04687506 ],
					[ 29.0262958904, 41.0467820609 ],
					[ 29.0264584922, 41.0466929496 ],
					[ 29.026624772, 41.0466078167 ],
					[ 29.0267945596, 41.046526749 ],
					[ 29.0269676802, 41.0464498287 ],
					[ 29.0271439589, 41.0463771353 ],
					[ 29.0273232151, 41.0463087429 ],
					[ 29.0275052659, 41.0462447203 ],
					[ 29.0276899246, 41.0461851342 ],
					[ 29.0278770039, 41.0461300443 ],
					[ 29.0280663125, 41.0460795084 ],
					[ 29.0282576571, 41.0460335762 ],
					[ 29.0284508419, 41.0459922956 ],
					[ 29.0286456689, 41.0459557081 ],
					[ 29.0288419415, 41.0459238525 ],
					[ 29.029039458, 41.0458967596 ],
					[ 29.0292380172, 41.0458744582 ],
					[ 29.0294374155, 41.045856971 ],
					[ 29.0296374503, 41.0458443152 ],
					[ 29.0298379169, 41.0458365034 ],
					[ 29.0300386097, 41.0458335447 ],
					[ 29.0302393262, 41.045835442 ],
					[ 29.0304398597, 41.0458421934 ],
					[ 29.030640007, 41.045853791 ],
					[ 29.0308395612, 41.0458702231 ],
					[ 29.0310383217, 41.0458914745 ],
					[ 29.0312360831, 41.0459175211 ],
					[ 29.0314326449, 41.0459483385 ],
					[ 29.0316278052, 41.0459838946 ],
					[ 29.0319419585, 41.0460932918 ],
					[ 29.0322538177, 41.0462063922 ],
					[ 29.032563305, 41.0463231664 ],
					[ 29.0328703446, 41.0464435867 ],
					[ 29.0331748631, 41.0465676246 ],
					[ 29.0334767851, 41.0466952479 ],
					[ 29.0337760372, 41.0468264273 ],
					[ 29.0340725462, 41.0469611307 ],
					[ 29.0343662413, 41.0470993233 ],
					[ 29.0346570479, 41.0472409738 ],
					[ 29.0349448966, 41.0473860457 ],
					[ 29.0352297176, 41.047534505 ],
					[ 29.0355114414, 41.0476863144 ],
					[ 29.0357899971, 41.0478414372 ],
					[ 29.0360653198, 41.047999836 ],
					[ 29.0363373401, 41.0481614725 ],
					[ 29.0366059918, 41.0483263054 ],
					[ 29.0368712102, 41.0484942967 ],
					[ 29.0371329305, 41.0486654033 ],
					[ 29.0373910877, 41.0488395851 ],
					[ 29.0376456197, 41.0490167994 ],
					[ 29.0378964638, 41.0491970015 ],
					[ 29.0381435602, 41.0493801487 ],
					[ 29.0383868464, 41.0495661971 ],
					[ 29.0386262636, 41.0497550986 ],
					[ 29.0388617554, 41.0499468096 ],
					[ 29.0390932607, 41.0501412827 ],
					[ 29.0393207265, 41.0503384699 ],
					[ 29.0395440952, 41.0505383237 ],
					[ 29.0397633118, 41.0507407943 ],
					[ 29.0399783245, 41.0509458335 ],
					[ 29.0401890793, 41.0511533904 ],
					[ 29.0403920771, 41.0513598496 ],
					[ 29.0405908624, 41.0515686443 ],
					[ 29.0407853884, 41.0517797262 ],
					[ 29.0409756081, 41.0519930447 ],
					[ 29.0411614783, 41.0522085498 ],
					[ 29.0413429545, 41.0524261909 ],
					[ 29.0415199934, 41.0526459161 ],
					[ 29.0416925529, 41.0528676749 ],
					[ 29.0418605944, 41.0530914137 ],
					[ 29.0420240759, 41.05331708 ],
					[ 29.0421829589, 41.0535446204 ],
					[ 29.0423372072, 41.0537739814 ],
					[ 29.0424867835, 41.0540051088 ],
					[ 29.0426316518, 41.0542379482 ],
					[ 29.0427717794, 41.0544724445 ],
					[ 29.0429071325, 41.0547085434 ],
					[ 29.04303768, 41.0549461869 ],
					[ 29.0431633892, 41.0551853217 ],
					[ 29.0432842311, 41.0554258892 ],
					[ 29.0434001781, 41.0556678331 ],
					[ 29.043511201, 41.0559110975 ],
					[ 29.0436172746, 41.0561556236 ],
					[ 29.0437183747, 41.0564013546 ],
					[ 29.043814477, 41.0566482317 ],
					[ 29.0439055573, 41.0568961979 ],
					[ 29.043991594, 41.0571451929 ],
					[ 29.0440725698, 41.0573951597 ],
					[ 29.0441484619, 41.0576460387 ],
					[ 29.0442192543, 41.0578977695 ],
					[ 29.0442849301, 41.0581502953 ],
					[ 29.0443454734, 41.0584035536 ],
					[ 29.0444008706, 41.058657487 ],
					[ 29.0444511073, 41.0589120339 ],
					[ 29.0444961722, 41.0591671349 ],
					[ 29.0445360543, 41.0594227295 ],
					[ 29.0445707448, 41.0596787583 ],
					[ 29.0446002352, 41.05993516 ],
					[ 29.0446245178, 41.0601918741 ],
					[ 29.0446435888, 41.0604488413 ],
					[ 29.0446574406, 41.0607059984 ],
					[ 29.0446660717, 41.0609632877 ],
					[ 29.0446694804, 41.0612206455 ],
					[ 29.0446676653, 41.0614780139 ],
					[ 29.0446606259, 41.06173533 ],
					[ 29.0446483655, 41.0619925344 ],
					[ 29.0446308849, 41.0622495649 ],
					[ 29.0446081909, 41.0625063631 ],
					[ 29.0445802854, 41.0627628659 ],
					[ 29.0445471775, 41.063019015 ],
					[ 29.0445088742, 41.0632747481 ],
					[ 29.0444653844, 41.063530006 ],
					[ 29.0444167186, 41.0637847276 ],
					[ 29.0443628882, 41.0640388543 ],
					[ 29.0443039048, 41.0642923241 ],
					[ 29.0442397834, 41.0645450786 ],
					[ 29.044170538, 41.0647970576 ],
					[ 29.0440961872, 41.065048201 ],
					[ 29.044016746, 41.0652984511 ],
					[ 29.0439322344, 41.0655477478 ],
					[ 29.0438426709, 41.0657960319 ],
					[ 29.043748079, 41.0660432459 ],
					[ 29.0436484785, 41.0662893305 ],
					[ 29.0435438952, 41.0665342274 ],
					[ 29.0434343512, 41.06677788 ],
					[ 29.0435865698, 41.0667670813 ],
					[ 29.0437390894, 41.0667590681 ],
					[ 29.0438918184, 41.0667538443 ],
					[ 29.0440446712, 41.0667514144 ],
					[ 29.044197556, 41.0667517786 ],
					[ 29.0443503861, 41.0667549371 ],
					[ 29.0445030687, 41.0667608883 ],
					[ 29.0446555183, 41.0667696277 ],
					[ 29.0448076444, 41.0667811521 ],
					[ 29.044959358, 41.0667954533 ],
					[ 29.0451105712, 41.0668125236 ],
					[ 29.0452611961, 41.0668323522 ],
					[ 29.0454111436, 41.0668549285 ],
					[ 29.0455603284, 41.0668802384 ],
					[ 29.0457086601, 41.0669082684 ],
					[ 29.0458560559, 41.0669390017 ],
					[ 29.0460024278, 41.0669724195 ],
					[ 29.0461476894, 41.0670085023 ],
					[ 29.046291759, 41.0670472303 ],
					[ 29.0464345498, 41.0670885805 ],
					[ 29.0465759792, 41.0671325287 ],
					[ 29.0467159665, 41.0671790491 ],
					[ 29.0468544277, 41.0672281139 ],
					[ 29.0469912822, 41.0672796955 ],
					[ 29.0471264521, 41.0673337644 ],
					[ 29.0472598569, 41.0673902866 ],
					[ 29.0473914197, 41.0674492318 ],
					[ 29.0475210625, 41.0675105643 ],
					[ 29.0476487109, 41.0675742483 ],
					[ 29.0477742893, 41.0676402471 ],
					[ 29.0478977257, 41.0677085216 ],
					[ 29.0480189481, 41.0677790323 ],
					[ 29.0481378844, 41.067851739 ],
					[ 29.0482544664, 41.0679265972 ],
					[ 29.0483686256, 41.0680035656 ],
					[ 29.0484802949, 41.068082597 ],
					[ 29.0485894106, 41.0681636476 ],
					[ 29.0486959081, 41.0682466682 ],
					[ 29.048799725, 41.0683316107 ],
					[ 29.0489008013, 41.0684184267 ],
					[ 29.0489990782, 41.0685070645 ],
					[ 29.049094497, 41.0685974733 ],
					[ 29.0491870038, 41.0686895993 ],
					[ 29.0492765433, 41.0687833901 ],
					[ 29.049363064, 41.0688787892 ],
					[ 29.0494465156, 41.0689757423 ],
					[ 29.0495268489, 41.0690741923 ],
					[ 29.049604017, 41.069174082 ],
					[ 29.0496779745, 41.0692753526 ],
					[ 29.0497486793, 41.0693779461 ],
					[ 29.0498160895, 41.0694818017 ],
					[ 29.0498801654, 41.0695868589 ],
					[ 29.0499408699, 41.0696930571 ],
					[ 29.0499981682, 41.0698003329 ],
					[ 29.0500520266, 41.0699086256 ],
					[ 29.0501024138, 41.0700178713 ],
					[ 29.0501492988, 41.0701280055 ],
					[ 29.0501926561, 41.0702389652 ],
					[ 29.0502324594, 41.0703506844 ],
					[ 29.0502686858, 41.0704630989 ],
					[ 29.0503013148, 41.0705761428 ],
					[ 29.0503303259, 41.0706897495 ],
					[ 29.0503557034, 41.0708038538 ],
					[ 29.0503774328, 41.070918389 ],
					[ 29.0503963789, 41.0710395601 ],
					[ 29.0504112417, 41.0711610567 ],
					[ 29.0504220104, 41.0712828015 ],
					[ 29.0504286789, 41.0714047132 ],
					[ 29.0504312413, 41.0715267145 ],
					[ 29.0504296986, 41.0716487261 ],
					[ 29.0504240496, 41.0717706678 ],
					[ 29.0504142978, 41.0718924604 ],
					[ 29.0504004514, 41.0720140266 ],
					[ 29.0503825175, 41.0721352863 ],
					[ 29.0503605091, 41.0722561603 ],
					[ 29.0503344392, 41.0723765713 ],
					[ 29.0503043244, 41.0724964412 ],
					[ 29.0502701861, 41.0726156916 ],
					[ 29.0502320454, 41.0727342455 ],
					[ 29.0501899274, 41.0728520255 ],
					[ 29.0501438592, 41.0729689553 ],
					[ 29.0500938693, 41.0730849595 ],
					[ 29.0500399921, 41.0731999619 ],
					[ 29.049982262, 41.0733138898 ],
					[ 29.0499207157, 41.073426667 ],
					[ 29.0498553947, 41.0735382217 ],
					[ 29.0497863392, 41.0736484814 ],
					[ 29.0497135944, 41.0737573743 ],
					[ 29.04963721, 41.0738648298 ],
					[ 29.0495572323, 41.073970778 ],
					[ 29.0494737145, 41.07407515 ],
					[ 29.0493867111, 41.0741778787 ],
					[ 29.0492962791, 41.0742788979 ],
					[ 29.0492024754, 41.0743781406 ],
					[ 29.0491053626, 41.0744755433 ],
					[ 29.0490050024, 41.0745710427 ],
					[ 29.0489014599, 41.0746645761 ],
					[ 29.0487948026, 41.0747560838 ],
					[ 29.0486851005, 41.0748455062 ],
					[ 29.0485724245, 41.074932786 ],
					[ 29.0484568468, 41.0750178645 ],
					[ 29.0483384433, 41.0751006883 ],
					[ 29.0482172896, 41.0751812031 ],
					[ 29.048093465, 41.0752593563 ],
					[ 29.0479670512, 41.0753350982 ],
					[ 29.0478381274, 41.0754083782 ],
					[ 29.0477067801, 41.0754791501 ],
					[ 29.0475730931, 41.0755473677 ],
					[ 29.0474371528, 41.075612986 ],
					[ 29.0472990478, 41.0756759632 ],
					[ 29.047158868, 41.0757362578 ],
					[ 29.0470167045, 41.075793831 ],
					[ 29.0468726481, 41.0758486455 ],
					[ 29.0467267947, 41.0759006654 ],
					[ 29.0465792363, 41.0759498581 ],
					[ 29.046430071, 41.07599619 ],
					[ 29.0462793945, 41.0760396315 ],
					[ 29.0461273034, 41.0760801554 ],
					[ 29.0459738983, 41.0761177346 ],
					[ 29.0458192782, 41.0761523455 ],
					[ 29.0456635434, 41.0761839639 ],
					[ 29.0455067942, 41.0762125717 ],
					[ 29.0453491332, 41.076238148 ],
					[ 29.045190663, 41.0762606775 ],
					[ 29.0450314851, 41.0762801449 ],
					[ 29.044871703, 41.0762965383 ],
					[ 29.0447114217, 41.076309847 ],
					[ 29.0445507448, 41.076320062 ],
					[ 29.0449872947, 41.0763684732 ],
					[ 29.0454250511, 41.076410189 ],
					[ 29.0458638345, 41.0764451918 ],
					[ 29.0463034628, 41.0764734664 ],
					[ 29.0467437589, 41.0764950024 ],
					[ 29.0471845394, 41.0765097902 ],
					[ 29.047625627, 41.0765178238 ],
					[ 29.0480668385, 41.0765191007 ],
					[ 29.0485079927, 41.0765136195 ],
					[ 29.0489489111, 41.0765013833 ],
					[ 29.0493894113, 41.0764823958 ],
					[ 29.0498293147, 41.0764566656 ],
					[ 29.0502684376, 41.0764242037 ],
					[ 29.0507066038, 41.0763850223 ],
					[ 29.0511436306, 41.0763391386 ],
					[ 29.0515793406, 41.0762865703 ],
					[ 29.0520135558, 41.0762273391 ],
					[ 29.0524460974, 41.0761614708 ],
					[ 29.0528767876, 41.0760889909 ],
					[ 29.0533054508, 41.0760099285 ],
					[ 29.0537319104, 41.0759243182 ],
					[ 29.0541559932, 41.075832193 ],
					[ 29.0545775249, 41.0757335918 ],
					[ 29.0549963309, 41.0756285547 ],
					[ 29.0554122429, 41.0755171245 ],
					[ 29.0558250876, 41.0753993475 ],
					[ 29.0562346974, 41.075275271 ],
					[ 29.056640904, 41.0751449468 ],
					[ 29.0570435409, 41.0750084275 ],
					[ 29.0574424431, 41.0748657696 ],
					[ 29.0578374466, 41.074717031 ],
					[ 29.0582283911, 41.0745622736 ],
					[ 29.0582503222, 41.0747379926 ],
					[ 29.0582761606, 41.0749134069 ],
					[ 29.0583058986, 41.0750884675 ],
					[ 29.0583395288, 41.0752631233 ],
					[ 29.0583770412, 41.0754373264 ],
					[ 29.0584184256, 41.0756110271 ],
					[ 29.0584636699, 41.0757841759 ],
					[ 29.0585127617, 41.0759567221 ],
					[ 29.0585656861, 41.0761286199 ],
					[ 29.0586224286, 41.0762998176 ],
					[ 29.0586829742, 41.0764702684 ],
					[ 29.0587473047, 41.0766399235 ],
					[ 29.0588154006, 41.0768087341 ],
					[ 29.058887246, 41.0769766541 ],
					[ 29.0589628176, 41.0771436338 ],
					[ 29.059042095, 41.0773096263 ],
					[ 29.059125056, 41.0774745854 ],
					[ 29.0592116776, 41.077638464 ],
					[ 29.0593019331, 41.0778012152 ],
					[ 29.0593957994, 41.0779627937 ],
					[ 29.0594932486, 41.0781231525 ],
					[ 29.0595942529, 41.0782822463 ],
					[ 29.0596987843, 41.0784400307 ],
					[ 29.0598068125, 41.0785964605 ],
					[ 29.0599183073, 41.0787514922 ],
					[ 29.0600332384, 41.0789050796 ],
					[ 29.0601515706, 41.079057181 ],
					[ 29.0602732726, 41.0792077538 ],
					[ 29.060398308, 41.0793567527 ],
					[ 29.060526643, 41.0795041378 ],
					[ 29.06065824, 41.0796498663 ],
					[ 29.0607930628, 41.0797938968 ],
					[ 29.0609310727, 41.079936189 ],
					[ 29.0610722299, 41.0800767023 ],
					[ 29.0612164956, 41.0802153967 ],
					[ 29.0613638275, 41.080352233 ],
					[ 29.0615141859, 41.0804871714 ],
					[ 29.0616675259, 41.0806201754 ],
					[ 29.0618238042, 41.0807512059 ],
					[ 29.0619829783, 41.0808802258 ],
					[ 29.0621450013, 41.0810071994 ],
					[ 29.0623098284, 41.0811320904 ],
					[ 29.0624774125, 41.0812548623 ],
					[ 29.0626477054, 41.0813754815 ],
					[ 29.0628206599, 41.0814939134 ],
					[ 29.0629962252, 41.081610125 ],
					[ 29.0631743544, 41.0817240818 ],
					[ 29.0633549942, 41.0818357527 ],
					[ 29.0635380941, 41.0819451049 ],
					[ 29.0637236031, 41.0820521092 ],
					[ 29.0639114682, 41.0821567335 ],
					[ 29.0641016351, 41.0822589486 ],
					[ 29.0642940506, 41.0823587263 ],
					[ 29.0644886604, 41.0824560371 ],
					[ 29.0646854089, 41.0825508545 ],
					[ 29.0648842405, 41.0826431502 ],
					[ 29.0650850985, 41.0827328994 ],
					[ 29.0652879261, 41.0828200763 ],
					[ 29.0654926666, 41.0829046553 ],
					[ 29.0656992607, 41.0829866143 ],
					[ 29.0659076492, 41.0830659277 ],
					[ 29.0661177754, 41.0831425741 ],
					[ 29.0663295765, 41.0832165324 ],
					[ 29.0665429955, 41.0832877806 ],
					[ 29.0663482053, 41.0833682111 ],
					[ 29.0661552291, 41.0834511079 ],
					[ 29.0659641206, 41.0835364471 ],
					[ 29.0657749351, 41.0836242039 ],
					[ 29.0655877251, 41.0837143545 ],
					[ 29.0654025434, 41.0838068732 ],
					[ 29.0652194439, 41.0839017342 ],
					[ 29.065038477, 41.0839989093 ],
					[ 29.064859693, 41.0840983727 ],
					[ 29.0646831447, 41.0842000961 ],
					[ 29.06450888, 41.0843040492 ],
					[ 29.0643369482, 41.0844102045 ],
					[ 29.0641673997, 41.084518531 ],
					[ 29.0640002801, 41.0846289983 ],
					[ 29.0638356387, 41.0847415755 ],
					[ 29.0636735199, 41.0848562304 ],
					[ 29.0635139718, 41.0849729301 ],
					[ 29.0633570377, 41.0850916436 ],
					[ 29.0632027633, 41.085212335 ],
					[ 29.0630511908, 41.0853349716 ],
					[ 29.0629023634, 41.0854595185 ],
					[ 29.0627563246, 41.0855859401 ],
					[ 29.062613114, 41.0857142015 ],
					[ 29.0624727716, 41.0858442654 ],
					[ 29.0623353395, 41.0859760961 ],
					[ 29.062200855, 41.0861096559 ],
					[ 29.0620693557, 41.0862449076 ],
					[ 29.061940879, 41.0863818116 ],
					[ 29.0618154624, 41.0865203306 ],
					[ 29.0616931396, 41.0866604243 ],
					[ 29.0615739471, 41.0868020543 ],
					[ 29.0614579163, 41.0869451803 ],
					[ 29.0613450824, 41.0870897612 ],
					[ 29.0612354744, 41.0872357568 ],
					[ 29.0611291264, 41.0873831249 ],
					[ 29.0610260675, 41.0875318254 ],
					[ 29.0609263256, 41.0876818153 ],
					[ 29.0608299299, 41.0878330524 ],
					[ 29.0607369074, 41.0879854938 ],
					[ 29.0606472847, 41.0881390973 ],
					[ 29.0605610863, 41.0882938183 ],
					[ 29.0604783379, 41.0884496136 ],
					[ 29.0603990616, 41.0886064393 ],
					[ 29.0603232805, 41.0887642507 ],
					[ 29.0602510167, 41.0889230037 ],
					[ 29.0601822889, 41.0890826535 ],
					[ 29.060117119, 41.0892431544 ],
					[ 29.0600555233, 41.0894044615 ],
					[ 29.0599975189, 41.08956653 ],
					[ 29.0599431246, 41.0897293121 ],
					[ 29.059892354, 41.0898927631 ],
					[ 29.0598452209, 41.0900568372 ],
					[ 29.0598017404, 41.0902214866 ],
					[ 29.0597619249, 41.0903866667 ],
					[ 29.0597257835, 41.0905523286 ],
					[ 29.0596933288, 41.0907184277 ],
					[ 29.0596645686, 41.0908849162 ],
					[ 29.0596395109, 41.0910517464 ],
					[ 29.0596181645, 41.0912188717 ],
					[ 29.0596005339, 41.0913862442 ],
					[ 29.0595866232, 41.0915538182 ],
					[ 29.0595764391, 41.0917215451 ],
					[ 29.0595699823, 41.091889378 ],
					[ 29.0595672559, 41.0920572693 ],
					[ 29.0595679953, 41.092208557 ],
					[ 29.0595717617, 41.092359818 ],
					[ 29.0595785569, 41.0925110192 ],
					[ 29.059588379, 41.0926621253 ],
					[ 29.0596012238, 41.092813102 ],
					[ 29.0596170905, 41.0929639135 ],
					[ 29.059635975, 41.0931145254 ],
					[ 29.0596578729, 41.0932649043 ],
					[ 29.0596827789, 41.0934150151 ],
					[ 29.0597106875, 41.0935648227 ],
					[ 29.059741592, 41.0937142945 ],
					[ 29.0597754859, 41.0938633936 ],
					[ 29.0598123613, 41.0940120885 ],
					[ 29.0598522092, 41.0941603429 ],
					[ 29.0598950218, 41.0943081236 ],
					[ 29.0599407876, 41.0944553971 ],
					[ 29.0599894977, 41.0946021301 ],
					[ 29.0600411395, 41.0947482872 ],
					[ 29.0600957015, 41.0948938361 ],
					[ 29.0601531723, 41.0950387423 ],
					[ 29.060213537, 41.0951829743 ],
					[ 29.0602767829, 41.0953264976 ],
					[ 29.0603428963, 41.0954692799 ],
					[ 29.060411861, 41.0956112885 ],
					[ 29.0604836608, 41.09575249 ],
					[ 29.0605582795, 41.0958928526 ],
					[ 29.0606357009, 41.096032344 ],
					[ 29.0607159052, 41.0961709333 ],
					[ 29.0607988763, 41.096308587 ],
					[ 29.0608845944, 41.0964452734 ],
					[ 29.0609730397, 41.0965809627 ],
					[ 29.0610641925, 41.0967156232 ],
					[ 29.0611580305, 41.0968492232 ],
					[ 29.061254534, 41.0969817328 ],
					[ 29.0613536784, 41.0971131212 ],
					[ 29.061455444, 41.0972433594 ],
					[ 29.061559805, 41.0973724157 ],
					[ 29.0616667379, 41.097500261 ],
					[ 29.0617762195, 41.0976268673 ],
					[ 29.061888224, 41.0977522037 ],
					[ 29.0620027256, 41.097876243 ],
					[ 29.0621196973, 41.0979989561 ],
					[ 29.0622391133, 41.0981203141 ],
					[ 29.0623609467, 41.0982402905 ],
					[ 29.062485167, 41.0983588563 ],
					[ 29.0626117495, 41.0984759861 ],
					[ 29.0627406613, 41.0985916508 ],
					[ 29.0628718753, 41.0987058259 ],
					[ 29.0630053611, 41.098818485 ],
					[ 29.063141088, 41.0989296008 ],
					[ 29.0632790243, 41.0990391478 ],
					[ 29.0634191381, 41.0991471033 ],
					[ 29.0635613978, 41.09925344 ],
					[ 29.0637057714, 41.0993581342 ],
					[ 29.0638522249, 41.0994611622 ],
					[ 29.0640007252, 41.0995625012 ],
					[ 29.0641512381, 41.0996621257 ],
					[ 29.0643037283, 41.0997600148 ],
					[ 29.0644581615, 41.0998561447 ],
					[ 29.0646145024, 41.0999504944 ],
					[ 29.0647727143, 41.100043042 ],
					[ 29.064932763, 41.1001337657 ],
					[ 29.0650946096, 41.1002226452 ],
					[ 29.0652582174, 41.1003096605 ],
					[ 29.0652098558, 41.1004809164 ],
					[ 29.0651669603, 41.1006530045 ],
					[ 29.0651295559, 41.1008258234 ],
					[ 29.0650976657, 41.100999274 ],
					[ 29.0650713077, 41.1011732548 ],
					[ 29.0650504965, 41.101347666 ],
					[ 29.0650352456, 41.1015224051 ],
					[ 29.0650255622, 41.1016973721 ],
					[ 29.0650214528, 41.1018724645 ],
					[ 29.0650229199, 41.1020475806 ],
					[ 29.0650299615, 41.1022226194 ],
					[ 29.0650425754, 41.1023974792 ],
					[ 29.0650607538, 41.1025720582 ],
					[ 29.065084486, 41.1027462555 ],
					[ 29.0651137581, 41.10291997 ],
					[ 29.0651485538, 41.1030931009 ],
					[ 29.0651888519, 41.1032655471 ],
					[ 29.06523463, 41.1034372102 ],
					[ 29.0652858599, 41.1036079882 ],
					[ 29.0653425143, 41.1037777838 ],
					[ 29.0654045591, 41.1039464984 ],
					[ 29.0654719588, 41.1041140328 ],
					[ 29.0655212938, 41.1045320707 ],
					[ 29.0655237696, 41.1051563882 ],
					[ 29.0655074873, 41.1053895226 ],
					[ 29.0643393094, 41.1087145857 ],
					[ 29.0626930754, 41.1109764818 ],
					[ 29.0617838162, 41.1123715624 ],
					[ 29.0613132274, 41.1132669148 ],
					[ 29.0622201779, 41.1125670518 ],
					[ 29.0663386966, 41.111260433 ],
					[ 29.0773228122, 41.1082486059 ],
					[ 29.077590627, 41.1082036597 ],
					[ 29.0778572859, 41.1081549363 ],
					[ 29.0781226934, 41.1081024538 ],
					[ 29.0783867575, 41.1080462295 ],
					[ 29.0786493875, 41.1079862832 ],
					[ 29.0789104902, 41.1079226369 ],
					[ 29.0791699747, 41.1078553106 ],
					[ 29.0794277502, 41.1077843304 ],
					[ 29.0796837282, 41.1077097192 ],
					[ 29.0799378178, 41.1076315041 ],
					[ 29.0801899294, 41.1075497114 ],
					[ 29.0804399779, 41.1074643711 ],
					[ 29.0804175065, 41.1075856995 ],
					[ 29.0803974114, 41.1077072656 ],
					[ 29.080379699, 41.1078290444 ],
					[ 29.0803643721, 41.1079510078 ],
					[ 29.0803514334, 41.108073129 ],
					[ 29.0803408869, 41.1081953818 ],
					[ 29.0803327342, 41.1083177402 ],
					[ 29.080326978, 41.1084401753 ],
					[ 29.0803236187, 41.108562662 ],
					[ 29.0803226567, 41.1086851732 ],
					[ 29.0803240937, 41.1088076811 ],
					[ 29.0803279275, 41.1089301594 ],
					[ 29.0803341586, 41.1090525822 ],
					[ 29.0803427862, 41.1091749214 ],
					[ 29.0803538071, 41.1092971501 ],
					[ 29.0803672193, 41.109419243 ],
					[ 29.0803830197, 41.1095411712 ],
					[ 29.080401205, 41.1096629096 ],
					[ 29.080421772, 41.1097844311 ],
					[ 29.0804447152, 41.1099057095 ],
					[ 29.0804700302, 41.1100267169 ],
					[ 29.0804977102, 41.110147428 ],
					[ 29.0805277509, 41.1102678149 ],
					[ 29.0805601443, 41.1103878532 ],
					[ 29.0805948849, 41.1105075158 ],
					[ 29.0806319634, 41.1106267757 ],
					[ 29.0806713732, 41.1107456075 ],
					[ 29.080713105, 41.1108639851 ],
					[ 29.0807571486, 41.1109818823 ],
					[ 29.080803496, 41.1110992739 ],
					[ 29.0808521356, 41.1112161335 ],
					[ 29.0809030582, 41.111332435 ],
					[ 29.0809562524, 41.1114481541 ],
					[ 29.0810117055, 41.1115632644 ],
					[ 29.0810694057, 41.1116777417 ],
					[ 29.0811293417, 41.1117915605 ],
					[ 29.0811914984, 41.1119046946 ],
					[ 29.0812558628, 41.1120171215 ],
					[ 29.0813224224, 41.1121288149 ],
					[ 29.0813911608, 41.1122397503 ],
					[ 29.0814620629, 41.1123499043 ],
					[ 29.0815351146, 41.1124592524 ],
					[ 29.0816102986, 41.1125677701 ],
					[ 29.0816875985, 41.1126754348 ],
					[ 29.081766998, 41.1127822212 ],
					[ 29.0818484794, 41.1128881075 ],
					[ 29.0819320254, 41.1129930692 ],
					[ 29.0820176171, 41.1130970846 ],
					[ 29.0821052359, 41.1132001301 ],
					[ 29.0821948618, 41.1133021831 ],
					[ 29.0822864761, 41.1134032208 ],
					[ 29.0823800589, 41.1135032216 ],
					[ 29.0824755891, 41.1136021644 ],
					[ 29.0825730454, 41.1137000258 ],
					[ 29.0826724081, 41.1137967858 ],
					[ 29.0827736535, 41.1138924225 ],
					[ 29.0828767606, 41.1139869142 ],
					[ 29.0829817058, 41.1140802417 ],
					[ 29.0830884668, 41.1141723843 ],
					[ 29.0831970212, 41.1142633209 ],
					[ 29.0833073432, 41.1143530316 ],
					[ 29.0834194103, 41.1144414973 ],
					[ 29.0835331967, 41.1145286989 ],
					[ 29.0836486776, 41.1146146163 ],
					[ 29.0837658284, 41.1146992313 ],
					[ 29.0838846229, 41.1147825257 ],
					[ 29.0840050366, 41.1148644805 ],
					[ 29.0841270399, 41.1149450773 ],
					[ 29.0842506092, 41.1150242998 ],
					[ 29.0843757149, 41.1151021305 ],
					[ 29.0845023312, 41.1151785505 ],
					[ 29.0846304309, 41.115253545 ],
					[ 29.0847599844, 41.1153270968 ],
					[ 29.0848909634, 41.1153991902 ],
					[ 29.0850233395, 41.1154698088 ],
					[ 29.0851570844, 41.1155389372 ],
					[ 29.0852921672, 41.1156065606 ],
					[ 29.0854285609, 41.1156726644 ],
					[ 29.0855662323, 41.115737233 ],
					[ 29.0857051542, 41.1158002537 ],
					[ 29.0858452946, 41.1158617108 ],
					[ 29.0859866227, 41.1159215934 ],
					[ 29.0861291078, 41.1159798857 ],
					[ 29.0862727179, 41.1160365769 ],
					[ 29.0864174235, 41.116091653 ],
					[ 29.0865631912, 41.1161451032 ],
					[ 29.0867099903, 41.1161969153 ],
					[ 29.0868577865, 41.1162470784 ],
					[ 29.08700655, 41.1162955804 ],
					[ 29.0871562454, 41.1163424113 ],
					[ 29.087306843, 41.1163875608 ],
					[ 29.0874583072, 41.1164310196 ],
					[ 29.087610606, 41.1164727777 ],
					[ 29.0877637061, 41.1165128247 ],
					[ 29.0879175732, 41.1165511542 ],
					[ 29.088072174, 41.116587756 ],
					[ 29.0882274741, 41.1166226226 ],
					[ 29.0883834402, 41.1166557465 ],
					[ 29.0885400379, 41.1166871203 ],
					[ 29.0886972327, 41.1167167373 ],
					[ 29.0888549903, 41.116744591 ],
					[ 29.089013276, 41.1167706749 ],
					[ 29.0891720556, 41.1167949841 ],
					[ 29.0893312933, 41.116817512 ],
					[ 29.0894909547, 41.1168382548 ],
					[ 29.0896510052, 41.1168572068 ],
					[ 29.089811408, 41.116874365 ],
					[ 29.0899721311, 41.1168897256 ],
					[ 29.0901331362, 41.1169032846 ],
					[ 29.090294389, 41.116915039 ],
					[ 29.090455855, 41.1169249869 ],
					[ 29.0906174971, 41.1169331251 ],
					[ 29.090779281, 41.1169394526 ],
					[ 29.090941172, 41.1169439682 ],
					[ 29.0911031334, 41.1169466706 ],
					[ 29.0912651293, 41.1169475587 ],
					[ 29.0914271252, 41.1169466331 ],
					[ 29.0915890854, 41.1169438935 ],
					[ 29.0917509741, 41.1169393405 ],
					[ 29.0919127557, 41.1169329748 ],
					[ 29.0920743955, 41.1169247989 ],
					[ 29.0922358565, 41.1169148141 ],
					[ 29.0923971055, 41.116903022 ],
					[ 29.0925581054, 41.116889426 ],
					[ 29.0927188204, 41.1168740285 ],
					[ 29.0928792173, 41.1168568328 ],
					[ 29.0930392601, 41.1168378431 ],
					[ 29.0931989132, 41.1168170637 ],
					[ 29.0930557134, 41.1170742563 ],
					[ 29.0929154823, 41.1173323823 ],
					[ 29.0927782284, 41.117591423 ],
					[ 29.0926439639, 41.1178513569 ],
					[ 29.0925126975, 41.118112167 ],
					[ 29.0923844403, 41.1183738308 ],
					[ 29.0922592019, 41.1186363295 ],
					[ 29.0921369911, 41.1188996443 ],
					[ 29.0920178178, 41.1191637537 ],
					[ 29.0919016916, 41.1194286379 ],
					[ 29.0917886214, 41.1196942772 ],
					[ 29.0916786145, 41.1199606519 ],
					[ 29.0915716795, 41.1202277404 ],
					[ 29.0914678264, 41.1204955231 ],
					[ 29.0913670614, 41.120763981 ],
					[ 29.0912693919, 41.1210330917 ],
					[ 29.0911748266, 41.1213028355 ],
					[ 29.0910833718, 41.1215731926 ],
					[ 29.090995035, 41.1218441415 ],
					[ 29.0909098223, 41.1221156615 ],
					[ 29.0908277413, 41.1223877339 ],
					[ 29.0907487983, 41.1226603351 ],
					[ 29.0906729971, 41.1229334474 ],
					[ 29.0906003465, 41.1232070481 ],
					[ 29.090530849, 41.1234811176 ],
					[ 29.0904645134, 41.1237556334 ],
					[ 29.0904013412, 41.1240305767 ],
					[ 29.0903413398, 41.1243059257 ],
					[ 29.0902845132, 41.1245816591 ],
					[ 29.0902308652, 41.1248577571 ],
					[ 29.0901803999, 41.125134197 ],
					[ 29.0901331221, 41.1254109593 ],
					[ 29.0900890347, 41.1256880231 ],
					[ 29.0900481404, 41.1259653661 ],
					[ 29.0900104443, 41.1262429684 ],
					[ 29.0899759467, 41.1265208084 ],
					[ 29.0899446526, 41.1267988647 ],
					[ 29.0899165637, 41.1270771173 ],
					[ 29.0898916814, 41.1273555437 ],
					[ 29.0898700085, 41.1276341234 ],
					[ 29.0898515464, 41.1279128356 ],
					[ 29.0898362967, 41.1281916587 ],
					[ 29.0898242598, 41.128470572 ],
					[ 29.0898154383, 41.1287495539 ],
					[ 29.0898098314, 41.1290285837 ],
					[ 29.0898074395, 41.1293076389 ],
					[ 29.0898082639, 41.1295866997 ],
					[ 29.089812304, 41.1298657444 ],
					[ 29.08981956, 41.1301447524 ],
					[ 29.0898300299, 41.1304237012 ],
					[ 29.0898437152, 41.1307025709 ],
					[ 29.0898606138, 41.1309813399 ],
					[ 29.0898807237, 41.1312599866 ],
					[ 29.0899040441, 41.1315384903 ],
					[ 29.0899305741, 41.1318168302 ],
					[ 29.0899603092, 41.1320949847 ],
					[ 29.089993251, 41.1323729322 ],
					[ 29.0900293939, 41.132650652 ],
					[ 29.0900687358, 41.1329281242 ],
					[ 29.0901112746, 41.1332053254 ],
					[ 29.0901570072, 41.1334822366 ],
					[ 29.090205929, 41.1337588362 ],
					[ 29.0902580369, 41.1340351026 ],
					[ 29.0903133276, 41.134311015 ]
				]
			},
			"properties" : {
				"ISIM_HAT" : "Boğazdan Geliş-Boğaza Gidiş",
				"TUR_HAT" : "Şehir Hatları",
				"HAT_ROTA" : "Beykoz-Paşabahçe-Çubuklu-İstinye-Kanlıca-Anadolu Hisarı-Kandilli-Bebek-Arnavutköy-Ortaköy-Beşiktaş-Eminönü"
			}
		},
		{
			"type" : "Feature",
			"geometry" : {
				"type" : "LineString",
				"coordinates" : [
					[ 28.9751598563, 41.0175457041 ],
					[ 28.975687577, 41.0178583281 ],
					[ 28.9760589817, 41.0180735164 ],
					[ 28.976540687, 41.0183526077 ],
					[ 28.9770164188, 41.018628233 ],
					[ 28.9776401303, 41.0189895882 ],
					[ 28.9781017738, 41.0192570422 ],
					[ 28.978557554, 41.0195210955 ],
					[ 28.9790060097, 41.0197809014 ],
					[ 28.9796070088, 41.020026176 ],
					[ 28.9802045511, 41.0202762523 ],
					[ 28.9807985694, 41.0205311017 ],
					[ 28.9813889964, 41.0207906959 ],
					[ 28.9819757684, 41.0210550055 ],
					[ 28.9825588183, 41.0213240012 ],
					[ 28.9831380799, 41.0215976536 ],
					[ 28.9837134897, 41.0218759307 ],
					[ 28.9842849839, 41.0221588023 ],
					[ 28.9848524966, 41.0224462372 ],
					[ 28.9854159653, 41.0227382025 ],
					[ 28.9859753275, 41.0230346654 ],
					[ 28.9865305196, 41.0233355938 ],
					[ 28.9870814804, 41.0236409522 ],
					[ 28.9876281473, 41.0239507084 ],
					[ 28.9881704592, 41.024264827 ],
					[ 28.988708356, 41.0245832723 ],
					[ 28.9892417764, 41.0249060087 ],
					[ 28.9897706628, 41.0252330017 ],
					[ 28.9902949528, 41.0255642128 ],
					[ 28.990814591, 41.0258996056 ],
					[ 28.9913295163, 41.0262391437 ],
					[ 28.9918396733, 41.026582788 ],
					[ 28.9923450032, 41.0269304991 ],
					[ 28.9928454508, 41.0272822399 ],
					[ 28.9933409595, 41.0276379711 ],
					[ 28.993831473, 41.0279976509 ],
					[ 28.9943169371, 41.0283612411 ],
					[ 28.9947972977, 41.0287286998 ],
					[ 28.9952725008, 41.0290999871 ],
					[ 28.9957424923, 41.0294750601 ],
					[ 28.9962072205, 41.029853878 ],
					[ 28.9966666326, 41.0302363972 ],
					[ 28.997120678, 41.0306225759 ],
					[ 28.9975693051, 41.0310123713 ],
					[ 28.9980124633, 41.0314057381 ],
					[ 28.9984501046, 41.0318026335 ],
					[ 28.9986564958, 41.0319938867 ],
					[ 29.0036715207, 41.0368807607 ],
					[ 29.0045244741, 41.0376981529 ],
					[ 29.0054850529, 41.0386832368 ],
					[ 29.0062279381, 41.0394996663 ],
					[ 29.0070934651, 41.0405315655 ],
					[ 29.0072473746, 41.0407592202 ],
					[ 29.0073618374, 41.0410405055 ],
					[ 29.0077993933, 41.0406686782 ],
					[ 29.0081653209, 41.04039785 ],
					[ 29.0086256296, 41.0401278335 ],
					[ 29.0091170397, 41.0398819063 ],
					[ 29.0097820205, 41.039601732 ],
					[ 29.0109207012, 41.0392065004 ],
					[ 29.0122479576, 41.0388247849 ],
					[ 29.0137956046, 41.0384330294 ],
					[ 29.0150270262, 41.0381457587 ],
					[ 29.0162108922, 41.0378818935 ],
					[ 29.0175045068, 41.0376427748 ],
					[ 29.0192705514, 41.0373719281 ],
					[ 29.020878398, 41.0371592698 ],
					[ 29.0220443773, 41.0370381373 ],
					[ 29.0254720409, 41.0368153854 ],
					[ 29.0263010322, 41.0367881767 ],
					[ 29.0266867859, 41.0367919981 ],
					[ 29.0270724892, 41.03679804 ],
					[ 29.0274581218, 41.0368063015 ],
					[ 29.0278436612, 41.0368167813 ],
					[ 29.0282290825, 41.0368294803 ],
					[ 29.0286143667, 41.0368443973 ],
					[ 29.0289994889, 41.0368615312 ],
					[ 29.0293844289, 41.0368808801 ],
					[ 29.0297691641, 41.0369024446 ],
					[ 29.0298400309, 41.0371324705 ],
					[ 29.0299177535, 41.0373612242 ],
					[ 29.0300022911, 41.0375885872 ],
					[ 29.0300936014, 41.037814444 ],
					[ 29.0301916386, 41.0380386781 ],
					[ 29.0302963497, 41.0382611763 ],
					[ 29.0304076841, 41.038481823 ],
					[ 29.030525583, 41.038700506 ],
					[ 29.0306499872, 41.0389171141 ],
					[ 29.0307808332, 41.039131535 ],
					[ 29.0309180524, 41.0393436592 ],
					[ 29.0310615763, 41.039553379 ],
					[ 29.0312113303, 41.0397605856 ],
					[ 29.0313672389, 41.0399651748 ],
					[ 29.0315292226, 41.0401670397 ],
					[ 29.0316971963, 41.0403660787 ],
					[ 29.031871077, 41.0405621894 ],
					[ 29.0320507734, 41.04075527 ],
					[ 29.0322361943, 41.0409452243 ],
					[ 29.0324272448, 41.0411319526 ],
					[ 29.0326238263, 41.0413153601 ],
					[ 29.0328258405, 41.0414953535 ],
					[ 29.0330331816, 41.0416718399 ],
					[ 29.0332457451, 41.0418447292 ],
					[ 29.0334634205, 41.0420139323 ],
					[ 29.0336860985, 41.0421793635 ],
					[ 29.0339136638, 41.0423409382 ],
					[ 29.0341459986, 41.0424985725 ],
					[ 29.0343829876, 41.0426521871 ],
					[ 29.0346245058, 41.0428017015 ],
					[ 29.0348704319, 41.042947041 ],
					[ 29.0351206384, 41.0430881298 ],
					[ 29.0353749992, 41.0432248964 ],
					[ 29.035633382, 41.0433572705 ],
					[ 29.0358956546, 41.0434851843 ],
					[ 29.0361616848, 41.0436085727 ],
					[ 29.0364313342, 41.0437273714 ],
					[ 29.0367044658, 41.0438415209 ],
					[ 29.0369809388, 41.0439509622 ],
					[ 29.0372606136, 41.0440556393 ],
					[ 29.0375433448, 41.0441554978 ],
					[ 29.0378289891, 41.0442504878 ],
					[ 29.0381173996, 41.0443405604 ],
					[ 29.0384084284, 41.0444256693 ],
					[ 29.0387019262, 41.04450577 ],
					[ 29.0389977436, 41.0445808225 ],
					[ 29.0392957289, 41.0446507887 ],
					[ 29.0395957291, 41.044715632 ],
					[ 29.0398975912, 41.0447753189 ],
					[ 29.0402011599, 41.0448298201 ],
					[ 29.0405062796, 41.0448791063 ],
					[ 29.0408127949, 41.0449231529 ],
					[ 29.0411205489, 41.0449619378 ],
					[ 29.0414293825, 41.0449954408 ],
					[ 29.0417391391, 41.0450236435 ],
					[ 29.0420496591, 41.0450465336 ],
					[ 29.0423607847, 41.0450640983 ],
					[ 29.0426723553, 41.045076328 ],
					[ 29.0429842115, 41.045083217 ],
					[ 29.0432961927, 41.0450847629 ],
					[ 29.043608142, 41.0450809627 ],
					[ 29.0439198974, 41.0450718205 ],
					[ 29.0442312994, 41.0450573394 ],
					[ 29.0445421884, 41.0450375271 ],
					[ 29.0445576639, 41.045169847 ],
					[ 29.0445766126, 41.0453019068 ],
					[ 29.044599028, 41.0454336557 ],
					[ 29.0446249004, 41.0455650408 ],
					[ 29.0446542208, 41.0456960105 ],
					[ 29.0446869759, 41.0458265125 ],
					[ 29.0447231533, 41.0459564954 ],
					[ 29.0447627406, 41.0460859078 ],
					[ 29.0448057197, 41.0462146981 ],
					[ 29.0448520734, 41.0463428159 ],
					[ 29.0449017858, 41.0464702105 ],
					[ 29.0449548364, 41.0465968305 ],
					[ 29.0450112031, 41.046722627 ],
					[ 29.0450708641, 41.0468475503 ],
					[ 29.0451337953, 41.0469715489 ],
					[ 29.0451999735, 41.0470945758 ],
					[ 29.0452693721, 41.0472165822 ],
					[ 29.0453419621, 41.0473375191 ],
					[ 29.0454177157, 41.0474573386 ],
					[ 29.0454966026, 41.0475759936 ],
					[ 29.0455785925, 41.0476934371 ],
					[ 29.0456636529, 41.0478096219 ],
					[ 29.0457517488, 41.0479245036 ],
					[ 29.0458428475, 41.0480380352 ],
					[ 29.0459369105, 41.0481501721 ],
					[ 29.0460339026, 41.0482608709 ],
					[ 29.0461337842, 41.0483700871 ],
					[ 29.0462365153, 41.0484777771 ],
					[ 29.0463420574, 41.0485838984 ],
					[ 29.0464503671, 41.048688409 ],
					[ 29.046561401, 41.0487912682 ],
					[ 29.0466751168, 41.048892435 ],
					[ 29.0467914699, 41.0489918694 ],
					[ 29.0469104109, 41.0490895306 ],
					[ 29.0470318965, 41.0491853821 ],
					[ 29.0471558771, 41.0492793847 ],
					[ 29.0472823034, 41.0493715022 ],
					[ 29.0474111247, 41.0494616961 ],
					[ 29.0475422916, 41.0495499329 ],
					[ 29.0476757511, 41.0496361768 ],
					[ 29.0478114514, 41.0497203933 ],
					[ 29.0479493381, 41.0498025504 ],
					[ 29.0480893559, 41.0498826134 ],
					[ 29.0482314517, 41.0499605522 ],
					[ 29.0483755664, 41.0500363365 ],
					[ 29.0485216446, 41.0501099344 ],
					[ 29.0486696284, 41.0501813174 ],
					[ 29.0488194587, 41.0502504581 ],
					[ 29.0489710764, 41.0503173289 ],
					[ 29.0491244213, 41.0503819023 ],
					[ 29.0492794343, 41.0504441545 ],
					[ 29.0494360513, 41.0505040587 ],
					[ 29.0495942122, 41.0505615929 ],
					[ 29.0497538542, 41.0506167341 ],
					[ 29.0499149133, 41.05066946 ],
					[ 29.0500773269, 41.0507197494 ],
					[ 29.0502410297, 41.050767583 ],
					[ 29.0504059577, 41.0508129421 ],
					[ 29.0505720447, 41.0508558073 ],
					[ 29.0507392254, 41.0508961636 ],
					[ 29.0509074346, 41.0509339935 ],
					[ 29.0510766035, 41.0509692836 ],
					[ 29.0512466669, 41.0510020183 ],
					[ 29.0514175572, 41.0510321851 ],
					[ 29.0510957526, 41.0515008962 ],
					[ 29.050778463, 41.0519713689 ],
					[ 29.0504657056, 41.052443577 ],
					[ 29.0501574962, 41.0529174975 ],
					[ 29.0498538518, 41.0533931043 ],
					[ 29.0495547885, 41.0538703725 ],
					[ 29.0492603233, 41.054349276 ],
					[ 29.0489704696, 41.0548297908 ],
					[ 29.0486852459, 41.05531189 ],
					[ 29.0484046645, 41.0557955484 ],
					[ 29.0481287412, 41.0562807412 ],
					[ 29.047857492, 41.0567674423 ],
					[ 29.0475909305, 41.0572556248 ],
					[ 29.0473290701, 41.0577452646 ],
					[ 29.0470719268, 41.0582363349 ],
					[ 29.0468195118, 41.0587288087 ],
					[ 29.046571841, 41.059222661 ],
					[ 29.0463289268, 41.0597178658 ],
					[ 29.0460907814, 41.0602143972 ],
					[ 29.0458574174, 41.0607122273 ],
					[ 29.0456288495, 41.0612113302 ],
					[ 29.0454050876, 41.0617116799 ],
					[ 29.0451861441, 41.0622132505 ],
					[ 29.0449720314, 41.062716014 ],
					[ 29.0447627607, 41.0632199446 ],
					[ 29.0445583432, 41.0637250154 ],
					[ 29.0443587901, 41.0642311993 ],
					[ 29.0441641113, 41.0647384706 ],
					[ 29.0439743182, 41.0652468012 ],
					[ 29.0437894206, 41.0657561636 ],
					[ 29.0436094287, 41.0662665324 ],
					[ 29.0434343512, 41.06677788 ]
				]
			},
			"properties" : {
				"ISIM_HAT" : "Boğazdan Geliş-Boğaza Gidiş",
				"TUR_HAT" : "Şehir Hatları",
				"HAT_ROTA" : "Eminönü-Beşiktaş-Kuzguncuk-Beylerbeyi-Çengelköy-Arnavutköy"
			}
		},
		{
			"type" : "Feature",
			"geometry" : {
				"type" : "LineString",
				"coordinates" : [
					[ 28.9751598563, 41.0175457041 ],
					[ 28.9757456721, 41.0179094132 ],
					[ 28.9762047454, 41.0181893078 ],
					[ 28.9767418225, 41.0185170222 ],
					[ 28.9772066179, 41.0188007698 ],
					[ 28.9777308782, 41.0191187833 ],
					[ 28.9781897073, 41.019397102 ],
					[ 28.9785168542, 41.0196123132 ],
					[ 28.979127497, 41.020014013 ],
					[ 28.9797525262, 41.0203755466 ],
					[ 28.9800284797, 41.0205351637 ],
					[ 28.9804627212, 41.0208252108 ],
					[ 28.9811271318, 41.0212668014 ],
					[ 28.9815202162, 41.0215276153 ],
					[ 28.9820739134, 41.0218208693 ],
					[ 28.982624823, 41.0221171226 ],
					[ 28.983172919, 41.0224163576 ],
					[ 28.9837181709, 41.0227185589 ],
					[ 28.9842605514, 41.0230237127 ],
					[ 28.9848000336, 41.0233318028 ],
					[ 28.9853365892, 41.0236428125 ],
					[ 28.9858701899, 41.0239567265 ],
					[ 28.9864008099, 41.0242735284 ],
					[ 28.9869284196, 41.0245932025 ],
					[ 28.9874529945, 41.0249157317 ],
					[ 28.9879745062, 41.0252410995 ],
					[ 28.9884929277, 41.0255692895 ],
					[ 28.9890082318, 41.0259002853 ],
					[ 28.989520394, 41.0262340688 ],
					[ 28.9900293871, 41.0265706243 ],
					[ 28.9905351841, 41.0269099328 ],
					[ 28.9910377603, 41.0272519789 ],
					[ 28.9915370886, 41.0275967434 ],
					[ 28.9920331431, 41.0279442091 ],
					[ 28.9925259003, 41.0282943577 ],
					[ 28.9930153332, 41.0286471728 ],
					[ 28.9935014159, 41.0290026345 ],
					[ 28.9939841261, 41.0293607256 ],
					[ 28.9944634367, 41.0297214277 ],
					[ 28.9949393242, 41.0300847209 ],
					[ 28.9954117627, 41.0304505889 ],
					[ 28.9958807299, 41.0308190108 ],
					[ 28.9963462, 41.0311899692 ],
					[ 28.9968081494, 41.0315634442 ],
					[ 28.9972665547, 41.0319394168 ],
					[ 28.9977213923, 41.0323178679 ],
					[ 28.9981726387, 41.0326987774 ],
					[ 28.9986202705, 41.0330821264 ],
					[ 28.9990642653, 41.0334678957 ],
					[ 28.9995045985, 41.0338560645 ],
					[ 28.9999412501, 41.0342466128 ],
					[ 29.0003741954, 41.0346395216 ],
					[ 29.0006741272, 41.0349157167 ],
					[ 29.0042524815, 41.0379995615 ],
					[ 29.0055096122, 41.0391420637 ],
					[ 29.0062861127, 41.0398158383 ],
					[ 29.0070147217, 41.0405368425 ],
					[ 29.0071999136, 41.0407766797 ],
					[ 29.0073618374, 41.0410405055 ],
					[ 29.0076565612, 41.0407508326 ],
					[ 29.0077680211, 41.0406624517 ],
					[ 29.0078552567, 41.0406155552 ],
					[ 29.0079582241, 41.0405687931 ],
					[ 29.0080687879, 41.0405399647 ],
					[ 29.0082109038, 41.0405054512 ],
					[ 29.0083529302, 41.0404768932 ],
					[ 29.008510419, 41.0404663364 ],
					[ 29.0087464735, 41.0404624107 ],
					[ 29.0090844213, 41.0404831854 ],
					[ 29.0093515814, 41.0405033506 ],
					[ 29.0096893511, 41.0405360338 ],
					[ 29.0102705066, 41.0406005868 ],
					[ 29.0115500927, 41.0407783385 ],
					[ 29.0125581612, 41.0409586392 ],
					[ 29.0132894959, 41.0411141024 ],
					[ 29.0136249077, 41.041201977 ],
					[ 29.0139589369, 41.0412928227 ],
					[ 29.014291535, 41.0413866286 ],
					[ 29.0146226593, 41.0414833806 ],
					[ 29.0149522626, 41.0415830658 ],
					[ 29.0152802999, 41.0416856703 ],
					[ 29.0156067263, 41.0417911793 ],
					[ 29.0159314956, 41.0418995799 ],
					[ 29.0162545653, 41.0420108564 ],
					[ 29.0165758904, 41.042124993 ],
					[ 29.0168954248, 41.0422419751 ],
					[ 29.0172131271, 41.0423617852 ],
					[ 29.0175289525, 41.0424844084 ],
					[ 29.0178428573, 41.0426098265 ],
					[ 29.0181547988, 41.0427380229 ],
					[ 29.0184647334, 41.0428689801 ],
					[ 29.0187726197, 41.0430026798 ],
					[ 29.0190784152, 41.0431391044 ],
					[ 29.0193820763, 41.043278234 ],
					[ 29.0196835627, 41.0434200491 ],
					[ 29.0199828333, 41.0435645324 ],
					[ 29.0202798454, 41.043711662 ],
					[ 29.020574559, 41.0438614185 ],
					[ 29.0208669327, 41.044013781 ],
					[ 29.0211569289, 41.0441687284 ],
					[ 29.021444505, 41.0443262406 ],
					[ 29.0217296221, 41.0444862947 ],
					[ 29.0220122414, 41.0446488689 ],
					[ 29.0222923238, 41.0448139412 ],
					[ 29.0225698307, 41.0449814888 ],
					[ 29.0228447241, 41.0451514888 ],
					[ 29.0231169664, 41.0453239176 ],
					[ 29.0233865199, 41.0454987506 ],
					[ 29.0236533481, 41.0456759658 ],
					[ 29.0239174134, 41.0458555369 ],
					[ 29.0241786791, 41.0460374409 ],
					[ 29.0244371113, 41.0462216508 ],
					[ 29.0246926721, 41.0464081435 ],
					[ 29.0249453276, 41.046596892 ],
					[ 29.0251950423, 41.0467878697 ],
					[ 29.0254417822, 41.046981052 ],
					[ 29.0256855144, 41.0471764118 ],
					[ 29.025888932, 41.0470751952 ],
					[ 29.0260955181, 41.0469777266 ],
					[ 29.0263051529, 41.0468840633 ],
					[ 29.0265177133, 41.0467942594 ],
					[ 29.0267330759, 41.0467083668 ],
					[ 29.0269511163, 41.0466264376 ],
					[ 29.0271717042, 41.0465485176 ],
					[ 29.0273947141, 41.0464746524 ],
					[ 29.0276200146, 41.046404886 ],
					[ 29.027847473, 41.0463392587 ],
					[ 29.0280769593, 41.046277809 ],
					[ 29.0283083384, 41.0462205717 ],
					[ 29.0285414756, 41.0461675817 ],
					[ 29.0287762349, 41.0461188685 ],
					[ 29.029012478, 41.0460744615 ],
					[ 29.02925007, 41.0460343866 ],
					[ 29.029417941, 41.0460088028 ],
					[ 29.0295567674, 41.0459942377 ],
					[ 29.0298083266, 41.0459715749 ],
					[ 29.0300605501, 41.0459536408 ],
					[ 29.0302875549, 41.0459415719 ],
					[ 29.0305148577, 41.0459333346 ],
					[ 29.0307423481, 41.0459289326 ],
					[ 29.0309699094, 41.0459283674 ],
					[ 29.0311915492, 41.0459315078 ],
					[ 29.0314130452, 41.045938287 ],
					[ 29.0316342953, 41.0459487041 ],
					[ 29.0318551949, 41.045962753 ],
					[ 29.0320756407, 41.0459804273 ],
					[ 29.0322955269, 41.0460017181 ],
					[ 29.0325147514, 41.0460266172 ],
					[ 29.0327332111, 41.0460551103 ],
					[ 29.0329576674, 41.0460882591 ],
					[ 29.0331810883, 41.0461252023 ],
					[ 29.0334033599, 41.0461659226 ],
					[ 29.0336243721, 41.0462104002 ],
					[ 29.033849216, 41.0462598016 ],
					[ 29.0340725048, 41.0463130921 ],
					[ 29.0343163892, 41.0463762218 ],
					[ 29.0344731647, 41.0464210968 ],
					[ 29.0346996696, 41.0464902409 ],
					[ 29.0349239868, 41.0465633579 ],
					[ 29.0351459944, 41.0466404089 ],
					[ 29.0353655728, 41.0467213516 ],
					[ 29.0355826038, 41.0468061426 ],
					[ 29.0357969692, 41.046894736 ],
					[ 29.0360085519, 41.0469870821 ],
					[ 29.0362172373, 41.0470831332 ],
					[ 29.0364190012, 41.0471808918 ],
					[ 29.0366177643, 41.0472821115 ],
					[ 29.0368134227, 41.0473867419 ],
					[ 29.0370058749, 41.0474947272 ],
					[ 29.0371950208, 41.0476060107 ],
					[ 29.03738076, 41.047720535 ],
					[ 29.0375629971, 41.0478382398 ],
					[ 29.0377416379, 41.0479590649 ],
					[ 29.0379165868, 41.0480829466 ],
					[ 29.0380877546, 41.04820982 ],
					[ 29.0382550517, 41.0483396189 ],
					[ 29.0384183899, 41.0484722766 ],
					[ 29.0385776846, 41.0486077233 ],
					[ 29.0387328523, 41.048745888 ],
					[ 29.0388838133, 41.0488866989 ],
					[ 29.0390304876, 41.0490300824 ],
					[ 29.0391620524, 41.0491647018 ],
					[ 29.0392898386, 41.0493013912 ],
					[ 29.0394137898, 41.0494400898 ],
					[ 29.03953385, 41.0495807358 ],
					[ 29.0396499665, 41.0497232678 ],
					[ 29.0397620878, 41.0498676212 ],
					[ 29.0398701637, 41.0500137326 ],
					[ 29.0399741464, 41.0501615361 ],
					[ 29.0400408208, 41.0502604517 ],
					[ 29.0403223722, 41.0507223147 ],
					[ 29.0406066556, 41.0511832172 ],
					[ 29.0408936667, 41.0516431522 ],
					[ 29.0411833996, 41.0521021078 ],
					[ 29.0414537074, 41.0525255877 ],
					[ 29.0417263325, 41.0529482154 ],
					[ 29.0420012693, 41.0533699847 ],
					[ 29.0422785144, 41.0537908883 ],
					[ 29.0425677603, 41.054225411 ],
					[ 29.0428594645, 41.0546589917 ],
					[ 29.0431536237, 41.0550916213 ],
					[ 29.043450232, 41.0555232926 ],
					[ 29.0437492847, 41.0559539983 ],
					[ 29.0440507738, 41.0563837285 ],
					[ 29.044354697, 41.0568124776 ],
					[ 29.0446610461, 41.0572402367 ],
					[ 29.0450951677, 41.0578390149 ],
					[ 29.045534045, 41.0584358057 ],
					[ 29.0459776616, 41.0590305865 ],
					[ 29.0464260038, 41.0596233364 ],
					[ 29.0469518208, 41.0603081501 ],
					[ 29.0474839451, 41.060990171 ],
					[ 29.048043299, 41.061695577 ],
					[ 29.0485669307, 41.0623447773 ],
					[ 29.0488674119, 41.0627276527 ],
					[ 29.0490923144, 41.0630217177 ],
					[ 29.0493134204, 41.0633174274 ],
					[ 29.0495307076, 41.0636147548 ],
					[ 29.0497441549, 41.0639136719 ],
					[ 29.0499860207, 41.0642610628 ],
					[ 29.0502227023, 41.0646104949 ],
					[ 29.0504541682, 41.0649619222 ],
					[ 29.0506803879, 41.065315302 ],
					[ 29.0509013347, 41.0656705874 ],
					[ 29.0511169795, 41.0660277349 ],
					[ 29.0513272955, 41.0663866984 ],
					[ 29.0515322546, 41.0667474327 ],
					[ 29.0516833355, 41.067020751 ],
					[ 29.0518313413, 41.0672950307 ],
					[ 29.0519762617, 41.0675702527 ],
					[ 29.052118085, 41.0678463973 ],
					[ 29.0522568031, 41.0681234445 ],
					[ 29.0523924043, 41.0684013744 ],
					[ 29.0525248795, 41.0686801662 ],
					[ 29.0526542181, 41.068959801 ],
					[ 29.0527804109, 41.0692402572 ],
					[ 29.0529034498, 41.0695215156 ],
					[ 29.0530233256, 41.0698035547 ],
					[ 29.0531400289, 41.0700863555 ],
					[ 29.0532535518, 41.0703698972 ],
					[ 29.0533638861, 41.0706541581 ],
					[ 29.0534710226, 41.0709391194 ],
					[ 29.0535749556, 41.0712247592 ],
					[ 29.0536781126, 41.0715181083 ],
					[ 29.0537778901, 41.0718121257 ],
					[ 29.0538742801, 41.0721067905 ],
					[ 29.0539672744, 41.0724020783 ],
					[ 29.0540568663, 41.0726979693 ],
					[ 29.0541430501, 41.0729944391 ],
					[ 29.0542258177, 41.0732914652 ],
					[ 29.0543051635, 41.0735890259 ],
					[ 29.0543810817, 41.0738870986 ],
					[ 29.0544535667, 41.0741856609 ],
					[ 29.0545226117, 41.0744846893 ],
					[ 29.0545882122, 41.0747841611 ],
					[ 29.0546503636, 41.0750840539 ],
					[ 29.0547090592, 41.075384346 ],
					[ 29.0547642968, 41.0756850131 ],
					[ 29.0548160719, 41.0759860327 ],
					[ 29.0549545634, 41.0763872606 ],
					[ 29.055099631, 41.0767871556 ],
					[ 29.0552512505, 41.0771856571 ],
					[ 29.0554093992, 41.0775827018 ],
					[ 29.0555436032, 41.077906361 ],
					[ 29.0556821465, 41.0782289723 ],
					[ 29.0558250155, 41.0785505006 ],
					[ 29.0559721928, 41.078870915 ],
					[ 29.0561236658, 41.0791901812 ],
					[ 29.0562794185, 41.0795082667 ],
					[ 29.0564394346, 41.0798251379 ],
					[ 29.0566036969, 41.0801407624 ],
					[ 29.0567721904, 41.0804551084 ],
					[ 29.0569448954, 41.0807681425 ],
					[ 29.0571217958, 41.0810798339 ],
					[ 29.0573028729, 41.0813901482 ],
					[ 29.0574881083, 41.0816990547 ],
					[ 29.0576774823, 41.0820065215 ],
					[ 29.0578709763, 41.0823125162 ],
					[ 29.0580685694, 41.0826170079 ],
					[ 29.0581759524, 41.0829100018 ],
					[ 29.0582794217, 41.0832038 ],
					[ 29.0583789678, 41.0834983738 ],
					[ 29.0584745806, 41.0837936924 ],
					[ 29.0585673464, 41.0840933529 ],
					[ 29.0586560615, 41.084393715 ],
					[ 29.0587407169, 41.0846947471 ],
					[ 29.0588213033, 41.0849964177 ],
					[ 29.058897813, 41.0852986959 ],
					[ 29.0589702379, 41.0856015494 ],
					[ 29.0590385689, 41.0859049467 ],
					[ 29.0591028004, 41.0862088569 ],
					[ 29.0591629246, 41.0865132477 ],
					[ 29.0592189359, 41.0868180866 ],
					[ 29.0592708287, 41.087123343 ],
					[ 29.0593185962, 41.0874289852 ],
					[ 29.0593622342, 41.08773498 ],
					[ 29.0594017395, 41.0880412957 ],
					[ 29.0594371052, 41.0883479018 ],
					[ 29.0594683283, 41.0886547641 ],
					[ 29.0594954067, 41.0889618526 ],
					[ 29.0595183374, 41.0892691342 ],
					[ 29.059537117, 41.0895765773 ],
					[ 29.0595517425, 41.0898841486 ],
					[ 29.0595622153, 41.0901918174 ],
					[ 29.0595685313, 41.0904995513 ],
					[ 29.0595706919, 41.0908073179 ],
					[ 29.0595686964, 41.0911150847 ],
					[ 29.059562544, 41.0914228204 ],
					[ 29.0595522362, 41.0917304923 ],
					[ 29.0595377724, 41.0920380682 ],
					[ 29.0595191563, 41.0923455166 ],
					[ 29.0594963886, 41.092652805 ],
					[ 29.059469473, 41.092959901 ],
					[ 29.0594384089, 41.0932667731 ],
					[ 29.0594032037, 41.093573389 ],
					[ 29.0593638579, 41.0938797172 ],
					[ 29.0593203766, 41.0941857252 ],
					[ 29.0592727639, 41.0944913807 ],
					[ 29.059221026, 41.0947966522 ],
					[ 29.0591651669, 41.0951015073 ],
					[ 29.059105193, 41.0954059155 ],
					[ 29.0590411094, 41.0957098443 ],
					[ 29.0589729248, 41.0960132615 ],
					[ 29.0589006445, 41.0963161355 ],
					[ 29.0588242771, 41.0966184349 ],
					[ 29.0587438302, 41.0969201292 ],
					[ 29.0586593113, 41.097221185 ],
					[ 29.0585707304, 41.0975215718 ],
					[ 29.0584780961, 41.0978212582 ],
					[ 29.0583814184, 41.0981202136 ],
					[ 29.058280706, 41.0984184048 ],
					[ 29.0581759713, 41.0987158031 ],
					[ 29.058067224, 41.0990123751 ],
					[ 29.0579544754, 41.0993080923 ],
					[ 29.0578377377, 41.0996029212 ],
					[ 29.0577170232, 41.0998968333 ],
					[ 29.0575923431, 41.1001897961 ],
					[ 29.0574637119, 41.1004817811 ],
					[ 29.057331142, 41.1007727548 ],
					[ 29.0571946481, 41.1010626896 ],
					[ 29.0570542448, 41.1013515541 ],
					[ 29.0569099445, 41.1016393185 ],
					[ 29.0567617641, 41.1019259515 ],
					[ 29.0566097184, 41.1022114245 ],
					[ 29.0564538232, 41.1024957077 ],
					[ 29.0562940944, 41.1027787708 ],
					[ 29.0561305502, 41.103060584 ],
					[ 29.0564027096, 41.1031847326 ],
					[ 29.0566404561, 41.1034082423 ],
					[ 29.056887498, 41.1036425489 ],
					[ 29.0570990351, 41.1038893488 ],
					[ 29.0572847969, 41.104114219 ],
					[ 29.0574107301, 41.1042757826 ],
					[ 29.0575024879, 41.1043972315 ],
					[ 29.0577072984, 41.1046593915 ],
					[ 29.0578263025, 41.1047916745 ],
					[ 29.0580746307, 41.1050468341 ],
					[ 29.058319152, 41.1052930288 ],
					[ 29.0586106596, 41.1055574742 ],
					[ 29.058804943, 41.1057377412 ],
					[ 29.0593949098, 41.1063236872 ],
					[ 29.0596176801, 41.1065163358 ],
					[ 29.0598425645, 41.106707574 ],
					[ 29.0600695504, 41.1068973864 ],
					[ 29.0602986211, 41.1070857621 ],
					[ 29.0605297614, 41.1072726865 ],
					[ 29.0607629537, 41.1074581477 ],
					[ 29.0609981825, 41.1076421313 ],
					[ 29.0612354316, 41.1078246253 ],
					[ 29.0614746843, 41.1080056179 ],
					[ 29.0617159242, 41.1081850955 ],
					[ 29.0619591348, 41.1083630453 ],
					[ 29.0622042983, 41.1085394554 ],
					[ 29.0624513996, 41.1087143141 ],
					[ 29.0627004186, 41.1088876084 ],
					[ 29.062951341, 41.1090593266 ],
					[ 29.063204147, 41.1092294568 ],
					[ 29.063458821, 41.1093979872 ],
					[ 29.0637153443, 41.1095649059 ],
					[ 29.063973698, 41.1097302019 ],
					[ 29.0642338667, 41.1098938624 ],
					[ 29.0644958292, 41.1100558775 ],
					[ 29.0647595701, 41.1102162343 ],
					[ 29.0650250706, 41.1103749236 ],
					[ 29.0652923106, 41.1105319328 ],
					[ 29.0655612735, 41.1106872517 ],
					[ 29.0658319392, 41.1108408694 ],
					[ 29.0661042889, 41.1109927748 ],
					[ 29.0663783048, 41.1111429589 ],
					[ 29.0666539669, 41.1112914088 ],
					[ 29.0669312561, 41.1114381163 ],
					[ 29.0672101549, 41.1115830695 ],
					[ 29.0674906406, 41.1117262602 ],
					[ 29.0677726968, 41.1118676764 ],
					[ 29.0680563021, 41.1120073099 ],
					[ 29.0683414377, 41.1121451507 ],
					[ 29.0686280822, 41.1122811885 ],
					[ 29.0689162179, 41.1124154134 ],
					[ 29.0692058234, 41.112547818 ],
					[ 29.0694968799, 41.1126783922 ],
					[ 29.0697893648, 41.112807126 ],
					[ 29.0700832604, 41.112934011 ],
					[ 29.0703785442, 41.1130590389 ],
					[ 29.0706751972, 41.1131822007 ],
					[ 29.0709731968, 41.1133034879 ],
					[ 29.0712725255, 41.1134228924 ],
					[ 29.0715731593, 41.1135404049 ],
					[ 29.0718750783, 41.1136560172 ],
					[ 29.0721782622, 41.1137697227 ],
					[ 29.0724826897, 41.1138815124 ],
					[ 29.0727883395, 41.1139913787 ],
					[ 29.0730951902, 41.1140993144 ],
					[ 29.0734032217, 41.1142053111 ],
					[ 29.0737124102, 41.1143093615 ],
					[ 29.0740227356, 41.11441146 ],
					[ 29.0743341765, 41.1145115973 ],
					[ 29.0746467103, 41.114609768 ],
					[ 29.074960317, 41.1147059645 ],
					[ 29.0752749728, 41.1148001805 ],
					[ 29.0755906574, 41.1148924095 ],
					[ 29.0759073484, 41.1149826439 ],
					[ 29.076225022, 41.1150708793 ],
					[ 29.0765436592, 41.1151571081 ],
					[ 29.0768632362, 41.1152413257 ],
					[ 29.0771837305, 41.1153235247 ],
					[ 29.0775051207, 41.1154037005 ],
					[ 29.0778273831, 41.1154818464 ],
					[ 29.0781504974, 41.1155579588 ],
					[ 29.0784744387, 41.1156320302 ],
					[ 29.0787991869, 41.1157040569 ],
					[ 29.079124718, 41.1157740332 ],
					[ 29.0794510084, 41.1158419554 ],
					[ 29.0797780379, 41.115907817 ],
					[ 29.0801057815, 41.1159716151 ],
					[ 29.0804342177, 41.1160333441 ],
					[ 29.0807633241, 41.1160930003 ],
					[ 29.0810930755, 41.1161505797 ],
					[ 29.0814234519, 41.1162060769 ],
					[ 29.0817544283, 41.1162594898 ],
					[ 29.0820859831, 41.1163108147 ],
					[ 29.0824180915, 41.1163600459 ],
					[ 29.082750732, 41.1164071824 ],
					[ 29.0830838797, 41.1164522195 ],
					[ 29.0834175142, 41.1164951543 ],
					[ 29.0837516095, 41.1165359848 ],
					[ 29.0840861441, 41.1165747072 ],
					[ 29.0844210942, 41.1166113186 ],
					[ 29.084756436, 41.1166458162 ],
					[ 29.0850921468, 41.1166781988 ],
					[ 29.0854282029, 41.1167084645 ],
					[ 29.0857645816, 41.1167366094 ],
					[ 29.0861012592, 41.1167626316 ],
					[ 29.0864382117, 41.1167865318 ],
					[ 29.0867754165, 41.1168083052 ],
					[ 29.0871128488, 41.1168279527 ],
					[ 29.0874504869, 41.1168454713 ],
					[ 29.0877883071, 41.1168608609 ],
					[ 29.0881262843, 41.1168741194 ],
					[ 29.088464396, 41.1168852466 ],
					[ 29.0888026194, 41.1168942424 ],
					[ 29.0891409295, 41.1169011039 ],
					[ 29.0894793037, 41.1169058336 ],
					[ 29.0898177194, 41.1169084286 ],
					[ 29.0901561503, 41.1169088896 ],
					[ 29.0904945761, 41.1169072174 ],
					[ 29.0908329706, 41.1169034117 ],
					[ 29.0911713124, 41.1168974714 ],
					[ 29.0915095763, 41.1168893992 ],
					[ 29.0918477386, 41.1168791938 ],
					[ 29.0921857778, 41.116866857 ],
					[ 29.0925236688, 41.1168523884 ],
					[ 29.0928613877, 41.1168357907 ],
					[ 29.0931989132, 41.1168170637 ],
					[ 29.0932538497, 41.1173703195 ],
					[ 29.0932993896, 41.1179240631 ],
					[ 29.0933355242, 41.1184782026 ],
					[ 29.0933622476, 41.119032648 ],
					[ 29.093379556, 41.1195873065 ],
					[ 29.0933874456, 41.1201420871 ],
					[ 29.0933859162, 41.1206968988 ],
					[ 29.0933749653, 41.1212516508 ],
					[ 29.0933545963, 41.1218062493 ],
					[ 29.0933248114, 41.1223606053 ],
					[ 29.0932856164, 41.1229146252 ],
					[ 29.0932370171, 41.1234682198 ],
					[ 29.0931790204, 41.1240212964 ],
					[ 29.0931116369, 41.1245737642 ],
					[ 29.093034876, 41.1251255323 ],
					[ 29.0929487517, 41.1256765098 ],
					[ 29.0928532759, 41.126226605 ],
					[ 29.0927484674, 41.1267757288 ],
					[ 29.0926343402, 41.1273237886 ],
					[ 29.0925109134, 41.1278706953 ],
					[ 29.0923782093, 41.1284163582 ],
					[ 29.0922362468, 41.1289606882 ],
					[ 29.0920850496, 41.1295035946 ],
					[ 29.0919246449, 41.1300449875 ],
					[ 29.0917550551, 41.1305847787 ],
					[ 29.0915763111, 41.1311228794 ],
					[ 29.0913884412, 41.1316591987 ],
					[ 29.0911914762, 41.1321936505 ],
					[ 29.0909854469, 41.1327261457 ],
					[ 29.0907703889, 41.1332565965 ],
					[ 29.0905463365, 41.1337849155 ],
					[ 29.0903133276, 41.134311015 ]
				]
			},
			"properties" : {
				"ISIM_HAT" : "Boğazdan Geliş-Boğaza Gidiş",
				"TUR_HAT" : "Şehir Hatları",
				"HAT_ROTA" : "Eminönü-Beşiktaş-Ortaköy-Emirgan-Paşabahçe-Beykoz"
			}
		},
		{
			"type" : "Feature",
			"geometry" : {
				"type" : "LineString",
				"coordinates" : [
					[ 29.0903133276, 41.134311015 ],
					[ 29.0902580369, 41.1340351026 ],
					[ 29.090205929, 41.1337588362 ],
					[ 29.0901570072, 41.1334822366 ],
					[ 29.0901112746, 41.1332053254 ],
					[ 29.0900687358, 41.1329281242 ],
					[ 29.0900293927, 41.132650652 ],
					[ 29.0899932499, 41.1323729322 ],
					[ 29.0899603092, 41.1320949847 ],
					[ 29.0899305729, 41.1318168302 ],
					[ 29.0899040429, 41.1315384903 ],
					[ 29.0898807225, 41.1312599866 ],
					[ 29.0898606126, 41.1309813399 ],
					[ 29.089843714, 41.1307025709 ],
					[ 29.0898300299, 41.1304237012 ],
					[ 29.0898195588, 41.1301447524 ],
					[ 29.0898123028, 41.1298657444 ],
					[ 29.0898082627, 41.1295866996 ],
					[ 29.0898074383, 41.1293076389 ],
					[ 29.0898098302, 41.1290285837 ],
					[ 29.0898154371, 41.1287495539 ],
					[ 29.0898242586, 41.128470572 ],
					[ 29.0898362955, 41.1281916587 ],
					[ 29.0898515452, 41.1279128356 ],
					[ 29.0898700073, 41.1276341234 ],
					[ 29.0898916802, 41.1273555437 ],
					[ 29.0899165625, 41.1270771172 ],
					[ 29.0899446514, 41.1267988646 ],
					[ 29.0899759455, 41.1265208075 ],
					[ 29.0900104419, 41.1262429684 ],
					[ 29.0900481393, 41.1259653661 ],
					[ 29.0900890336, 41.1256880231 ],
					[ 29.0901331209, 41.1254109593 ],
					[ 29.0901803987, 41.125134197 ],
					[ 29.0902308641, 41.1248577562 ],
					[ 29.090284512, 41.1245816591 ],
					[ 29.0903413386, 41.1243059257 ],
					[ 29.09040134, 41.1240305766 ],
					[ 29.0904645122, 41.1237556334 ],
					[ 29.0905308478, 41.1234811167 ],
					[ 29.0906003453, 41.1232070481 ],
					[ 29.0906729959, 41.1229334473 ],
					[ 29.0907487971, 41.1226603351 ],
					[ 29.0908277402, 41.122387733 ],
					[ 29.0909098211, 41.1221156615 ],
					[ 29.0909950338, 41.1218441406 ],
					[ 29.0910833707, 41.1215731917 ],
					[ 29.0911748255, 41.1213028355 ],
					[ 29.0912693907, 41.1210330917 ],
					[ 29.0913670602, 41.1207639801 ],
					[ 29.0914678252, 41.1204955231 ],
					[ 29.0915716795, 41.1202277404 ],
					[ 29.0916786133, 41.119960651 ],
					[ 29.0917886202, 41.1196942772 ],
					[ 29.0919016916, 41.1194286379 ],
					[ 29.0920178178, 41.1191637537 ],
					[ 29.0921369911, 41.1188996443 ],
					[ 29.0922592007, 41.1186363295 ],
					[ 29.0923844391, 41.1183738308 ],
					[ 29.0925126963, 41.118112167 ],
					[ 29.0926439627, 41.1178513569 ],
					[ 29.0927782284, 41.117591423 ],
					[ 29.0929154823, 41.1173323823 ],
					[ 29.0930557134, 41.1170742563 ],
					[ 29.0931989132, 41.1168170637 ],
					[ 29.0926590842, 41.1168507853 ],
					[ 29.092118564, 41.1168774323 ],
					[ 29.0915775136, 41.1168969961 ],
					[ 29.0910360975, 41.1169094708 ],
					[ 29.0904944754, 41.116914854 ],
					[ 29.089952812, 41.1169131426 ],
					[ 29.0894112693, 41.1169043378 ],
					[ 29.0888700105, 41.1168884418 ],
					[ 29.0883291954, 41.1168654595 ],
					[ 29.0877889894, 41.1168353985 ],
					[ 29.0872495522, 41.1167982673 ],
					[ 29.0867110458, 41.1167540771 ],
					[ 29.0861736344, 41.1167028409 ],
					[ 29.0856374763, 41.1166445735 ],
					[ 29.0851027334, 41.1165792941 ],
					[ 29.0845695652, 41.1165070213 ],
					[ 29.0840381333, 41.1164277761 ],
					[ 29.0835085973, 41.1163415832 ],
					[ 29.082981114, 41.116248469 ],
					[ 29.082455844, 41.1161484602 ],
					[ 29.081932943, 41.1160415868 ],
					[ 29.0814125678, 41.1159278825 ],
					[ 29.0808948764, 41.1158073792 ],
					[ 29.0803800222, 41.1156801142 ],
					[ 29.0798681607, 41.1155461257 ],
					[ 29.079359445, 41.1154054546 ],
					[ 29.0788540282, 41.1152581417 ],
					[ 29.0783520612, 41.1151042315 ],
					[ 29.0778536957, 41.1149437713 ],
					[ 29.077359079, 41.1147768071 ],
					[ 29.0768683614, 41.1146033918 ],
					[ 29.0763816902, 41.114423575 ],
					[ 29.0758992099, 41.114237412 ],
					[ 29.0754210662, 41.1140449581 ],
					[ 29.0749474026, 41.1138462712 ],
					[ 29.0744783599, 41.1136414101 ],
					[ 29.0740140802, 41.1134304381 ],
					[ 29.0735547033, 41.1132134168 ],
					[ 29.073100364, 41.1129904121 ],
					[ 29.0726512019, 41.112761491 ],
					[ 29.0722073495, 41.1125267212 ],
					[ 29.0717689404, 41.112286174 ],
					[ 29.0713361057, 41.1120399218 ],
					[ 29.0709089766, 41.1117880376 ],
					[ 29.0704876795, 41.1115305973 ],
					[ 29.070072342, 41.1112676776 ],
					[ 29.0696630879, 41.1109993589 ],
					[ 29.0692600399, 41.1107257205 ],
					[ 29.0688633183, 41.1104468445 ],
					[ 29.0684730435, 41.1101628147 ],
					[ 29.0680893308, 41.1098737169 ],
					[ 29.0677122969, 41.1095796366 ],
					[ 29.0673420537, 41.1092806631 ],
					[ 29.0669787117, 41.1089768856 ],
					[ 29.0666223805, 41.108668395 ],
					[ 29.0662731669, 41.1083552842 ],
					[ 29.0659311756, 41.1080376468 ],
					[ 29.0655965076, 41.1077155782 ],
					[ 29.0652692662, 41.1073891748 ],
					[ 29.0649495464, 41.1070585347 ],
					[ 29.0646374456, 41.1067237567 ],
					[ 29.0643330563, 41.1063849428 ],
					[ 29.0640364711, 41.1060421925 ],
					[ 29.0637477777, 41.1056956095 ],
					[ 29.0635927152, 41.1055037966 ],
					[ 29.0634400693, 41.1053108775 ],
					[ 29.0632898551, 41.1051168705 ],
					[ 29.0631420854, 41.1049217928 ],
					[ 29.0629967744, 41.1047256615 ],
					[ 29.0628539348, 41.1045284939 ],
					[ 29.0627135782, 41.1043303091 ],
					[ 29.0625757187, 41.1041311242 ],
					[ 29.062440368, 41.1039309574 ],
					[ 29.0623075387, 41.1037298268 ],
					[ 29.0621772426, 41.1035277504 ],
					[ 29.0620494925, 41.1033247465 ],
					[ 29.0619242976, 41.1031208341 ],
					[ 29.0618016719, 41.1029160302 ],
					[ 29.0616816247, 41.102710354 ],
					[ 29.0615641663, 41.1025038244 ],
					[ 29.0614490954, 41.1022442059 ],
					[ 29.0613372748, 41.1019837772 ],
					[ 29.0612287147, 41.10172256 ],
					[ 29.0611234233, 41.1014605779 ],
					[ 29.0610214107, 41.1011978544 ],
					[ 29.0609226874, 41.1009344138 ],
					[ 29.0608272602, 41.1006702788 ],
					[ 29.0607351382, 41.1004054736 ],
					[ 29.0606463305, 41.100140021 ],
					[ 29.0605608426, 41.0998739462 ],
					[ 29.0604786851, 41.0996072708 ],
					[ 29.0603998634, 41.0993400211 ],
					[ 29.0603243854, 41.0990722187 ],
					[ 29.0602522568, 41.0988038889 ],
					[ 29.0601834855, 41.0985350552 ],
					[ 29.0601180758, 41.0982657419 ],
					[ 29.0600611356, 41.0980187312 ],
					[ 29.0600070231, 41.0977713563 ],
					[ 29.0599557429, 41.097523637 ],
					[ 29.0599072995, 41.0972755906 ],
					[ 29.059861696, 41.097027237 ],
					[ 29.0598189371, 41.096778594 ],
					[ 29.0597790234, 41.0965296798 ],
					[ 29.0597419596, 41.0962805142 ],
					[ 29.059707749, 41.0960311143 ],
					[ 29.0596763922, 41.0957815009 ],
					[ 29.0596478928, 41.0955316911 ],
					[ 29.0596222527, 41.0952817038 ],
					[ 29.059599474, 41.095031558 ],
					[ 29.0595795577, 41.0947812726 ],
					[ 29.0595625057, 41.0945308655 ],
					[ 29.0595483202, 41.0942803567 ],
					[ 29.0595301753, 41.0938347153 ],
					[ 29.0595210987, 41.0933889146 ],
					[ 29.0595210912, 41.0929430611 ],
					[ 29.0595301534, 41.0924972608 ],
					[ 29.0595468209, 41.0920807542 ],
					[ 29.0595714044, 41.0916644724 ],
					[ 29.0596064439, 41.0912196881 ],
					[ 29.0596505204, 41.090775363 ],
					[ 29.0596701299, 41.0904562566 ],
					[ 29.0596830851, 41.090178198 ],
					[ 29.0596921985, 41.089900053 ],
					[ 29.0596974696, 41.0896218497 ],
					[ 29.059698898, 41.0893436205 ],
					[ 29.0596958442, 41.0890268269 ],
					[ 29.0596878102, 41.0887100835 ],
					[ 29.0596747954, 41.0883934337 ],
					[ 29.0596568016, 41.0880769242 ],
					[ 29.0596338318, 41.0877605992 ],
					[ 29.0596058902, 41.0874445029 ],
					[ 29.0595729786, 41.087128681 ],
					[ 29.0595351035, 41.0868131771 ],
					[ 29.0594842065, 41.0864425251 ],
					[ 29.0594264576, 41.0860724483 ],
					[ 29.0593618702, 41.0857030198 ],
					[ 29.0592904564, 41.0853343108 ],
					[ 29.0592122309, 41.0849663943 ],
					[ 29.0591272069, 41.0845993424 ],
					[ 29.0590354038, 41.0842332256 ],
					[ 29.0589368385, 41.0838681178 ],
					[ 29.0588315315, 41.0835040893 ],
					[ 29.058719501, 41.0831412106 ],
					[ 29.0586007711, 41.0827795547 ],
					[ 29.0584753658, 41.0824191903 ],
					[ 29.058343308, 41.0820601905 ],
					[ 29.0582046242, 41.0817026229 ],
					[ 29.0580593408, 41.0813465589 ],
					[ 29.0579074892, 41.0809920682 ],
					[ 29.0577647131, 41.0806733023 ],
					[ 29.0576166254, 41.0803559263 ],
					[ 29.0574632493, 41.0800399925 ],
					[ 29.0573046091, 41.0797255507 ],
					[ 29.0571407291, 41.0794126505 ],
					[ 29.0569716372, 41.0791013435 ],
					[ 29.0567973603, 41.0787916776 ],
					[ 29.0566179261, 41.0784837035 ],
					[ 29.0564228389, 41.0781603142 ],
					[ 29.0562220656, 41.0778389238 ],
					[ 29.0554438155, 41.0765405068 ],
					[ 29.0539611082, 41.0740599924 ],
					[ 29.052482849, 41.0715779776 ],
					[ 29.0512528089, 41.0695058655 ],
					[ 29.0500258675, 41.0674327145 ],
					[ 29.0488020257, 41.0653585264 ],
					[ 29.0475812857, 41.0632833051 ],
					[ 29.0415849199, 41.0534391151 ],
					[ 29.0414142525, 41.0532381198 ],
					[ 29.0412408942, 41.053038448 ],
					[ 29.0410648636, 41.0528401215 ],
					[ 29.0408861783, 41.0526431602 ],
					[ 29.0407048572, 41.0524475841 ],
					[ 29.0405209188, 41.052253414 ],
					[ 29.0403343832, 41.0520606698 ],
					[ 29.0401452679, 41.0518693707 ],
					[ 29.0399232106, 41.0516498103 ],
					[ 29.0396977561, 41.0514322426 ],
					[ 29.039468936, 41.0512166986 ],
					[ 29.039236782, 41.0510032072 ],
					[ 29.0390013258, 41.0507917993 ],
					[ 29.0387626015, 41.0505825031 ],
					[ 29.0385206407, 41.0503753477 ],
					[ 29.0382754777, 41.050170363 ],
					[ 29.0380271452, 41.0499675754 ],
					[ 29.0377756797, 41.0497670149 ],
					[ 29.0375211142, 41.0495687078 ],
					[ 29.0372634851, 41.0493726816 ],
					[ 29.0370028277, 41.0491789643 ],
					[ 29.0367391785, 41.0489875832 ],
					[ 29.0364725727, 41.0487985629 ],
					[ 29.0362030493, 41.0486119309 ],
					[ 29.0359078682, 41.0484125071 ],
					[ 29.035609356, 41.0482159478 ],
					[ 29.0353075598, 41.0480222848 ],
					[ 29.035002529, 41.0478315501 ],
					[ 29.0346943119, 41.0476437729 ],
					[ 29.0343829605, 41.047458985 ],
					[ 29.034068523, 41.0472772166 ],
					[ 29.0337510537, 41.047098496 ],
					[ 29.0334480549, 41.0469322995 ],
					[ 29.0331424324, 41.0467688796 ],
					[ 29.0327796564, 41.0465802478 ],
					[ 29.0326154632, 41.0464990151 ],
					[ 29.0324320854, 41.046415541 ],
					[ 29.0322445531, 41.0463375362 ],
					[ 29.0320531512, 41.0462651191 ],
					[ 29.0318581694, 41.0461983993 ],
					[ 29.0316637124, 41.0461385855 ],
					[ 29.0314663789, 41.0460844388 ],
					[ 29.031266459, 41.0460360382 ],
					[ 29.0310642418, 41.0459934546 ],
					[ 29.0308600237, 41.0459567499 ],
					[ 29.0306541036, 41.045925978 ],
					[ 29.0304467806, 41.0459011835 ],
					[ 29.0302383584, 41.0458824025 ],
					[ 29.03002914, 41.0458696636 ],
					[ 29.0298194318, 41.0458629837 ],
					[ 29.0296095406, 41.0458623735 ],
					[ 29.0293997706, 41.0458678338 ],
					[ 29.0291904301, 41.0458793564 ],
					[ 29.0289818225, 41.0458969249 ],
					[ 29.028774255, 41.0459205132 ],
					[ 29.0285680289, 41.0459500868 ],
					[ 29.0283634446, 41.0459856033 ],
					[ 29.0281608012, 41.0460270102 ],
					[ 29.0279603958, 41.046074247 ],
					[ 29.0277625196, 41.0461272443 ],
					[ 29.0275674614, 41.046185926 ],
					[ 29.0273755067, 41.0462502065 ],
					[ 29.0271869353, 41.0463199907 ],
					[ 29.0270020221, 41.0463951766 ],
					[ 29.0268210375, 41.0464756566 ],
					[ 29.0266442448, 41.0465613106 ],
					[ 29.026471904, 41.0466520156 ],
					[ 29.0263042644, 41.0467476385 ],
					[ 29.0261415719, 41.0468480394 ],
					[ 29.0259840653, 41.0469530716 ],
					[ 29.0258319716, 41.0470625821 ],
					[ 29.0256855144, 41.0471764118 ],
					[ 29.0255229279, 41.0469116491 ],
					[ 29.0253525295, 41.0466497176 ],
					[ 29.0251744041, 41.0463907487 ],
					[ 29.0249886427, 41.0461348736 ],
					[ 29.0247953397, 41.045882221 ],
					[ 29.0245945922, 41.0456329186 ],
					[ 29.0243865016, 41.0453870915 ],
					[ 29.024171171, 41.0451448648 ],
					[ 29.0239487127, 41.0449063601 ],
					[ 29.0237192356, 41.044671698 ],
					[ 29.0234828569, 41.0444409955 ],
					[ 29.0232396963, 41.04421437 ],
					[ 29.0229898757, 41.0439919366 ],
					[ 29.022733522, 41.0437738054 ],
					[ 29.0224707632, 41.0435600881 ],
					[ 29.0222017334, 41.0433508922 ],
					[ 29.0219265676, 41.0431463223 ],
					[ 29.0216454036, 41.042946483 ],
					[ 29.0213583849, 41.0427514736 ],
					[ 29.0210656552, 41.0425613927 ],
					[ 29.0207673628, 41.0423763368 ],
					[ 29.0204636587, 41.042196399 ],
					[ 29.0201546948, 41.0420216698 ],
					[ 29.0198406268, 41.0418522378 ],
					[ 29.019521614, 41.041688188 ],
					[ 29.0191978168, 41.0415296027 ],
					[ 29.0190559852, 41.0414635108 ],
					[ 29.0180773189, 41.0410974049 ],
					[ 29.016649112, 41.0406876589 ],
					[ 29.0154452247, 41.0403914906 ],
					[ 29.0143346688, 41.0401675795 ],
					[ 29.0128463639, 41.0399547179 ],
					[ 29.0117905303, 41.0398599021 ],
					[ 29.0109601548, 41.0398384841 ],
					[ 29.0101475851, 41.0398886853 ],
					[ 29.0095990807, 41.039955445 ],
					[ 29.0090876849, 41.0400654046 ],
					[ 29.0086511523, 41.0402188902 ],
					[ 29.0082519429, 41.0404012833 ],
					[ 29.0078896284, 41.0406411705 ],
					[ 29.0073618374, 41.0410405055 ],
					[ 29.0072493056, 41.040535595 ],
					[ 29.0070309418, 41.0399905234 ],
					[ 29.0065770748, 41.0392039885 ],
					[ 29.0060381479, 41.0384250571 ],
					[ 29.0053066404, 41.0373764383 ],
					[ 29.0044969532, 41.0362973601 ],
					[ 29.0034526936, 41.0351269064 ],
					[ 29.0018642388, 41.0335348088 ],
					[ 28.9982276653, 41.0302059941 ],
					[ 28.9980092166, 41.0300018698 ],
					[ 28.9977888415, 41.0297989359 ],
					[ 28.9975665529, 41.029597204 ],
					[ 28.9973423615, 41.0293966825 ],
					[ 28.9971162789, 41.029197384 ],
					[ 28.9968883169, 41.0289993167 ],
					[ 28.996658486, 41.0288024915 ],
					[ 28.9964268004, 41.0286069193 ],
					[ 28.9961932694, 41.0284126092 ],
					[ 28.9959579071, 41.0282195721 ],
					[ 28.9957207242, 41.028027817 ],
					[ 28.9954817334, 41.0278373532 ],
					[ 28.9952409467, 41.0276481924 ],
					[ 28.9949983768, 41.0274603427 ],
					[ 28.9947540368, 41.0272738142 ],
					[ 28.9945079384, 41.027088617 ],
					[ 28.9942600944, 41.02690476 ],
					[ 28.994010518, 41.0267222525 ],
					[ 28.9937592207, 41.0265411043 ],
					[ 28.9935062167, 41.0263613247 ],
					[ 28.993251519, 41.0261829227 ],
					[ 28.9929951394, 41.0260059074 ],
					[ 28.992737093, 41.025830288 ],
					[ 28.9924773917, 41.0256560745 ],
					[ 28.9922160497, 41.025483274 ],
					[ 28.9919530797, 41.0253118959 ],
					[ 28.9916884949, 41.02514195 ],
					[ 28.9914223093, 41.0249734447 ],
					[ 28.991154537, 41.024806388 ],
					[ 28.9908851922, 41.0246407883 ],
					[ 28.9906142878, 41.0244766555 ],
					[ 28.9903418368, 41.024313996 ],
					[ 28.9900678557, 41.02415282 ],
					[ 28.9897923561, 41.0239931355 ],
					[ 28.9895153536, 41.0238349499 ],
					[ 28.9892368621, 41.0236782714 ],
					[ 28.9889568959, 41.0235231082 ],
					[ 28.9886754702, 41.0233694696 ],
					[ 28.9883925981, 41.0232173608 ],
					[ 28.9881082947, 41.0230667921 ],
					[ 28.9878225743, 41.0229177698 ],
					[ 28.9875354511, 41.0227703013 ],
					[ 28.9872469414, 41.0226243956 ],
					[ 28.9869570596, 41.0224800592 ],
					[ 28.9866658196, 41.0223373003 ],
					[ 28.9863732369, 41.0221961253 ],
					[ 28.9860793268, 41.0220565417 ],
					[ 28.9857841046, 41.0219185565 ],
					[ 28.9854875844, 41.0217821774 ],
					[ 28.9851897828, 41.0216474105 ],
					[ 28.984890714, 41.0215142642 ],
					[ 28.9845903932, 41.0213827432 ],
					[ 28.984288837, 41.0212528564 ],
					[ 28.9839860595, 41.0211246095 ],
					[ 28.9836820773, 41.0209980089 ],
					[ 28.9833769057, 41.020873061 ],
					[ 28.9830705601, 41.0207497723 ],
					[ 28.982763057, 41.0206281501 ],
					[ 28.9824544116, 41.0205081999 ],
					[ 28.9821446395, 41.0203899272 ],
					[ 28.981833757, 41.0202733394 ],
					[ 28.9815217796, 41.0201584411 ],
					[ 28.981208725, 41.0200452388 ],
					[ 28.9808946061, 41.0199337389 ],
					[ 28.9805794419, 41.019823946 ],
					[ 28.9802632477, 41.0197158675 ],
					[ 28.97994604, 41.0196095071 ],
					[ 28.9796278342, 41.0195048703 ],
					[ 28.9793086469, 41.0194019646 ],
					[ 28.9789884946, 41.0193007926 ],
					[ 28.9786673938, 41.0192013609 ],
					[ 28.978345361, 41.019103675 ],
					[ 28.9780224141, 41.0190077387 ],
					[ 28.9776985671, 41.0189135574 ],
					[ 28.9773738379, 41.0188211368 ],
					[ 28.9771493345, 41.0187052397 ],
					[ 28.9769181659, 41.018583432 ],
					[ 28.9756452014, 41.0178119021 ],
					[ 28.9751598563, 41.0175457041 ]
				]
			},
			"properties" : {
				"ISIM_HAT" : "Boğazdan Geliş-Boğaza Gidiş",
				"TUR_HAT" : "Şehir Hatları",
				"HAT_ROTA" : "Beykoz-Paşabahçe-Ortaköy-Beşiktaş-Eminönü"
			}
		},
		{
			"type" : "Feature",
			"geometry" : {
				"type" : "LineString",
				"coordinates" : [
					[ 29.0665429955, 41.0832877806 ],
					[ 29.063704085, 41.0813519792 ],
					[ 29.061290037, 41.0791103588 ],
					[ 29.0595547928, 41.0769151041 ],
					[ 29.0582283911, 41.0745622736 ],
					[ 29.0580636926, 41.0745979289 ],
					[ 29.0578974089, 41.0746290868 ],
					[ 29.0577297548, 41.0746557087 ],
					[ 29.0575609462, 41.0746777583 ],
					[ 29.0573912002, 41.0746952096 ],
					[ 29.0572207348, 41.0747080382 ],
					[ 29.0570497716, 41.074716228 ],
					[ 29.0568785297, 41.074719768 ],
					[ 29.0567072306, 41.0747186548 ],
					[ 29.0565360944, 41.0747128902 ],
					[ 29.0563653424, 41.0747024795 ],
					[ 29.0561951945, 41.074687438 ],
					[ 29.0560258695, 41.0746677838 ],
					[ 29.0558575847, 41.074643543 ],
					[ 29.0556905598, 41.074614747 ],
					[ 29.0555250074, 41.0745814328 ],
					[ 29.0553611434, 41.0745436426 ],
					[ 29.0551991767, 41.0745014259 ],
					[ 29.0550393169, 41.0744548366 ],
					[ 29.0548817704, 41.074403935 ],
					[ 29.0547267397, 41.0743487875 ],
					[ 29.0545744249, 41.0742894634 ],
					[ 29.0544250224, 41.0742260408 ],
					[ 29.0542787251, 41.0741586005 ],
					[ 29.0541357209, 41.0740872306 ],
					[ 29.053996194, 41.0740120208 ],
					[ 29.0538603253, 41.0739330707 ],
					[ 29.0537282881, 41.07385048 ],
					[ 29.0536002547, 41.0737643562 ],
					[ 29.0534763876, 41.0736748107 ],
					[ 29.0533568495, 41.0735819573 ],
					[ 29.053241792, 41.0734859179 ],
					[ 29.053133033, 41.0733883662 ],
					[ 29.0530288974, 41.0732879682 ],
					[ 29.0529295154, 41.0731848466 ],
					[ 29.0528350125, 41.0730791322 ],
					[ 29.0526892065, 41.0728615492 ],
					[ 29.05254603, 41.07264297 ],
					[ 29.0524054944, 41.0724234102 ],
					[ 29.0522676102, 41.0722028906 ],
					[ 29.0520894151, 41.0719099107 ],
					[ 29.0519159015, 41.0716153275 ],
					[ 29.0517470938, 41.0713191809 ],
					[ 29.0515830188, 41.0710215162 ],
					[ 29.0514236995, 41.0707223759 ],
					[ 29.0512691579, 41.0704218042 ],
					[ 29.0511194171, 41.0701198429 ],
					[ 29.0509744989, 41.069816538 ],
					[ 29.0508440731, 41.0695332996 ],
					[ 29.0507178533, 41.0692489729 ],
					[ 29.0505958543, 41.0689635922 ],
					[ 29.0504780924, 41.0686771946 ],
					[ 29.0503645811, 41.0683898161 ],
					[ 29.0502553367, 41.0681014913 ],
					[ 29.0501503704, 41.0678122579 ],
					[ 29.0500496959, 41.0675221522 ],
					[ 29.0499533281, 41.0672312103 ],
					[ 29.0498612759, 41.0669394691 ],
					[ 29.0497735531, 41.0666469649 ],
					[ 29.0496901686, 41.0663537337 ],
					[ 29.0496111348, 41.0660598143 ],
					[ 29.0495364607, 41.0657652421 ],
					[ 29.0494661565, 41.0654700557 ],
					[ 29.0494002298, 41.0651742903 ],
					[ 29.0493386884, 41.0648779839 ],
					[ 29.0492815424, 41.0645811744 ],
					[ 29.0492287959, 41.0642838987 ],
					[ 29.049180458, 41.0639861938 ],
					[ 29.0491365327, 41.0636880966 ],
					[ 29.0490970278, 41.0633896461 ],
					[ 29.049061945, 41.063090879 ],
					[ 29.0490312921, 41.0627918333 ],
					[ 29.0490050709, 41.0624925459 ],
					[ 29.0489832843, 41.0621930547 ],
					[ 29.0489659365, 41.0618933984 ],
					[ 29.0489530281, 41.0615936121 ],
					[ 29.048944562, 41.0612937364 ],
					[ 29.0489405388, 41.0609938074 ],
					[ 29.048940958, 41.0606938627 ],
					[ 29.04894582, 41.0603939403 ],
					[ 29.0489551256, 41.060094078 ],
					[ 29.0489688705, 41.0597943136 ],
					[ 29.0489870564, 41.0594946848 ],
					[ 29.0490096781, 41.0591952294 ],
					[ 29.0490367349, 41.0588959845 ],
					[ 29.0490682215, 41.0585969885 ],
					[ 29.0491041349, 41.0582982776 ],
					[ 29.0491444709, 41.0579998904 ],
					[ 29.049189223, 41.0577018647 ],
					[ 29.0492383858, 41.0574042373 ],
					[ 29.0492919551, 41.057107046 ],
					[ 29.0493499221, 41.0568103277 ],
					[ 29.0494122789, 41.0565141201 ],
					[ 29.0494790192, 41.05621846 ],
					[ 29.049550135, 41.0559233852 ],
					[ 29.0496256152, 41.0556289316 ],
					[ 29.0497054508, 41.0553351379 ],
					[ 29.0497896329, 41.05504204 ],
					[ 29.0498781514, 41.0547496747 ],
					[ 29.0499709926, 41.0544580797 ],
					[ 29.0500681464, 41.0541672901 ],
					[ 29.0501695993, 41.0538773435 ],
					[ 29.050275341, 41.0535882758 ],
					[ 29.0503853555, 41.0533001238 ],
					[ 29.0504996304, 41.0530129235 ],
					[ 29.0506181509, 41.0527267116 ],
					[ 29.050740902, 41.0524415222 ],
					[ 29.050867869, 41.0521573938 ],
					[ 29.0509990334, 41.0518743597 ],
					[ 29.0511343817, 41.0515924566 ],
					[ 29.0512738953, 41.0513117204 ],
					[ 29.0514175572, 41.0510321851 ],
					[ 29.0501501245, 41.0504465442 ],
					[ 29.0488798222, 41.0498644917 ],
					[ 29.0476066679, 41.049286035 ],
					[ 29.0463306816, 41.0487111812 ],
					[ 29.0450518784, 41.0481399403 ],
					[ 29.0437702773, 41.0475723186 ],
					[ 29.0424858968, 41.0470083245 ],
					[ 29.0411987536, 41.0464479659 ],
					[ 29.0399088674, 41.0458912502 ],
					[ 29.0386162535, 41.0453381863 ],
					[ 29.0373209319, 41.0447887808 ],
					[ 29.0360229202, 41.0442430408 ],
					[ 29.0347222372, 41.0437009755 ],
					[ 29.0334189003, 41.043162592 ],
					[ 29.0321129272, 41.0426278967 ],
					[ 29.0308043367, 41.0420968979 ],
					[ 29.0301919056, 41.0419045263 ],
					[ 29.0295760717, 41.041718489 ],
					[ 29.0289569497, 41.0415388201 ],
					[ 29.0283346542, 41.041365552 ],
					[ 29.0277093013, 41.041198719 ],
					[ 29.0270810068, 41.04103835 ],
					[ 29.0264498868, 41.0408844756 ],
					[ 29.0258160594, 41.0407371237 ],
					[ 29.0254807907, 41.0406620612 ],
					[ 29.0251448179, 41.0405888242 ],
					[ 29.02480816, 41.0405174156 ],
					[ 29.0244708347, 41.0404478398 ],
					[ 29.0241328575, 41.0403800999 ],
					[ 29.0237942472, 41.0403142004 ],
					[ 29.0234550206, 41.0402501434 ],
					[ 29.0231151952, 41.0401879333 ],
					[ 29.022774789, 41.0401275722 ],
					[ 29.0224338184, 41.0400690647 ],
					[ 29.0220923036, 41.0400124128 ],
					[ 29.0217502588, 41.0399576194 ],
					[ 29.0214077042, 41.0399046871 ],
					[ 29.0210646563, 41.039853619 ],
					[ 29.0207211341, 41.0398044188 ],
					[ 29.0203771531, 41.0397570874 ],
					[ 29.0199959474, 41.0397068857 ],
					[ 29.0196142279, 41.0396589808 ],
					[ 29.0192320168, 41.0396133756 ],
					[ 29.0188493393, 41.0395700712 ],
					[ 29.0184662201, 41.0395290713 ],
					[ 29.0180826818, 41.039490379 ],
					[ 29.0176987504, 41.0394539961 ],
					[ 29.0173144497, 41.0394199248 ],
					[ 29.0167092821, 41.0393710168 ],
					[ 29.0161033545, 41.0393278413 ],
					[ 29.0157301419, 41.0393243995 ],
					[ 29.015356921, 41.0393273396 ],
					[ 29.0150945665, 41.0393332278 ],
					[ 29.0148323682, 41.039342271 ],
					[ 29.0145703928, 41.0393544652 ],
					[ 29.0143087068, 41.0393698074 ],
					[ 29.0140473746, 41.0393882945 ],
					[ 29.013786464, 41.0394099209 ],
					[ 29.0135260392, 41.0394346827 ],
					[ 29.0132661668, 41.0394625721 ],
					[ 29.0130069124, 41.0394935827 ],
					[ 29.0127483402, 41.0395277069 ],
					[ 29.0124905158, 41.0395649362 ],
					[ 29.0122335058, 41.0396052604 ],
					[ 29.0119773734, 41.0396486701 ],
					[ 29.011722183, 41.0396951534 ],
					[ 29.011468, 41.0397446999 ],
					[ 29.0112148889, 41.0397972959 ],
					[ 29.0109629117, 41.0398529283 ],
					[ 29.0107121328, 41.0399115842 ],
					[ 29.0104626166, 41.0399732479 ],
					[ 29.0102144239, 41.0400379038 ],
					[ 29.0099676192, 41.0401055363 ],
					[ 29.0097222633, 41.0401761269 ],
					[ 29.0094784195, 41.0402496591 ],
					[ 29.0092361476, 41.0403261145 ],
					[ 29.0089955096, 41.040405473 ],
					[ 29.0087565665, 41.0404877152 ],
					[ 29.008519378, 41.0405728192 ],
					[ 29.0082840051, 41.0406607648 ],
					[ 29.0080505051, 41.0407515301 ],
					[ 29.0078189391, 41.0408450902 ],
					[ 29.0075893632, 41.0409414242 ],
					[ 29.0073618374, 41.0410405055 ],
					[ 29.006956708, 41.0405982406 ],
					[ 29.0065474446, 41.0401581654 ],
					[ 29.0061340647, 41.0397203016 ],
					[ 29.0057165918, 41.039284672 ],
					[ 29.0052950469, 41.0388512981 ],
					[ 29.0048694501, 41.0384202019 ],
					[ 29.0044398236, 41.037991404 ],
					[ 29.0040061897, 41.0375649282 ],
					[ 29.0035685684, 41.0371407943 ],
					[ 29.0031269843, 41.0367190242 ],
					[ 29.0026814573, 41.0362996395 ],
					[ 29.0022320122, 41.0358826602 ],
					[ 29.00177867, 41.035468109 ],
					[ 29.0013214555, 41.0350560049 ],
					[ 29.0008603897, 41.0346463707 ],
					[ 29.0003954961, 41.0342392253 ],
					[ 28.9999268007, 41.0338345897 ],
					[ 28.9994543244, 41.0334324847 ],
					[ 28.9989780921, 41.0330329311 ],
					[ 28.9984981272, 41.0326359473 ],
					[ 28.9980144555, 41.0322415549 ],
					[ 28.9975271006, 41.031849773 ],
					[ 28.9970360871, 41.0314606206 ],
					[ 28.9965414397, 41.0310741197 ],
					[ 28.9960431831, 41.0306902874 ],
					[ 28.9955413432, 41.0303091437 ],
					[ 28.9950359447, 41.0299307086 ],
					[ 28.9945270133, 41.0295550004 ],
					[ 28.9940145751, 41.029182038 ],
					[ 28.9934986557, 41.0288118406 ],
					[ 28.9929792813, 41.0284444264 ],
					[ 28.9924564775, 41.0280798144 ],
					[ 28.9919302702, 41.0277180229 ],
					[ 28.991400689, 41.02735907 ],
					[ 28.9908677573, 41.0270029731 ],
					[ 28.9903315033, 41.0266497512 ],
					[ 28.9897919541, 41.0262994217 ],
					[ 28.9892491367, 41.0259520018 ],
					[ 28.9887030783, 41.0256075097 ],
					[ 28.9881538071, 41.0252659628 ],
					[ 28.9876013513, 41.0249273775 ],
					[ 28.9870457367, 41.024591771 ],
					[ 28.9864869929, 41.0242591616 ],
					[ 28.9859251481, 41.0239295639 ],
					[ 28.9853602305, 41.0236029961 ],
					[ 28.9847922685, 41.0232794737 ],
					[ 28.9842212901, 41.0229590141 ],
					[ 28.9836473249, 41.0226416317 ],
					[ 28.9830704024, 41.0223273441 ],
					[ 28.9824905495, 41.0220161666 ],
					[ 28.9819077981, 41.0217081149 ],
					[ 28.9813221753, 41.0214032043 ],
					[ 28.9807337129, 41.0211014506 ],
					[ 28.9802139984, 41.020792082 ],
					[ 28.9797135917, 41.0204942014 ],
					[ 28.9790978552, 41.0201276615 ],
					[ 28.9785104037, 41.0197779524 ],
					[ 28.9780603656, 41.019510041 ],
					[ 28.9775262887, 41.0191851921 ],
					[ 28.97704448, 41.0188786236 ],
					[ 28.9763895744, 41.0184420994 ],
					[ 28.975583252, 41.0178679405 ],
					[ 28.9751598563, 41.0175457041 ]
				]
			},
			"properties" : {
				"ISIM_HAT" : "Boğazdan Geliş-Boğaza Gidiş",
				"TUR_HAT" : "Şehir Hatları",
				"HAT_ROTA" : "Anadolu Hisarı-Kandilli-Çengelköy-Beşiktaş-Eminönü"
			}
		},
		{
			"type" : "Feature",
			"geometry" : {
				"type" : "LineString",
				"coordinates" : [
					[ 28.9751598563, 41.0175457041 ],
					[ 28.9757050088, 41.0178847525 ],
					[ 28.9760930106, 41.0181214115 ],
					[ 28.9764958761, 41.0183671337 ],
					[ 28.976960837, 41.0186507261 ],
					[ 28.9774724735, 41.0189622276 ],
					[ 28.9781603811, 41.0193372608 ],
					[ 28.9790060097, 41.0197809014 ],
					[ 28.9796070088, 41.020026176 ],
					[ 28.9802045511, 41.0202762523 ],
					[ 28.9807985694, 41.0205311017 ],
					[ 28.9813889976, 41.020790695 ],
					[ 28.9819757684, 41.0210550055 ],
					[ 28.9825588183, 41.0213240012 ],
					[ 28.9831380799, 41.0215976536 ],
					[ 28.9837134909, 41.0218759307 ],
					[ 28.9842849839, 41.0221588023 ],
					[ 28.9848524966, 41.0224462372 ],
					[ 28.9854159665, 41.0227382026 ],
					[ 28.9859753275, 41.0230346654 ],
					[ 28.9865305196, 41.0233355929 ],
					[ 28.9870814804, 41.0236409522 ],
					[ 28.9876281473, 41.0239507084 ],
					[ 28.9881704592, 41.0242648261 ],
					[ 28.988708356, 41.0245832714 ],
					[ 28.9892417776, 41.0249060087 ],
					[ 28.9897706628, 41.0252330017 ],
					[ 28.990294954, 41.0255642128 ],
					[ 28.990814591, 41.0258996056 ],
					[ 28.9913295163, 41.0262391437 ],
					[ 28.9918396733, 41.0265827871 ],
					[ 28.9923450044, 41.0269304991 ],
					[ 28.9928454508, 41.0272822399 ],
					[ 28.9933409595, 41.0276379702 ],
					[ 28.993831473, 41.0279976509 ],
					[ 28.9943169382, 41.0283612411 ],
					[ 28.9947972977, 41.0287286998 ],
					[ 28.9952725008, 41.0290999871 ],
					[ 28.9957424923, 41.0294750601 ],
					[ 28.9962072205, 41.029853878 ],
					[ 28.9966666326, 41.0302363972 ],
					[ 28.997120678, 41.0306225759 ],
					[ 28.9975693051, 41.0310123713 ],
					[ 28.9980124633, 41.0314057381 ],
					[ 28.9984501046, 41.0318026335 ],
					[ 28.9988821772, 41.0322030132 ],
					[ 28.9989728219, 41.0322888462 ],
					[ 29.0026005809, 41.0354980343 ],
					[ 29.0045727722, 41.0374162537 ],
					[ 29.0055019589, 41.0383963013 ],
					[ 29.0063738964, 41.039418732 ],
					[ 29.0069481233, 41.0401526999 ],
					[ 29.0071879417, 41.0405264231 ],
					[ 29.0072969093, 41.0408132518 ],
					[ 29.0073618374, 41.0410405055 ],
					[ 29.007772062, 41.0406029261 ],
					[ 29.0079829305, 41.0403903246 ],
					[ 29.0082313372, 41.0401923393 ],
					[ 29.0085934348, 41.0399667436 ],
					[ 29.0089548867, 41.0397840237 ],
					[ 29.0094491167, 41.0395595615 ],
					[ 29.0101707246, 41.0392798716 ],
					[ 29.0108537157, 41.0390570244 ],
					[ 29.0118209219, 41.0387651374 ],
					[ 29.0130150674, 41.0384465971 ],
					[ 29.0141896852, 41.0381707617 ],
					[ 29.0155346087, 41.0378677794 ],
					[ 29.0171251247, 41.0375525817 ],
					[ 29.0199256327, 41.0370948819 ],
					[ 29.0212918673, 41.0369404337 ],
					[ 29.0216762374, 41.0369154236 ],
					[ 29.0220608479, 41.0368926247 ],
					[ 29.0224456763, 41.0368720415 ],
					[ 29.0228306988, 41.0368536729 ],
					[ 29.0232158953, 41.0368375204 ],
					[ 29.0236012432, 41.0368235857 ],
					[ 29.0239867187, 41.0368118686 ],
					[ 29.0243723016, 41.0368023707 ],
					[ 29.0247579683, 41.0367950917 ],
					[ 29.0251436972, 41.0367900325 ],
					[ 29.0255294658, 41.0367871937 ],
					[ 29.0259152517, 41.0367865752 ],
					[ 29.0263010322, 41.0367881767 ],
					[ 29.0266867859, 41.0367919981 ],
					[ 29.0270724892, 41.03679804 ],
					[ 29.0274581218, 41.0368063015 ],
					[ 29.02784366, 41.0368167813 ],
					[ 29.0282290825, 41.0368294803 ],
					[ 29.0286143667, 41.0368443973 ],
					[ 29.0289994889, 41.0368615312 ],
					[ 29.0293844289, 41.0368808801 ],
					[ 29.0297691641, 41.0369024446 ],
					[ 29.0298323397, 41.037135425 ],
					[ 29.0299027195, 41.0373672188 ],
					[ 29.0299802663, 41.037597698 ],
					[ 29.0300649368, 41.0378267351 ],
					[ 29.030156683, 41.0380542046 ],
					[ 29.0302554568, 41.0382799809 ],
					[ 29.0303612019, 41.0385039402 ],
					[ 29.0304738607, 41.0387259576 ],
					[ 29.0305933719, 41.0389459121 ],
					[ 29.0307196697, 41.0391636822 ],
					[ 29.0308526833, 41.0393791478 ],
					[ 29.0309923397, 41.0395921902 ],
					[ 29.0311385631, 41.0398026916 ],
					[ 29.0312912723, 41.0400105361 ],
					[ 29.0314503832, 41.0402156096 ],
					[ 29.0316158083, 41.0404177995 ],
					[ 29.0317874578, 41.0406169927 ],
					[ 29.0319652346, 41.0408130809 ],
					[ 29.0321490416, 41.0410059564 ],
					[ 29.0323387792, 41.0411955119 ],
					[ 29.0325343409, 41.041381643 ],
					[ 29.0327356199, 41.041564247 ],
					[ 29.0329425047, 41.041743224 ],
					[ 29.0331548825, 41.0419184746 ],
					[ 29.033372636, 41.0420899026 ],
					[ 29.033595644, 41.0422574142 ],
					[ 29.0338237853, 41.0424209154 ],
					[ 29.0340569328, 41.0425803179 ],
					[ 29.0342949581, 41.0427355324 ],
					[ 29.0345377317, 41.042886474 ],
					[ 29.034785118, 41.0430330604 ],
					[ 29.0350369825, 41.0431752086 ],
					[ 29.0352931838, 41.0433128427 ],
					[ 29.0355535836, 41.0434458849 ],
					[ 29.0358180356, 41.0435742628 ],
					[ 29.0360863969, 41.0436979058 ],
					[ 29.0363585174, 41.0438167452 ],
					[ 29.0366342493, 41.0439307158 ],
					[ 29.0369134377, 41.044039755 ],
					[ 29.0371959312, 41.044143803 ],
					[ 29.0374815736, 41.0442428008 ],
					[ 29.0377702063, 41.0443366958 ],
					[ 29.0380616718, 41.0444254343 ],
					[ 29.0383558077, 41.0445089692 ],
					[ 29.0386524542, 41.044587254 ],
					[ 29.0389514465, 41.044660245 ],
					[ 29.0392526187, 41.0447279021 ],
					[ 29.039555807, 41.0447901888 ],
					[ 29.039860843, 41.0448470695 ],
					[ 29.0401675593, 41.0448985139 ],
					[ 29.0404757852, 41.0449444926 ],
					[ 29.0407853531, 41.0449849818 ],
					[ 29.0410960909, 41.0450199576 ],
					[ 29.0414078275, 41.0450494013 ],
					[ 29.0417203917, 41.0450732971 ],
					[ 29.0420336101, 41.0450916311 ],
					[ 29.0423473115, 41.0451043935 ],
					[ 29.0426613222, 41.0451115777 ],
					[ 29.0429754686, 41.0451131794 ],
					[ 29.0432895781, 41.0451091981 ],
					[ 29.0436034782, 41.0450996351 ],
					[ 29.043916995, 41.0450844962 ],
					[ 29.044229956, 41.0450637898 ],
					[ 29.0445421884, 41.0450375271 ],
					[ 29.0445576639, 41.045169847 ],
					[ 29.0445766126, 41.0453019068 ],
					[ 29.044599028, 41.0454336557 ],
					[ 29.0446249004, 41.0455650408 ],
					[ 29.0446542208, 41.0456960105 ],
					[ 29.0446869759, 41.0458265125 ],
					[ 29.0447231545, 41.0459564954 ],
					[ 29.0447627406, 41.0460859078 ],
					[ 29.0448057197, 41.0462146981 ],
					[ 29.0448520746, 41.0463428159 ],
					[ 29.044901787, 41.0464702105 ],
					[ 29.0449548364, 41.0465968305 ],
					[ 29.0450112031, 41.046722627 ],
					[ 29.0450708653, 41.0468475494 ],
					[ 29.0451337965, 41.0469715489 ],
					[ 29.0451999747, 41.0470945758 ],
					[ 29.0452693721, 41.0472165822 ],
					[ 29.0453419633, 41.0473375182 ],
					[ 29.0454177169, 41.0474573377 ],
					[ 29.0454966038, 41.0475759927 ],
					[ 29.0455785937, 41.0476934362 ],
					[ 29.0456636542, 41.047809621 ],
					[ 29.04575175, 41.0479245027 ],
					[ 29.0458428487, 41.0480380343 ],
					[ 29.0459369117, 41.0481501721 ],
					[ 29.0460339038, 41.04826087 ],
					[ 29.0461337854, 41.0483700862 ],
					[ 29.0462365165, 41.0484777762 ],
					[ 29.0463420586, 41.0485838975 ],
					[ 29.0464503683, 41.048688409 ],
					[ 29.0465614022, 41.0487912682 ],
					[ 29.046675118, 41.0488924341 ],
					[ 29.0467914711, 41.0489918685 ],
					[ 29.0469104121, 41.0490895297 ],
					[ 29.0470318977, 41.0491853812 ],
					[ 29.0471558783, 41.0492793839 ],
					[ 29.0472823046, 41.0493715013 ],
					[ 29.0474111259, 41.0494616952 ],
					[ 29.0475422928, 41.049549932 ],
					[ 29.0476757523, 41.0496361759 ],
					[ 29.0478114526, 41.0497203933 ],
					[ 29.0479493393, 41.0498025495 ],
					[ 29.0480893571, 41.0498826125 ],
					[ 29.0482314517, 41.0499605522 ],
					[ 29.0483755676, 41.0500363356 ],
					[ 29.0485216458, 41.0501099335 ],
					[ 29.0486696284, 41.0501813174 ],
					[ 29.0488194587, 41.0502504581 ],
					[ 29.0489710765, 41.050317328 ],
					[ 29.0491244225, 41.0503819023 ],
					[ 29.0492794343, 41.0504441536 ],
					[ 29.0494360513, 41.0505040587 ],
					[ 29.0495942134, 41.050561593 ],
					[ 29.0497538542, 41.0506167341 ],
					[ 29.0499149145, 41.0506694591 ],
					[ 29.0500773269, 41.0507197485 ],
					[ 29.0502410297, 41.050767583 ],
					[ 29.0504059577, 41.0508129412 ],
					[ 29.0505720447, 41.0508558073 ],
					[ 29.0507392254, 41.0508961636 ],
					[ 29.0509074346, 41.0509339935 ],
					[ 29.0510766035, 41.0509692836 ],
					[ 29.0512466669, 41.0510020183 ],
					[ 29.0514175572, 41.0510321851 ],
					[ 29.0512396205, 41.0513256615 ],
					[ 29.0510668311, 41.0516208954 ],
					[ 29.0508992196, 41.0519178356 ],
					[ 29.0507368153, 41.0522164294 ],
					[ 29.0505796463, 41.0525166238 ],
					[ 29.050427741, 41.0528183678 ],
					[ 29.0502811262, 41.0531216084 ],
					[ 29.0501398265, 41.0534262911 ],
					[ 29.0500038667, 41.0537323628 ],
					[ 29.0498732724, 41.0540397708 ],
					[ 29.0497480648, 41.054348461 ],
					[ 29.0496282674, 41.0546583781 ],
					[ 29.0495138999, 41.0549694689 ],
					[ 29.0494049835, 41.0552816796 ],
					[ 29.0493015369, 41.0555949538 ],
					[ 29.0492035788, 41.0559092366 ],
					[ 29.0491111255, 41.0562244742 ],
					[ 29.0490241945, 41.0565406108 ],
					[ 29.0489427999, 41.0568575909 ],
					[ 29.0488669555, 41.0571753587 ],
					[ 29.0487966777, 41.0574938593 ],
					[ 29.0487319757, 41.0578130363 ],
					[ 29.0486728623, 41.0581328329 ],
					[ 29.048619348, 41.0584531943 ],
					[ 29.0485714418, 41.058774064 ],
					[ 29.0485291519, 41.059095386 ],
					[ 29.0484924875, 41.0594171029 ],
					[ 29.048461453, 41.0597391599 ],
					[ 29.0484360564, 41.0600614993 ],
					[ 29.0484162988, 41.0603840644 ],
					[ 29.0484021868, 41.0607068004 ],
					[ 29.0483937214, 41.0610296487 ],
					[ 29.0483909047, 41.0613525536 ],
					[ 29.0483937377, 41.0616754582 ],
					[ 29.0484022187, 41.0619983069 ],
					[ 29.0484163475, 41.0623210419 ],
					[ 29.0484361204, 41.0626436065 ],
					[ 29.0484615356, 41.0629659448 ],
					[ 29.0484925884, 41.0632880001 ],
					[ 29.0485292723, 41.0636097164 ],
					[ 29.0485715823, 41.0639310362 ],
					[ 29.0486195099, 41.0642519044 ],
					[ 29.0486730475, 41.0645722642 ],
					[ 29.0487321854, 41.0648920588 ],
					[ 29.0487969137, 41.0652112323 ],
					[ 29.0488672202, 41.0655297296 ],
					[ 29.0489430952, 41.0658474949 ],
					[ 29.0490245216, 41.0661644712 ],
					[ 29.0491114884, 41.0664806035 ],
					[ 29.0492039799, 41.0667958367 ],
					[ 29.0493019779, 41.0671101159 ],
					[ 29.0494054678, 41.067423384 ],
					[ 29.0495144301, 41.0677355887 ],
					[ 29.0496288469, 41.0680466731 ],
					[ 29.0497486962, 41.0683565839 ],
					[ 29.0498739588, 41.068665266 ],
					[ 29.0500046128, 41.068972666 ],
					[ 29.0501406342, 41.0692787298 ],
					[ 29.0502819999, 41.0695834031 ],
					[ 29.0504286858, 41.0698866333 ],
					[ 29.0505806655, 41.0701883664 ],
					[ 29.0507379123, 41.0704885498 ],
					[ 29.0509003997, 41.070787131 ],
					[ 29.0510680975, 41.0710840585 ],
					[ 29.0512122266, 41.0713309066 ],
					[ 29.051359958, 41.0715765317 ],
					[ 29.0515112733, 41.0718209057 ],
					[ 29.0516661538, 41.0720639959 ],
					[ 29.051824581, 41.0723057753 ],
					[ 29.0519865351, 41.0725462122 ],
					[ 29.0521519964, 41.0727852775 ],
					[ 29.0523209437, 41.0730229431 ],
					[ 29.0524933587, 41.0732591782 ],
					[ 29.052669219, 41.0734939548 ],
					[ 29.0528485026, 41.0737272439 ],
					[ 29.0530311872, 41.0739590173 ],
					[ 29.0532172531, 41.0741892469 ],
					[ 29.0534066745, 41.0744179027 ],
					[ 29.0535994292, 41.0746449586 ],
					[ 29.0537954939, 41.0748703863 ],
					[ 29.0539948451, 41.0750941577 ],
					[ 29.0541974572, 41.0753162457 ],
					[ 29.0544033066, 41.075536622 ],
					[ 29.0546123677, 41.0757552621 ],
					[ 29.0548246134, 41.075972137 ],
					[ 29.0550400205, 41.0761872204 ],
					[ 29.0552585606, 41.0764004867 ],
					[ 29.055480208, 41.0766119097 ],
					[ 29.0557049345, 41.076821463 ],
					[ 29.0559327144, 41.0770291212 ],
					[ 29.0561635182, 41.0772348587 ],
					[ 29.0563973166, 41.0774386501 ],
					[ 29.0566340838, 41.0776404709 ],
					[ 29.0568737891, 41.0778402965 ],
					[ 29.0571164045, 41.0780381023 ],
					[ 29.057361898, 41.0782338628 ],
					[ 29.0576102415, 41.0784275553 ],
					[ 29.0578614033, 41.0786191561 ],
					[ 29.0581153538, 41.0788086416 ],
					[ 29.0583720613, 41.0789959888 ],
					[ 29.0586314952, 41.0791811733 ],
					[ 29.0588936213, 41.079364174 ],
					[ 29.0591584101, 41.0795449673 ],
					[ 29.0594258287, 41.0797235322 ],
					[ 29.0596958428, 41.0798998458 ],
					[ 29.0599684207, 41.0800738872 ],
					[ 29.0602435293, 41.0802456354 ],
					[ 29.0605211331, 41.0804150685 ],
					[ 29.0608012004, 41.0805821654 ],
					[ 29.0610836957, 41.0807469061 ],
					[ 29.0613685836, 41.0809092713 ],
					[ 29.0616558311, 41.0810692401 ],
					[ 29.0619454015, 41.0812267923 ],
					[ 29.0622372594, 41.0813819105 ],
					[ 29.0625313706, 41.0815345737 ],
					[ 29.0628276971, 41.0816847645 ],
					[ 29.0631262035, 41.0818324645 ],
					[ 29.0634268521, 41.0819776546 ],
					[ 29.0637296085, 41.0821203172 ],
					[ 29.0640344337, 41.082260436 ],
					[ 29.064341291, 41.0823979924 ],
					[ 29.0646501425, 41.0825329702 ],
					[ 29.0649609504, 41.0826653526 ],
					[ 29.0652736768, 41.082795124 ],
					[ 29.0655882827, 41.082922268 ],
					[ 29.0659047312, 41.0830467689 ],
					[ 29.0662229811, 41.083168611 ],
					[ 29.0665429955, 41.0832877806 ]
				]
			},
			"properties" : {
				"ISIM_HAT" : "Boğazdan Geliş-Boğaza Gidiş",
				"TUR_HAT" : "Şehir Hatları",
				"HAT_ROTA" : "Eminönü-Beşiktaş-Kuzguncuk-Beylerbeyi-Çengelköy-Anadolu Hisarı"
			}
		},
		{
			"type" : "Feature",
			"geometry" : {
				"type" : "LineString",
				"coordinates" : [
					[ 29.0903133276, 41.134311015 ],
					[ 29.0919674903, 41.1300439773 ],
					[ 29.0929923373, 41.1256654707 ],
					[ 29.0933756143, 41.1212283717 ],
					[ 29.0931760209, 41.1178545135 ],
					[ 29.0931989132, 41.1168170637 ],
					[ 29.091198864, 41.1168770987 ],
					[ 29.0905291856, 41.1169088764 ],
					[ 29.0879795892, 41.1165698069 ],
					[ 29.085606287, 41.1157879678 ],
					[ 29.0835416887, 41.1146069814 ],
					[ 29.0819009557, 41.1130927333 ],
					[ 29.0807755899, 41.1113297018 ],
					[ 29.0802283213, 41.1094162315 ],
					[ 29.0804399779, 41.1074643711 ],
					[ 29.0800194867, 41.1075987071 ],
					[ 29.0797437889, 41.1076727419 ],
					[ 29.0793239423, 41.1077837422 ],
					[ 29.0789876665, 41.107864915 ],
					[ 29.0786513355, 41.107949898 ],
					[ 29.0771638637, 41.1079923524 ],
					[ 29.07495413, 41.1078888637 ],
					[ 29.072971803, 41.1076020973 ],
					[ 29.0707461173, 41.1070910043 ],
					[ 29.0691971355, 41.1067008494 ],
					[ 29.0681672826, 41.1062676722 ],
					[ 29.0669519073, 41.1057564415 ],
					[ 29.0664707813, 41.1052011932 ],
					[ 29.066030037, 41.1041036931 ],
					[ 29.0657227506, 41.1028512307 ],
					[ 29.0653961826, 41.1015201238 ],
					[ 29.0653340623, 41.1011561481 ],
					[ 29.0652482984, 41.100726124 ],
					[ 29.0652225915, 41.1005400889 ],
					[ 29.0652582174, 41.1003096605 ],
					[ 29.0650643491, 41.1000883128 ],
					[ 29.0648830105, 41.0998391909 ],
					[ 29.0646320552, 41.0995418366 ],
					[ 29.0643775415, 41.09926279 ],
					[ 29.0630579208, 41.0963382366 ],
					[ 29.0624878835, 41.0921466881 ],
					[ 29.062789044, 41.0898026125 ],
					[ 29.0635281065, 41.0875148308 ],
					[ 29.0646899755, 41.0853299212 ],
					[ 29.0665429955, 41.0832877806 ],
					[ 29.0644533293, 41.0814214522 ],
					[ 29.0596813275, 41.0764542768 ],
					[ 29.0582283911, 41.0745622736 ],
					[ 29.0536646884, 41.0751348701 ],
					[ 29.0471453604, 41.0759923305 ],
					[ 29.0445507448, 41.076320062 ],
					[ 29.0460066141, 41.0759401913 ],
					[ 29.0469752909, 41.0755176142 ],
					[ 29.0480599674, 41.0748179197 ],
					[ 29.0486785035, 41.0741923781 ],
					[ 29.0493457678, 41.0732091611 ],
					[ 29.0495794646, 41.0724833961 ],
					[ 29.049669591, 41.0716735192 ],
					[ 29.049572089, 41.0706884411 ],
					[ 29.0491467906, 41.06965405 ],
					[ 29.048569028, 41.0689286785 ],
					[ 29.0479998686, 41.0683988417 ],
					[ 29.0470519091, 41.0677489214 ],
					[ 29.0454094785, 41.0670580765 ],
					[ 29.0434343512, 41.06677788 ],
					[ 29.0441487331, 41.0640624946 ],
					[ 29.0444019723, 41.0624331963 ],
					[ 29.0444280519, 41.0601106501 ],
					[ 29.044150694, 41.0584578958 ],
					[ 29.0433246647, 41.0560639686 ],
					[ 29.0431460633, 41.0557106894 ],
					[ 29.0426831265, 41.0549473534 ],
					[ 29.0410378007, 41.0527692435 ],
					[ 29.0403843501, 41.0520428629 ],
					[ 29.0379079818, 41.0501299362 ],
					[ 29.0372999117, 41.0497481606 ],
					[ 29.0362180194, 41.049160946 ],
					[ 29.03347507, 41.0478941689 ],
					[ 29.0327942217, 41.0475620215 ],
					[ 29.0317664089, 41.0471432525 ],
					[ 29.0313636355, 41.0470160295 ],
					[ 29.0305549772, 41.0467948126 ],
					[ 29.0298583379, 41.046660299 ],
					[ 29.0290668873, 41.0465535722 ],
					[ 29.0283125666, 41.0464900365 ],
					[ 29.0276329216, 41.0464843037 ],
					[ 29.0269385581, 41.0465722377 ],
					[ 29.0265950251, 41.0466321501 ],
					[ 29.0264243414, 41.0466831219 ],
					[ 29.0262656109, 41.0467770768 ],
					[ 29.0260495401, 41.0469181963 ],
					[ 29.0258968209, 41.0470312611 ],
					[ 29.0256855144, 41.0471764118 ],
					[ 29.0249981827, 41.0460849908 ],
					[ 29.0243665509, 41.0451987814 ],
					[ 29.0233983858, 41.0442757336 ],
					[ 29.0226332551, 41.0436688788 ],
					[ 29.0214545156, 41.0429441509 ],
					[ 29.0199737583, 41.0422168438 ],
					[ 29.0185670564, 41.0415902087 ],
					[ 29.0171219899, 41.0410061135 ],
					[ 29.0156750314, 41.0405506343 ],
					[ 29.0146406202, 41.0402844931 ],
					[ 29.0133039686, 41.0400300506 ],
					[ 29.0122674386, 41.0399068155 ],
					[ 29.0113053499, 41.0398556821 ],
					[ 29.0105123006, 41.03986317 ],
					[ 29.0099258272, 41.0399438997 ],
					[ 29.009357158, 41.0400962518 ],
					[ 29.0087687512, 41.04030561 ],
					[ 29.0073618374, 41.0410405055 ],
					[ 29.0059687987, 41.0391653893 ],
					[ 29.0053999513, 41.0384934058 ],
					[ 29.004608043, 41.0375907798 ],
					[ 29.0034172033, 41.036436929 ],
					[ 29.0022984547, 41.0355124014 ],
					[ 29.0017511008, 41.0350883559 ],
					[ 28.9983791729, 41.0321191968 ],
					[ 28.9970423895, 41.0310593073 ],
					[ 28.9951752287, 41.0297088897 ],
					[ 28.9903397857, 41.0267713462 ],
					[ 28.9832072758, 41.022372685 ],
					[ 28.9751598563, 41.0175457041 ]
				]
			},
			"properties" : {
				"ISIM_HAT" : "Boğazdan Geliş-Boğaza Gidiş",
				"TUR_HAT" : "Şehir Hatları",
				"HAT_ROTA" : "Eminönü-Beşiktaş-Ortaköy-Arnavutköy-Bebek-Kandilli-Anadolu Hisarı-Kanlıca-Çubuklu-Paşabahçe-Beykoz"
			}
		},
		{
			"type" : "Feature",
			"geometry" : {
				"type" : "LineString",
				"coordinates" : [
					[ 29.0903133276, 41.134311015 ],
					[ 29.0902580369, 41.1340351026 ],
					[ 29.090205929, 41.1337588362 ],
					[ 29.0901570072, 41.1334822366 ],
					[ 29.0901112746, 41.1332053254 ],
					[ 29.0900687358, 41.1329281242 ],
					[ 29.0900293927, 41.132650652 ],
					[ 29.0899932499, 41.1323729322 ],
					[ 29.0899603092, 41.1320949847 ],
					[ 29.0899305729, 41.1318168302 ],
					[ 29.0899040429, 41.1315384903 ],
					[ 29.0898807225, 41.1312599866 ],
					[ 29.0898606126, 41.1309813399 ],
					[ 29.089843714, 41.1307025709 ],
					[ 29.0898300287, 41.1304237012 ],
					[ 29.0898195588, 41.1301447524 ],
					[ 29.0898123028, 41.1298657444 ],
					[ 29.0898082627, 41.1295866996 ],
					[ 29.0898074383, 41.1293076389 ],
					[ 29.089809829, 41.1290285837 ],
					[ 29.0898154359, 41.1287495539 ],
					[ 29.0898242586, 41.128470572 ],
					[ 29.0898362955, 41.1281916587 ],
					[ 29.0898515452, 41.1279128356 ],
					[ 29.0898700073, 41.1276341234 ],
					[ 29.0898916802, 41.1273555437 ],
					[ 29.0899165613, 41.1270771163 ],
					[ 29.0899446514, 41.1267988646 ],
					[ 29.0899759455, 41.1265208075 ],
					[ 29.0900104419, 41.1262429684 ],
					[ 29.0900481393, 41.1259653661 ],
					[ 29.0900890324, 41.1256880222 ],
					[ 29.0901331197, 41.1254109593 ],
					[ 29.0901803987, 41.125134197 ],
					[ 29.0902308641, 41.1248577562 ],
					[ 29.090284512, 41.1245816591 ],
					[ 29.0903413386, 41.1243059257 ],
					[ 29.09040134, 41.1240305766 ],
					[ 29.090464511, 41.1237556334 ],
					[ 29.0905308478, 41.1234811167 ],
					[ 29.0906003441, 41.1232070481 ],
					[ 29.0906729959, 41.1229334473 ],
					[ 29.0907487959, 41.1226603351 ],
					[ 29.0908277402, 41.122387733 ],
					[ 29.0909098211, 41.1221156615 ],
					[ 29.0909950338, 41.1218441406 ],
					[ 29.0910833707, 41.1215731917 ],
					[ 29.0911748255, 41.1213028355 ],
					[ 29.0912693907, 41.1210330917 ],
					[ 29.0913670602, 41.1207639801 ],
					[ 29.0914678252, 41.1204955231 ],
					[ 29.0915716795, 41.1202277404 ],
					[ 29.0916786133, 41.119960651 ],
					[ 29.0917886202, 41.1196942772 ],
					[ 29.0919016916, 41.1194286379 ],
					[ 29.0920178178, 41.1191637537 ],
					[ 29.09213699, 41.1188996443 ],
					[ 29.0922592007, 41.1186363295 ],
					[ 29.0923844391, 41.1183738308 ],
					[ 29.0925126964, 41.1181121661 ],
					[ 29.0926439627, 41.1178513569 ],
					[ 29.0927782284, 41.117591423 ],
					[ 29.0929154823, 41.1173323823 ],
					[ 29.0930557134, 41.1170742563 ],
					[ 29.0931989132, 41.1168170637 ],
					[ 29.0930392601, 41.1168378431 ],
					[ 29.0928792173, 41.1168568328 ],
					[ 29.0927188204, 41.1168740285 ],
					[ 29.0925581054, 41.116889426 ],
					[ 29.0923971055, 41.116903022 ],
					[ 29.0922358565, 41.1169148141 ],
					[ 29.0920743955, 41.1169247989 ],
					[ 29.0919127557, 41.1169329748 ],
					[ 29.0917509741, 41.1169393405 ],
					[ 29.0915890854, 41.1169438935 ],
					[ 29.0914271252, 41.1169466331 ],
					[ 29.0912651293, 41.1169475587 ],
					[ 29.0911031334, 41.1169466706 ],
					[ 29.090941172, 41.1169439682 ],
					[ 29.090779281, 41.1169394526 ],
					[ 29.0906174971, 41.1169331251 ],
					[ 29.090455855, 41.1169249869 ],
					[ 29.090294389, 41.116915039 ],
					[ 29.0901331362, 41.1169032846 ],
					[ 29.0899721311, 41.1168897256 ],
					[ 29.089811408, 41.116874365 ],
					[ 29.0896510052, 41.1168572068 ],
					[ 29.0894909547, 41.1168382548 ],
					[ 29.0893312933, 41.116817512 ],
					[ 29.0891720556, 41.1167949841 ],
					[ 29.089013276, 41.1167706749 ],
					[ 29.0888549903, 41.116744591 ],
					[ 29.0886972327, 41.1167167373 ],
					[ 29.0885400379, 41.1166871203 ],
					[ 29.0883834402, 41.1166557465 ],
					[ 29.0882274741, 41.1166226226 ],
					[ 29.088072174, 41.116587756 ],
					[ 29.0879175732, 41.1165511542 ],
					[ 29.0877637061, 41.1165128247 ],
					[ 29.087610606, 41.1164727777 ],
					[ 29.0874583072, 41.1164310196 ],
					[ 29.087306843, 41.1163875608 ],
					[ 29.0871562454, 41.1163424113 ],
					[ 29.08700655, 41.1162955804 ],
					[ 29.0868577865, 41.1162470784 ],
					[ 29.0867099903, 41.1161969153 ],
					[ 29.0865631912, 41.1161451032 ],
					[ 29.0864174235, 41.116091653 ],
					[ 29.0862727179, 41.1160365769 ],
					[ 29.0861291078, 41.1159798857 ],
					[ 29.0859866227, 41.1159215934 ],
					[ 29.0858452946, 41.1158617108 ],
					[ 29.0857051542, 41.1158002537 ],
					[ 29.0855662323, 41.115737233 ],
					[ 29.0854285609, 41.1156726644 ],
					[ 29.0852921672, 41.1156065606 ],
					[ 29.0851570844, 41.1155389372 ],
					[ 29.0850233395, 41.1154698088 ],
					[ 29.0848909634, 41.1153991902 ],
					[ 29.0847599844, 41.1153270968 ],
					[ 29.0846304309, 41.115253545 ],
					[ 29.0845023312, 41.1151785505 ],
					[ 29.0843757149, 41.1151021296 ],
					[ 29.0842506092, 41.1150242998 ],
					[ 29.0841270399, 41.1149450773 ],
					[ 29.0840050366, 41.1148644805 ],
					[ 29.0838846241, 41.1147825257 ],
					[ 29.0837658284, 41.1146992313 ],
					[ 29.0836486776, 41.1146146163 ],
					[ 29.0835331967, 41.1145286989 ],
					[ 29.0834194103, 41.1144414973 ],
					[ 29.0833073432, 41.1143530316 ],
					[ 29.0831970212, 41.1142633209 ],
					[ 29.0830884668, 41.1141723843 ],
					[ 29.0829817058, 41.1140802417 ],
					[ 29.0828767606, 41.1139869142 ],
					[ 29.0827736535, 41.1138924225 ],
					[ 29.0826724081, 41.1137967858 ],
					[ 29.0825730454, 41.1137000258 ],
					[ 29.0824755891, 41.1136021644 ],
					[ 29.0823800589, 41.1135032216 ],
					[ 29.0822864761, 41.1134032208 ],
					[ 29.0821948618, 41.1133021831 ],
					[ 29.0821052359, 41.1132001301 ],
					[ 29.0820176171, 41.1130970846 ],
					[ 29.0819320254, 41.1129930692 ],
					[ 29.0818484794, 41.1128881075 ],
					[ 29.081766998, 41.1127822212 ],
					[ 29.0816875985, 41.1126754348 ],
					[ 29.0816102986, 41.1125677701 ],
					[ 29.0815351146, 41.1124592524 ],
					[ 29.0814620629, 41.1123499043 ],
					[ 29.0813911608, 41.1122397503 ],
					[ 29.0813224224, 41.1121288149 ],
					[ 29.0812558628, 41.1120171215 ],
					[ 29.0811914984, 41.1119046946 ],
					[ 29.0811293417, 41.1117915605 ],
					[ 29.0810694057, 41.1116777417 ],
					[ 29.0810117055, 41.1115632644 ],
					[ 29.0809562524, 41.1114481541 ],
					[ 29.0809030582, 41.111332435 ],
					[ 29.0808521356, 41.1112161335 ],
					[ 29.080803496, 41.1110992739 ],
					[ 29.0807571486, 41.1109818823 ],
					[ 29.080713105, 41.1108639851 ],
					[ 29.0806713732, 41.1107456075 ],
					[ 29.0806319634, 41.1106267757 ],
					[ 29.0805948849, 41.1105075158 ],
					[ 29.0805601443, 41.1103878532 ],
					[ 29.0805277509, 41.1102678149 ],
					[ 29.0804977102, 41.110147428 ],
					[ 29.0804700302, 41.1100267169 ],
					[ 29.0804447152, 41.1099057086 ],
					[ 29.080421772, 41.1097844311 ],
					[ 29.080401205, 41.1096629096 ],
					[ 29.0803830197, 41.1095411712 ],
					[ 29.0803672193, 41.109419243 ],
					[ 29.0803538071, 41.1092971501 ],
					[ 29.0803427862, 41.1091749214 ],
					[ 29.0803341586, 41.1090525822 ],
					[ 29.0803279275, 41.1089301594 ],
					[ 29.0803240937, 41.1088076811 ],
					[ 29.0803226567, 41.1086851732 ],
					[ 29.0803236187, 41.108562662 ],
					[ 29.080326978, 41.1084401753 ],
					[ 29.0803327342, 41.1083177402 ],
					[ 29.0803408869, 41.1081953818 ],
					[ 29.0803514334, 41.108073129 ],
					[ 29.0803643721, 41.1079510078 ],
					[ 29.080379699, 41.1078290444 ],
					[ 29.0803974114, 41.1077072656 ],
					[ 29.0804175065, 41.1075856995 ],
					[ 29.0804399779, 41.1074643711 ],
					[ 29.0801275185, 41.1075703534 ],
					[ 29.0798118771, 41.1076707952 ],
					[ 29.0794932235, 41.107765642 ],
					[ 29.0791717313, 41.1078548411 ],
					[ 29.0788475749, 41.1079383462 ],
					[ 29.0785209324, 41.10801611 ],
					[ 29.0781919807, 41.1080880908 ],
					[ 29.0778608979, 41.1081542494 ],
					[ 29.0775278654, 41.1082145495 ],
					[ 29.0771930648, 41.1082689591 ],
					[ 29.0768566763, 41.1083174482 ],
					[ 29.0765188837, 41.1083599894 ],
					[ 29.0761798707, 41.1083965617 ],
					[ 29.0758398235, 41.1084271431 ],
					[ 29.0754989246, 41.108451719 ],
					[ 29.075157361, 41.1084702736 ],
					[ 29.0748153176, 41.1084827985 ],
					[ 29.0744729815, 41.1084892873 ],
					[ 29.0741305373, 41.1084897349 ],
					[ 29.0737881744, 41.1084841412 ],
					[ 29.073446075, 41.1084725112 ],
					[ 29.0731044285, 41.1084548491 ],
					[ 29.0727634204, 41.1084311655 ],
					[ 29.0724232341, 41.1084014726 ],
					[ 29.0720840575, 41.1083657873 ],
					[ 29.0717460725, 41.1083241291 ],
					[ 29.0714094647, 41.10827652 ],
					[ 29.0710744171, 41.1082229861 ],
					[ 29.0707411115, 41.1081635566 ],
					[ 29.0704097286, 41.1080982645 ],
					[ 29.0700804499, 41.1080271447 ],
					[ 29.0697534549, 41.1079502355 ],
					[ 29.0694289192, 41.1078675789 ],
					[ 29.0691070221, 41.1077792205 ],
					[ 29.0687879366, 41.1076852076 ],
					[ 29.0684718384, 41.107585592 ],
					[ 29.068158897, 41.1074804275 ],
					[ 29.0678492843, 41.1073697721 ],
					[ 29.0675431684, 41.1072536849 ],
					[ 29.0672407166, 41.1071322293 ],
					[ 29.0669420908, 41.1070054716 ],
					[ 29.066647457, 41.1068734815 ],
					[ 29.0663569724, 41.1067363289 ],
					[ 29.0660707968, 41.1065940906 ],
					[ 29.065789085, 41.1064468426 ],
					[ 29.0655119919, 41.1062946656 ],
					[ 29.0652396651, 41.1061376417 ],
					[ 29.0649722559, 41.1059758569 ],
					[ 29.0647099071, 41.1058093997 ],
					[ 29.0644527637, 41.1056383595 ],
					[ 29.0642009638, 41.1054628295 ],
					[ 29.0639546454, 41.1052829061 ],
					[ 29.0637139415, 41.1050986868 ],
					[ 29.063478984, 41.1049102718 ],
					[ 29.0632499001, 41.104717763 ],
					[ 29.0630268157, 41.1045212658 ],
					[ 29.0628098494, 41.1043208868 ],
					[ 29.062599121, 41.1041167358 ],
					[ 29.0623947445, 41.1039089226 ],
					[ 29.0621968326, 41.103697561 ],
					[ 29.0620054905, 41.1034827651 ],
					[ 29.0618208227, 41.1032646529 ],
					[ 29.061642931, 41.1030433432 ],
					[ 29.0614719112, 41.1028189549 ],
					[ 29.0613551631, 41.1025080728 ],
					[ 29.0612445708, 41.1021959062 ],
					[ 29.0611401594, 41.1018825239 ],
					[ 29.0610419517, 41.1015679954 ],
					[ 29.0609499691, 41.1012523929 ],
					[ 29.0608642332, 41.100935785 ],
					[ 29.0607847631, 41.100618244 ],
					[ 29.0607115757, 41.1002998392 ],
					[ 29.0606446876, 41.099980643 ],
					[ 29.0605841132, 41.0996607265 ],
					[ 29.0605298657, 41.0993401601 ],
					[ 29.0604819582, 41.0990190169 ],
					[ 29.0604404017, 41.0986973681 ],
					[ 29.0604052031, 41.0983752848 ],
					[ 29.0603763735, 41.0980528402 ],
					[ 29.0603539151, 41.0977301053 ],
					[ 29.0603378365, 41.0974071524 ],
					[ 29.0603281388, 41.0970840542 ],
					[ 29.0603248257, 41.0967608821 ],
					[ 29.0603278973, 41.0964377089 ],
					[ 29.0603373525, 41.0961146057 ],
					[ 29.0603531889, 41.0957916464 ],
					[ 29.060375403, 41.0954689021 ],
					[ 29.0604039901, 41.0951464439 ],
					[ 29.0604389445, 41.0948243463 ],
					[ 29.0604802565, 41.0945026788 ],
					[ 29.060527918, 41.0941815142 ],
					[ 29.0605819184, 41.0938609252 ],
					[ 29.0606422445, 41.0935409821 ],
					[ 29.0607088834, 41.0932217558 ],
					[ 29.0607818198, 41.0929033191 ],
					[ 29.0608610382, 41.0925857431 ],
					[ 29.0609465196, 41.0922690968 ],
					[ 29.0610382464, 41.0919534532 ],
					[ 29.061136196, 41.0916388812 ],
					[ 29.0612403483, 41.0913254528 ],
					[ 29.0613506784, 41.0910132353 ],
					[ 29.0614671626, 41.0907023004 ],
					[ 29.0615897748, 41.0903927174 ],
					[ 29.0617184879, 41.0900845553 ],
					[ 29.0618532709, 41.0897778822 ],
					[ 29.0619940967, 41.0894727673 ],
					[ 29.062140931, 41.0891692777 ],
					[ 29.0622937428, 41.0888674826 ],
					[ 29.0624524979, 41.0885674491 ],
					[ 29.0626171595, 41.0882692436 ],
					[ 29.062787691, 41.0879729324 ],
					[ 29.0629640544, 41.0876785827 ],
					[ 29.0631462118, 41.0873862589 ],
					[ 29.0633341206, 41.0870960274 ],
					[ 29.0635277394, 41.0868079526 ],
					[ 29.0637270243, 41.0865220989 ],
					[ 29.0639319327, 41.08623853 ],
					[ 29.0641424161, 41.0859573092 ],
					[ 29.0643584283, 41.0856784993 ],
					[ 29.0645799232, 41.0854021619 ],
					[ 29.0648068487, 41.0851283606 ],
					[ 29.0650391539, 41.0848571543 ],
					[ 29.065276789, 41.0845886047 ],
					[ 29.0655196997, 41.0843227716 ],
					[ 29.0657678315, 41.0840597141 ],
					[ 29.0660211289, 41.0837994911 ],
					[ 29.0662795362, 41.0835421606 ],
					[ 29.0665429955, 41.0832877806 ],
					[ 29.0662066629, 41.0831443408 ],
					[ 29.0658724906, 41.082998038 ],
					[ 29.0655405236, 41.0828488906 ],
					[ 29.0652108032, 41.0826969177 ],
					[ 29.0648833709, 41.0825421397 ],
					[ 29.0645582692, 41.0823845747 ],
					[ 29.0642355396, 41.082224244 ],
					[ 29.0639152222, 41.0820611676 ],
					[ 29.0635973572, 41.0818953666 ],
					[ 29.0632819873, 41.0817268613 ],
					[ 29.0629691524, 41.0815556744 ],
					[ 29.0626588905, 41.081381826 ],
					[ 29.0623512418, 41.0812053401 ],
					[ 29.0620462463, 41.0810262384 ],
					[ 29.0617439418, 41.0808445429 ],
					[ 29.0614443673, 41.0806602784 ],
					[ 29.0611475617, 41.0804734667 ],
					[ 29.0608535617, 41.0802841325 ],
					[ 29.0605624048, 41.0800923004 ],
					[ 29.060274129, 41.0798979932 ],
					[ 29.0599887695, 41.0797012375 ],
					[ 29.059706364, 41.0795020577 ],
					[ 29.059426948, 41.0793004786 ],
					[ 29.0591505567, 41.0790965256 ],
					[ 29.0588772254, 41.0788902271 ],
					[ 29.0586069895, 41.0786816066 ],
					[ 29.0583398832, 41.0784706915 ],
					[ 29.0580759393, 41.0782575092 ],
					[ 29.0578151932, 41.078042087 ],
					[ 29.0575576765, 41.077824452 ],
					[ 29.0573034234, 41.0776046308 ],
					[ 29.0570524657, 41.0773826534 ],
					[ 29.0568048338, 41.077158547 ],
					[ 29.0565605618, 41.0769323399 ],
					[ 29.056319679, 41.076704062 ],
					[ 29.0560822172, 41.0764737406 ],
					[ 29.0558482057, 41.0762414074 ],
					[ 29.0556176749, 41.0760070899 ],
					[ 29.055390653, 41.0757708188 ],
					[ 29.0551671705, 41.0755326241 ],
					[ 29.0549472554, 41.0752925359 ],
					[ 29.0547309347, 41.0750505858 ],
					[ 29.0545182365, 41.0748068028 ],
					[ 29.0543091877, 41.0745612198 ],
					[ 29.0541038151, 41.0743138675 ],
					[ 29.0539021456, 41.0740647768 ],
					[ 29.0537042027, 41.0738139802 ],
					[ 29.0535100143, 41.0735615088 ],
					[ 29.0533196025, 41.0733073959 ],
					[ 29.0531329931, 41.0730516725 ],
					[ 29.0529502093, 41.072794372 ],
					[ 29.0527712744, 41.0725355271 ],
					[ 29.0525962118, 41.0722751704 ],
					[ 29.0524250423, 41.0720133363 ],
					[ 29.0522577892, 41.0717500565 ],
					[ 29.0520944722, 41.0714853655 ],
					[ 29.0519351135, 41.0712192959 ],
					[ 29.0517797326, 41.0709518837 ],
					[ 29.0516283494, 41.0706831608 ],
					[ 29.0514809823, 41.0704131625 ],
					[ 29.0513376521, 41.070141923 ],
					[ 29.0511983751, 41.0698694769 ],
					[ 29.0510631697, 41.0695958584 ],
					[ 29.050932052, 41.0693211028 ],
					[ 29.0508050405, 41.0690452455 ],
					[ 29.0506821513, 41.0687683207 ],
					[ 29.0505633982, 41.0684903647 ],
					[ 29.0504487972, 41.0682114117 ],
					[ 29.050338362, 41.0679314989 ],
					[ 29.0502321088, 41.0676506597 ],
					[ 29.0501300489, 41.0673689319 ],
					[ 29.050032196, 41.0670863501 ],
					[ 29.0499385638, 41.0668029502 ],
					[ 29.0498491612, 41.0665187693 ],
					[ 29.049764002, 41.0662338426 ],
					[ 29.0496830963, 41.0659482072 ],
					[ 29.0496064542, 41.0656618992 ],
					[ 29.0495340859, 41.0653749546 ],
					[ 29.0494660002, 41.0650874104 ],
					[ 29.049402205, 41.0647993038 ],
					[ 29.0493427092, 41.0645106697 ],
					[ 29.0492875204, 41.0642215463 ],
					[ 29.0492366453, 41.0639319703 ],
					[ 29.0491900893, 41.0636419779 ],
					[ 29.04914786, 41.063351607 ],
					[ 29.0491099628, 41.0630608936 ],
					[ 29.0490764007, 41.0627698747 ],
					[ 29.0490471791, 41.0624785882 ],
					[ 29.0490223022, 41.06218707 ],
					[ 29.0490017716, 41.0618953581 ],
					[ 29.0489855904, 41.0616034903 ],
					[ 29.0489737616, 41.0613115017 ],
					[ 29.0489662858, 41.061019432 ],
					[ 29.0489631635, 41.0607273163 ],
					[ 29.0489643954, 41.0604351923 ],
					[ 29.0489699821, 41.060143098 ],
					[ 29.0489799217, 41.0598510693 ],
					[ 29.0489942125, 41.059559144 ],
					[ 29.0490128551, 41.05926736 ],
					[ 29.0490358441, 41.0589757531 ],
					[ 29.0490631777, 41.0586843614 ],
					[ 29.0490948531, 41.0583932215 ],
					[ 29.049130866, 41.0581023704 ],
					[ 29.049171211, 41.0578118459 ],
					[ 29.0492158829, 41.0575216839 ],
					[ 29.0492648762, 41.0572319222 ],
					[ 29.0493181845, 41.0569425967 ],
					[ 29.0493758024, 41.0566537453 ],
					[ 29.0494377198, 41.0563654048 ],
					[ 29.0495039314, 41.0560776101 ],
					[ 29.049574427, 41.0557904 ],
					[ 29.049649199, 41.0555038095 ],
					[ 29.049728236, 41.0552178764 ],
					[ 29.0498115292, 41.0549326364 ],
					[ 29.0498990672, 41.0546481256 ],
					[ 29.0499908401, 41.0543643799 ],
					[ 29.0500868352, 41.054081437 ],
					[ 29.0501870391, 41.053799331 ],
					[ 29.0502914415, 41.0535180987 ],
					[ 29.0504000265, 41.0532377759 ],
					[ 29.0505127828, 41.0529583978 ],
					[ 29.0506296943, 41.052680001 ],
					[ 29.0507507463, 41.0524026197 ],
					[ 29.050875924, 41.0521262897 ],
					[ 29.05100521, 41.0518510469 ],
					[ 29.0511385896, 41.0515769245 ],
					[ 29.0512760444, 41.0513039592 ],
					[ 29.0514175572, 41.0510321851 ],
					[ 29.0512466669, 41.0510020183 ],
					[ 29.0510766035, 41.0509692836 ],
					[ 29.0509074346, 41.0509339935 ],
					[ 29.0507392254, 41.0508961636 ],
					[ 29.0505720447, 41.0508558073 ],
					[ 29.0504059577, 41.0508129412 ],
					[ 29.0502410297, 41.050767583 ],
					[ 29.0500773269, 41.0507197485 ],
					[ 29.0499149145, 41.0506694591 ],
					[ 29.0497538542, 41.0506167332 ],
					[ 29.0495942134, 41.050561593 ],
					[ 29.0494360525, 41.0505040588 ],
					[ 29.0492794343, 41.0504441536 ],
					[ 29.0491244225, 41.0503819023 ],
					[ 29.0489710776, 41.050317328 ],
					[ 29.0488194587, 41.0502504581 ],
					[ 29.0486696284, 41.0501813174 ],
					[ 29.0485216458, 41.0501099335 ],
					[ 29.0483755676, 41.0500363356 ],
					[ 29.0482314517, 41.0499605522 ],
					[ 29.0480893571, 41.0498826125 ],
					[ 29.0479493393, 41.0498025495 ],
					[ 29.0478114526, 41.0497203924 ],
					[ 29.0476757523, 41.0496361759 ],
					[ 29.0475422928, 41.049549932 ],
					[ 29.0474111259, 41.0494616952 ],
					[ 29.0472823046, 41.0493715013 ],
					[ 29.0471558783, 41.0492793839 ],
					[ 29.0470318977, 41.0491853812 ],
					[ 29.0469104121, 41.0490895297 ],
					[ 29.0467914711, 41.0489918685 ],
					[ 29.0466751192, 41.0488924341 ],
					[ 29.0465614022, 41.0487912673 ],
					[ 29.0464503683, 41.048688409 ],
					[ 29.0463420586, 41.0485838975 ],
					[ 29.0462365165, 41.0484777762 ],
					[ 29.0461337854, 41.0483700862 ],
					[ 29.0460339038, 41.04826087 ],
					[ 29.0459369117, 41.0481501721 ],
					[ 29.0458428487, 41.0480380343 ],
					[ 29.04575175, 41.0479245027 ],
					[ 29.0456636542, 41.047809621 ],
					[ 29.0455785937, 41.0476934362 ],
					[ 29.0454966038, 41.0475759927 ],
					[ 29.0454177169, 41.0474573377 ],
					[ 29.0453419633, 41.0473375182 ],
					[ 29.0452693733, 41.0472165813 ],
					[ 29.0451999747, 41.0470945758 ],
					[ 29.0451337965, 41.0469715489 ],
					[ 29.0450708653, 41.0468475494 ],
					[ 29.0450112043, 41.046722627 ],
					[ 29.0449548375, 41.0465968305 ],
					[ 29.044901787, 41.0464702105 ],
					[ 29.0448520746, 41.0463428159 ],
					[ 29.0448057197, 41.0462146981 ],
					[ 29.0447627406, 41.0460859078 ],
					[ 29.0447231545, 41.0459564954 ],
					[ 29.0446869759, 41.0458265125 ],
					[ 29.0446542208, 41.0456960105 ],
					[ 29.0446249004, 41.0455650408 ],
					[ 29.044599028, 41.0454336557 ],
					[ 29.0445766126, 41.0453019068 ],
					[ 29.0445576639, 41.045169847 ],
					[ 29.0445421884, 41.0450375271 ],
					[ 29.0441955338, 41.0450663416 ],
					[ 29.0438480051, 41.0450883081 ],
					[ 29.0434998381, 41.0451034104 ],
					[ 29.0431512699, 41.045111639 ],
					[ 29.0428025372, 41.0451129893 ],
					[ 29.0424538758, 41.0451074581 ],
					[ 29.0421055234, 41.0450950508 ],
					[ 29.0417577168, 41.0450757758 ],
					[ 29.0414106914, 41.0450496457 ],
					[ 29.0410646838, 41.045016678 ],
					[ 29.0407199279, 41.0449768961 ],
					[ 29.040376659, 41.0449303263 ],
					[ 29.0400351099, 41.0448769995 ],
					[ 29.039695512, 41.0448169535 ],
					[ 29.0393580969, 41.0447502281 ],
					[ 29.0390230933, 41.0446768694 ],
					[ 29.038690728, 41.0445969262 ],
					[ 29.0383612285, 41.0445104534 ],
					[ 29.0380348165, 41.0444175096 ],
					[ 29.0377117159, 41.0443181581 ],
					[ 29.0373921447, 41.0442124654 ],
					[ 29.0370763196, 41.0441005046 ],
					[ 29.036764457, 41.0439823522 ],
					[ 29.0364567665, 41.0438580865 ],
					[ 29.0361534574, 41.0437277931 ],
					[ 29.0358547366, 41.0435915602 ],
					[ 29.0355608074, 41.0434494804 ],
					[ 29.0352718681, 41.043301651 ],
					[ 29.0349881149, 41.0431481707 ],
					[ 29.0347097412, 41.0429891449 ],
					[ 29.0344369357, 41.0428246815 ],
					[ 29.0341698849, 41.0426548917 ],
					[ 29.0339600793, 41.0425150112 ],
					[ 29.0337541796, 41.0423718432 ],
					[ 29.0335522752, 41.0422254495 ],
					[ 29.0333544545, 41.0420758942 ],
					[ 29.0331608032, 41.0419232435 ],
					[ 29.0329714073, 41.0417675631 ],
					[ 29.0327863477, 41.0416089222 ],
					[ 29.0326057056, 41.041447388 ],
					[ 29.0324295607, 41.0412830324 ],
					[ 29.0322579894, 41.0411159271 ],
					[ 29.0320910654, 41.040946144 ],
					[ 29.0319288637, 41.0407737585 ],
					[ 29.0317714522, 41.0405988458 ],
					[ 29.0316189023, 41.0404214813 ],
					[ 29.0314712783, 41.0402417422 ],
					[ 29.0313286468, 41.0400597081 ],
					[ 29.0311910684, 41.0398754581 ],
					[ 29.0310586038, 41.0396890718 ],
					[ 29.0309313112, 41.0395006318 ],
					[ 29.030809244, 41.0393102194 ],
					[ 29.0306924582, 41.0391179182 ],
					[ 29.0305810023, 41.0389238121 ],
					[ 29.0304749262, 41.0387279854 ],
					[ 29.0303742762, 41.0385305231 ],
					[ 29.0302790963, 41.038331513 ],
					[ 29.0301894266, 41.03813104 ],
					[ 29.0301053075, 41.0379291937 ],
					[ 29.0300267757, 41.0377260608 ],
					[ 29.0299538644, 41.0375217299 ],
					[ 29.0298866067, 41.0373162903 ],
					[ 29.0298250308, 41.0371098315 ],
					[ 29.0297691641, 41.0369024446 ],
					[ 29.0293844289, 41.0368808801 ],
					[ 29.0289994889, 41.0368615312 ],
					[ 29.0286143667, 41.0368443973 ],
					[ 29.0282290825, 41.0368294803 ],
					[ 29.0278436612, 41.0368167813 ],
					[ 29.0274581218, 41.0368063015 ],
					[ 29.0270724892, 41.03679804 ],
					[ 29.0266867859, 41.0367919981 ],
					[ 29.0263010322, 41.0367881767 ],
					[ 29.0259152517, 41.0367865752 ],
					[ 29.0255294658, 41.0367871937 ],
					[ 29.0251436972, 41.0367900325 ],
					[ 29.0247579683, 41.0367950917 ],
					[ 29.0243723016, 41.0368023707 ],
					[ 29.0239867187, 41.0368118686 ],
					[ 29.0236012432, 41.0368235857 ],
					[ 29.0232158953, 41.0368375204 ],
					[ 29.0228306988, 41.0368536729 ],
					[ 29.0224456763, 41.0368720415 ],
					[ 29.0220608479, 41.0368926256 ],
					[ 29.0216762374, 41.0369154236 ],
					[ 29.0212918673, 41.0369404346 ],
					[ 29.0209077592, 41.0369676563 ],
					[ 29.0205239354, 41.0369970888 ],
					[ 29.0201404176, 41.0370287287 ],
					[ 29.0197572281, 41.0370625753 ],
					[ 29.0193743897, 41.0370986261 ],
					[ 29.0189919236, 41.0371368786 ],
					[ 29.0186098526, 41.037177332 ],
					[ 29.0182281992, 41.037219983 ],
					[ 29.0178469835, 41.0372648281 ],
					[ 29.0174662295, 41.0373118666 ],
					[ 29.0170859584, 41.0373610952 ],
					[ 29.0167061918, 41.0374125113 ],
					[ 29.0163269522, 41.0374661106 ],
					[ 29.015948261, 41.0375218915 ],
					[ 29.0139288156, 41.0379252655 ],
					[ 29.0117004244, 41.0386169904 ],
					[ 29.0101820807, 41.039151915 ],
					[ 29.009136352, 41.0396432356 ],
					[ 29.0084381192, 41.04004224 ],
					[ 29.0079945589, 41.0403878017 ],
					[ 29.00770823, 41.0406532279 ],
					[ 29.0073618374, 41.0410405055 ],
					[ 29.0072689378, 41.0407230958 ],
					[ 29.0071251959, 41.040447376 ],
					[ 29.0068335677, 41.0400284229 ],
					[ 29.006308034, 41.0394044648 ],
					[ 29.0057499728, 41.038851696 ],
					[ 29.0038538262, 41.0373105763 ],
					[ 28.9980706685, 41.0327726778 ],
					[ 28.9976165594, 41.0323945469 ],
					[ 28.997159135, 41.0320187167 ],
					[ 28.9966984154, 41.0316452024 ],
					[ 28.9962344204, 41.0312740224 ],
					[ 28.9957671725, 41.030905191 ],
					[ 28.9952966915, 41.0305387266 ],
					[ 28.9948229987, 41.0301746454 ],
					[ 28.9943461141, 41.029812962 ],
					[ 28.9938660611, 41.0294536936 ],
					[ 28.9933828585, 41.0290968557 ],
					[ 28.9928965288, 41.0287424637 ],
					[ 28.9924070942, 41.028390535 ],
					[ 28.991914576, 41.0280410831 ],
					[ 28.9914189964, 41.0276941254 ],
					[ 28.9909203778, 41.0273496754 ],
					[ 28.9904187402, 41.0270077505 ],
					[ 28.9899141083, 41.0266683643 ],
					[ 28.9894065044, 41.0263315323 ],
					[ 28.9888959498, 41.02599727 ],
					[ 28.9883824667, 41.0256655909 ],
					[ 28.9878660812, 41.0253365115 ],
					[ 28.9873468119, 41.0250100446 ],
					[ 28.986824686, 41.0246862056 ],
					[ 28.9862997234, 41.0243650091 ],
					[ 28.9857719489, 41.0240464688 ],
					[ 28.985241386, 41.0237305992 ],
					[ 28.9847080583, 41.023417415 ],
					[ 28.9841719893, 41.0231069279 ],
					[ 28.9836332038, 41.0227991545 ],
					[ 28.983091724, 41.0224941055 ],
					[ 28.9825475747, 41.0221917967 ],
					[ 28.9820007795, 41.0218922406 ],
					[ 28.9814513643, 41.021595451 ],
					[ 28.9808993513, 41.0213014408 ],
					[ 28.9803447679, 41.0210102226 ],
					[ 28.9793536199, 41.0203618892 ],
					[ 28.9788296362, 41.0200191306 ],
					[ 28.9783991371, 41.0197375197 ],
					[ 28.977750547, 41.0193132368 ],
					[ 28.9767738171, 41.0186742809 ],
					[ 28.9758723499, 41.0180845409 ],
					[ 28.9751598563, 41.0175457041 ]
				]
			},
			"properties" : {
				"ISIM_HAT" : "Boğazdan Geliş-Boğaza Gidiş",
				"TUR_HAT" : "Şehir Hatları",
				"HAT_ROTA" : "Beykoz-Paşabahçe-Çubuklu-Anadolu Hisarı-Çengelköy-Beylerbeyi-Kuzguncuk-Beşiktaş-Eminönü"
			}
		},
		{
			"type" : "Feature",
			"geometry" : {
				"type" : "LineString",
				"coordinates" : [
					[ 29.0514175572, 41.0510321851 ],
					[ 29.0512466669, 41.0510020183 ],
					[ 29.0510766035, 41.0509692836 ],
					[ 29.0509074346, 41.0509339935 ],
					[ 29.0507392254, 41.0508961636 ],
					[ 29.0505720447, 41.0508558073 ],
					[ 29.0504059577, 41.0508129412 ],
					[ 29.0502410297, 41.050767583 ],
					[ 29.0500773269, 41.0507197485 ],
					[ 29.0499149145, 41.0506694591 ],
					[ 29.0497538542, 41.0506167341 ],
					[ 29.0495942134, 41.050561593 ],
					[ 29.0494360513, 41.0505040587 ],
					[ 29.0492794343, 41.0504441536 ],
					[ 29.0491244225, 41.0503819023 ],
					[ 29.0489710765, 41.050317328 ],
					[ 29.0488194587, 41.0502504581 ],
					[ 29.0486696284, 41.0501813174 ],
					[ 29.0485216458, 41.0501099335 ],
					[ 29.0483755676, 41.0500363356 ],
					[ 29.0482314517, 41.0499605522 ],
					[ 29.0480893571, 41.0498826125 ],
					[ 29.0479493393, 41.0498025495 ],
					[ 29.0478114526, 41.0497203933 ],
					[ 29.0476757523, 41.0496361759 ],
					[ 29.0475422928, 41.049549932 ],
					[ 29.0474111259, 41.0494616952 ],
					[ 29.0472823046, 41.0493715013 ],
					[ 29.0471558783, 41.0492793839 ],
					[ 29.0470318977, 41.0491853812 ],
					[ 29.0469104121, 41.0490895297 ],
					[ 29.0467914711, 41.0489918685 ],
					[ 29.046675118, 41.0488924341 ],
					[ 29.0465614022, 41.0487912673 ],
					[ 29.0464503683, 41.048688409 ],
					[ 29.0463420586, 41.0485838975 ],
					[ 29.0462365165, 41.0484777762 ],
					[ 29.0461337854, 41.0483700862 ],
					[ 29.0460339038, 41.04826087 ],
					[ 29.0459369117, 41.0481501721 ],
					[ 29.0458428487, 41.0480380343 ],
					[ 29.04575175, 41.0479245027 ],
					[ 29.0456636542, 41.047809621 ],
					[ 29.0455785937, 41.0476934362 ],
					[ 29.0454966038, 41.0475759927 ],
					[ 29.0454177169, 41.0474573377 ],
					[ 29.0453419633, 41.0473375182 ],
					[ 29.0452693733, 41.0472165822 ],
					[ 29.0451999747, 41.0470945758 ],
					[ 29.0451337965, 41.0469715489 ],
					[ 29.0450708653, 41.0468475494 ],
					[ 29.0450112043, 41.046722627 ],
					[ 29.0449548375, 41.0465968305 ],
					[ 29.044901787, 41.0464702105 ],
					[ 29.0448520746, 41.0463428159 ],
					[ 29.0448057197, 41.0462146981 ],
					[ 29.0447627406, 41.0460859078 ],
					[ 29.0447231545, 41.0459564954 ],
					[ 29.0446869759, 41.0458265125 ],
					[ 29.0446542208, 41.0456960105 ],
					[ 29.0446249004, 41.0455650408 ],
					[ 29.044599028, 41.0454336557 ],
					[ 29.0445766126, 41.0453019068 ],
					[ 29.0445576639, 41.045169847 ],
					[ 29.0445421884, 41.0450375271 ],
					[ 29.0442407285, 41.04504156 ],
					[ 29.0439392296, 41.0450433559 ],
					[ 29.0436377237, 41.0450429153 ],
					[ 29.0433362372, 41.0450402382 ],
					[ 29.0430347998, 41.045035324 ],
					[ 29.0427334401, 41.0450281748 ],
					[ 29.0424321877, 41.04501879 ],
					[ 29.0421310713, 41.0450071705 ],
					[ 29.0418301206, 41.0449933186 ],
					[ 29.041529363, 41.0449772344 ],
					[ 29.0412288282, 41.0449589191 ],
					[ 29.0409285448, 41.0449383765 ],
					[ 29.0406285413, 41.044915606 ],
					[ 29.0403288474, 41.0448906123 ],
					[ 29.0400294917, 41.0448633956 ],
					[ 29.0397305028, 41.0448339599 ],
					[ 29.0394319102, 41.044802308 ],
					[ 29.0391337403, 41.0447684419 ],
					[ 29.0388360239, 41.0447323656 ],
					[ 29.0385387895, 41.0446940829 ],
					[ 29.0382420645, 41.0446535967 ],
					[ 29.0379458773, 41.0446109108 ],
					[ 29.0376502577, 41.04456603 ],
					[ 29.037355233, 41.0445189591 ],
					[ 29.0370608317, 41.044469701 ],
					[ 29.0367670835, 41.0444182622 ],
					[ 29.0364740145, 41.0443646456 ],
					[ 29.0361816532, 41.0443088579 ],
					[ 29.0358900292, 41.0442509047 ],
					[ 29.0355991688, 41.0441907897 ],
					[ 29.0353091004, 41.0441285205 ],
					[ 29.0350198536, 41.0440641027 ],
					[ 29.0347606075, 41.0440043774 ],
					[ 29.0345020674, 41.0439429258 ],
					[ 29.0342442523, 41.0438797526 ],
					[ 29.0339871811, 41.0438148626 ],
					[ 29.0337308764, 41.0437482613 ],
					[ 29.033475356, 41.0436799534 ],
					[ 29.03322064, 41.0436099453 ],
					[ 29.0329667486, 41.0435382409 ],
					[ 29.032713702, 41.0434648465 ],
					[ 29.0324615191, 41.0433897688 ],
					[ 29.0322102188, 41.0433130113 ],
					[ 29.0319598225, 41.0432345816 ],
					[ 29.031710348, 41.0431544861 ],
					[ 29.0314618154, 41.0430727295 ],
					[ 29.0312142425, 41.04298932 ],
					[ 29.0309676505, 41.0429042622 ],
					[ 29.0306728559, 41.0427999542 ],
					[ 29.0303795347, 41.0426932914 ],
					[ 29.0300877212, 41.0425842868 ],
					[ 29.0297974461, 41.0424729515 ],
					[ 29.0294805936, 41.0423174142 ],
					[ 29.0291610313, 41.0421650903 ],
					[ 29.0288388147, 41.0420160072 ],
					[ 29.0285140017, 41.0418701897 ],
					[ 29.0281866489, 41.0417276653 ],
					[ 29.0278568166, 41.0415884588 ],
					[ 29.0275245615, 41.041452595 ],
					[ 29.0271899439, 41.0413200986 ],
					[ 29.0268847263, 41.0412029588 ],
					[ 29.0265776632, 41.0410886211 ],
					[ 29.0262687971, 41.0409771009 ],
					[ 29.0259581742, 41.040868415 ],
					[ 29.0256458405, 41.040762579 ],
					[ 29.0253318398, 41.0406596085 ],
					[ 29.0250162194, 41.0405595193 ],
					[ 29.0246990255, 41.0404623243 ],
					[ 29.0243570537, 41.0403612926 ],
					[ 29.0240133825, 41.0402636267 ],
					[ 29.0236680677, 41.0401693413 ],
					[ 29.0233211694, 41.0400784542 ],
					[ 29.0229727433, 41.0399909792 ],
					[ 29.0226228487, 41.0399069314 ],
					[ 29.022271546, 41.0398263254 ],
					[ 29.021918893, 41.0397491746 ],
					[ 29.0215649492, 41.0396754919 ],
					[ 29.0212097725, 41.0396052887 ],
					[ 29.0208534257, 41.039538578 ],
					[ 29.0204959668, 41.0394753712 ],
					[ 29.0201374552, 41.0394156777 ],
					[ 29.0197779525, 41.0393595081 ],
					[ 29.0194175191, 41.0393068726 ],
					[ 29.0190562142, 41.039257779 ],
					[ 29.0186380814, 41.0392055161 ],
					[ 29.0182189619, 41.0391579977 ],
					[ 29.0177989505, 41.0391152334 ],
					[ 29.0173781409, 41.039077234 ],
					[ 29.0169566282, 41.0390440076 ],
					[ 29.016534506, 41.039015562 ],
					[ 29.0161118682, 41.0389919017 ],
					[ 29.0156888119, 41.0389730347 ],
					[ 29.0152654288, 41.0389589627 ],
					[ 29.0148418149, 41.0389496911 ],
					[ 29.0144180665, 41.0389452205 ],
					[ 29.0139942762, 41.0389455528 ],
					[ 29.0135705403, 41.0389506869 ],
					[ 29.0131469526, 41.0389606219 ],
					[ 29.0130871073, 41.03896535 ],
					[ 29.0128862959, 41.0389833335 ],
					[ 29.0126860322, 41.0390045377 ],
					[ 29.0124864077, 41.0390289527 ],
					[ 29.012287513, 41.0390565673 ],
					[ 29.0120894351, 41.0390873699 ],
					[ 29.0118922656, 41.0391213459 ],
					[ 29.0116960905, 41.0391584807 ],
					[ 29.0115010003, 41.0391987562 ],
					[ 29.0113070821, 41.0392421561 ],
					[ 29.011114423, 41.0392886603 ],
					[ 29.01092311, 41.0393382471 ],
					[ 29.010733228, 41.0393908948 ],
					[ 29.010544864, 41.0394465798 ],
					[ 29.0103581018, 41.0395052767 ],
					[ 29.0101730248, 41.0395669592 ],
					[ 29.0099897179, 41.0396316002 ],
					[ 29.0098082625, 41.0396991697 ],
					[ 29.0096287397, 41.0397696378 ],
					[ 29.0094512311, 41.039842972 ],
					[ 29.0092758166, 41.0399191413 ],
					[ 29.0091025753, 41.0399981087 ],
					[ 29.0089315838, 41.0400798415 ],
					[ 29.00876292, 41.0401643008 ],
					[ 29.0085966605, 41.0402514495 ],
					[ 29.0084328785, 41.0403412485 ],
					[ 29.0082716483, 41.0404336571 ],
					[ 29.008113043, 41.0405286345 ],
					[ 29.0079571335, 41.0406261363 ],
					[ 29.0078039905, 41.0407261199 ],
					[ 29.0076536814, 41.0408285408 ],
					[ 29.0075062746, 41.0409333511 ],
					[ 29.0073618374, 41.0410405055 ],
					[ 29.00698263, 41.0406201123 ],
					[ 29.0065988234, 41.0402021202 ],
					[ 29.0062104444, 41.0397865572 ],
					[ 29.0058175201, 41.0393734525 ],
					[ 29.0054200775, 41.038962834 ],
					[ 29.0050181434, 41.0385547317 ],
					[ 29.0046117473, 41.038149172 ],
					[ 29.0042009161, 41.0377461837 ],
					[ 29.0037856779, 41.0373457941 ],
					[ 29.0033660621, 41.0369480314 ],
					[ 29.0029420981, 41.0365529227 ],
					[ 29.0025138152, 41.0361604962 ],
					[ 29.0020812415, 41.0357707772 ],
					[ 29.0016444088, 41.0353837949 ],
					[ 29.0012033465, 41.0349995737 ],
					[ 29.0007580849, 41.0346181418 ],
					[ 29.0003890656, 41.0343068015 ],
					[ 29.0000172487, 41.033997377 ],
					[ 28.9996426509, 41.0336898821 ],
					[ 28.9992652909, 41.0333843312 ],
					[ 28.9988851863, 41.0330807388 ],
					[ 28.9985023548, 41.0327791196 ],
					[ 28.9981168128, 41.0324794863 ],
					[ 28.9977285803, 41.0321818542 ],
					[ 28.9972720083, 41.0318369718 ],
					[ 28.9968118233, 41.0314948555 ],
					[ 28.9963480537, 41.0311555282 ],
					[ 28.9958807287, 41.0308190117 ],
					[ 28.9954117615, 41.0304505898 ],
					[ 28.994939323, 41.0300847218 ],
					[ 28.9944634355, 41.0297214277 ],
					[ 28.9939841249, 41.0293607265 ],
					[ 28.9935014159, 41.0290026354 ],
					[ 28.9930153321, 41.0286471728 ],
					[ 28.9925258991, 41.0282943586 ],
					[ 28.9920331431, 41.0279442091 ],
					[ 28.9915370874, 41.0275967434 ],
					[ 28.9910377591, 41.0272519789 ],
					[ 28.9905351829, 41.0269099337 ],
					[ 28.9900293859, 41.0265706252 ],
					[ 28.989520394, 41.0262340697 ],
					[ 28.9890082318, 41.0259002862 ],
					[ 28.9884929264, 41.0255692904 ],
					[ 28.987974505, 41.0252411004 ],
					[ 28.9874529933, 41.0249157317 ],
					[ 28.9869284196, 41.0245932025 ],
					[ 28.9864008087, 41.0242735293 ],
					[ 28.9858701899, 41.0239567265 ],
					[ 28.985336588, 41.0236428125 ],
					[ 28.9848000336, 41.0233318028 ],
					[ 28.9842605514, 41.0230237136 ],
					[ 28.9837181697, 41.0227185598 ],
					[ 28.9831729178, 41.0224163576 ],
					[ 28.982624823, 41.0221171226 ],
					[ 28.9820739122, 41.0218208702 ],
					[ 28.9815202162, 41.0215276153 ],
					[ 28.9809637619, 41.0212373731 ],
					[ 28.9804045776, 41.0209501584 ],
					[ 28.9798426917, 41.0206659867 ],
					[ 28.9793420121, 41.0203505291 ],
					[ 28.9788083154, 41.0200271537 ],
					[ 28.9782358155, 41.019670672 ],
					[ 28.9777062002, 41.0193383926 ],
					[ 28.9771919922, 41.0190270944 ],
					[ 28.9767325072, 41.0187371251 ],
					[ 28.9762115495, 41.0183722495 ],
					[ 28.9758493617, 41.0181181076 ],
					[ 28.9755185104, 41.0178600382 ],
					[ 28.9751598563, 41.0175457041 ]
				]
			},
			"properties" : {
				"ISIM_HAT" : "Boğazdan Geliş-Boğaza Gidiş",
				"TUR_HAT" : "Şehir Hatları",
				"HAT_ROTA" : "Eminönü-Beşiktaş-Beylerbeyi-Çengelköy"
			}
		},
		{
			"type" : "Feature",
			"geometry" : {
				"type" : "LineString",
				"coordinates" : [
					[ 29.0903133276, 41.134311015 ],
					[ 29.0920238592, 41.1300599071 ],
					[ 29.0930826271, 41.1256891344 ],
					[ 29.0934759738, 41.1212556125 ],
					[ 29.0931989132, 41.1168170637 ],
					[ 29.0906179775, 41.1169319638 ],
					[ 29.088073405, 41.1165858713 ],
					[ 29.0857071665, 41.115798096 ],
					[ 29.083651274, 41.1146125911 ],
					[ 29.0820204062, 41.113095496 ],
					[ 29.0809055115, 41.1113314452 ],
					[ 29.0803687393, 41.1094188436 ],
					[ 29.0804399779, 41.1074643711 ],
					[ 29.0802884091, 41.1075171439 ],
					[ 29.0801502829, 41.1075652353 ],
					[ 29.0799185247, 41.1076459271 ],
					[ 29.0796624196, 41.107715354 ],
					[ 29.0794379081, 41.1077778843 ],
					[ 29.0791157969, 41.1078372525 ],
					[ 29.0785543896, 41.1078899409 ],
					[ 29.0777857505, 41.1078957024 ],
					[ 29.0772834921, 41.1078857254 ],
					[ 29.0767184777, 41.1078585654 ],
					[ 29.072971803, 41.1076020973 ],
					[ 29.0693774165, 41.1067766777 ],
					[ 29.0660945697, 41.1053958022 ],
					[ 29.0639928538, 41.1040808571 ],
					[ 29.0621834211, 41.1025371477 ],
					[ 29.0607092755, 41.1008013822 ],
					[ 29.0596054384, 41.0989148308 ],
					[ 29.0588615921, 41.0967699682 ],
					[ 29.0585962042, 41.0945616286 ],
					[ 29.0588165144, 41.0923504544 ],
					[ 29.0595164261, 41.0901971578 ],
					[ 29.060676678, 41.0881608564 ],
					[ 29.0622653764, 41.0862974514 ],
					[ 29.0642388812, 41.0846580944 ],
					[ 29.0665429955, 41.0832877806 ],
					[ 29.0634932795, 41.0824003324 ],
					[ 29.0605983997, 41.0812538721 ],
					[ 29.0578966267, 41.0798635598 ],
					[ 29.0554236702, 41.0782477788 ],
					[ 29.0532122103, 41.0764278924 ],
					[ 29.0512914596, 41.0744279606 ],
					[ 29.049686783, 41.0722744232 ],
					[ 29.0484193589, 41.0699957444 ],
					[ 29.0475059024, 41.0676220417 ],
					[ 29.0469584478, 41.0651846859 ],
					[ 29.046784188, 41.0627158826 ],
					[ 29.0469853823, 41.0602482524 ],
					[ 29.0475593318, 41.0578143956 ],
					[ 29.0484984136, 41.0554464621 ],
					[ 29.0497901881, 41.0531757287 ],
					[ 29.0514175572, 41.0510321851 ],
					[ 29.0488184837, 41.0503541607 ],
					[ 29.0487578025, 41.0503383299 ],
					[ 29.0487054842, 41.0503129351 ],
					[ 29.0486558839, 41.0502824996 ],
					[ 29.0466180943, 41.0490320444 ],
					[ 29.0465432352, 41.0489780309 ],
					[ 29.046472024, 41.0488998068 ],
					[ 29.0452057586, 41.0473018354 ],
					[ 29.0450969544, 41.0471645246 ],
					[ 29.045046379, 41.0470109553 ],
					[ 29.0445421884, 41.0450375271 ],
					[ 29.0397818457, 41.0434161639 ],
					[ 29.0348735738, 41.0420714102 ],
					[ 29.0329382383, 41.0416880056 ],
					[ 29.0325147434, 41.0415942712 ],
					[ 29.0320904075, 41.0415027441 ],
					[ 29.0316652506, 41.0414134299 ],
					[ 29.0312392941, 41.0413263306 ],
					[ 29.0305568123, 41.0411917206 ],
					[ 29.0298724195, 41.0410628001 ],
					[ 29.0294078289, 41.0409787202 ],
					[ 29.0289424244, 41.0408972618 ],
					[ 29.028476232, 41.0408184296 ],
					[ 29.0280092789, 41.0407422274 ],
					[ 29.0275415888, 41.0406686607 ],
					[ 29.027073189, 41.0405977325 ],
					[ 29.0266041055, 41.0405294467 ],
					[ 29.0261343631, 41.0404638078 ],
					[ 29.0256238872, 41.0403955752 ],
					[ 29.0251127002, 41.0403304678 ],
					[ 29.0246008353, 41.0402684905 ],
					[ 29.0240883257, 41.040209647 ],
					[ 29.0235752058, 41.0401539404 ],
					[ 29.0230615087, 41.0401013755 ],
					[ 29.0225472676, 41.0400519552 ],
					[ 29.0220325169, 41.0400056826 ],
					[ 29.0215172885, 41.0399625605 ],
					[ 29.0210016181, 41.0399225929 ],
					[ 29.0204855376, 41.039885781 ],
					[ 29.0199690814, 41.0398521276 ],
					[ 29.0194522839, 41.0398216351 ],
					[ 29.018935177, 41.0397943062 ],
					[ 29.0184177965, 41.0397701413 ],
					[ 29.0179001742, 41.0397491424 ],
					[ 29.01740803, 41.0397321215 ],
					[ 29.016915728, 41.0397179622 ],
					[ 29.0164232957, 41.0397066659 ],
					[ 29.015930765, 41.0396982336 ],
					[ 29.015438162, 41.0396926646 ],
					[ 29.0149455176, 41.0396899611 ],
					[ 29.0144528614, 41.0396901224 ],
					[ 29.0139602207, 41.0396931479 ],
					[ 29.0135436372, 41.0396979424 ],
					[ 29.0131271028, 41.0397047852 ],
					[ 29.0127106364, 41.0397136756 ],
					[ 29.0122942557, 41.0397246147 ],
					[ 29.0121393851, 41.0397235123 ],
					[ 29.0119845106, 41.0397243403 ],
					[ 29.0118296762, 41.0397270989 ],
					[ 29.0116749223, 41.0397317858 ],
					[ 29.0114114582, 41.0397442167 ],
					[ 29.0111485597, 41.039762239 ],
					[ 29.0108864315, 41.0397858384 ],
					[ 29.0106252806, 41.039814995 ],
					[ 29.01036607, 41.0398495774 ],
					[ 29.0101082386, 41.0398896359 ],
					[ 29.009851988, 41.0399351388 ],
					[ 29.0095975182, 41.0399860501 ],
					[ 29.009447366, 41.0400188187 ],
					[ 29.0092979524, 41.0400534708 ],
					[ 29.0091460988, 41.0401049805 ],
					[ 29.0089960767, 41.040159479 ],
					[ 29.0088838379, 41.0402026802 ],
					[ 29.0087727512, 41.0402475553 ],
					[ 29.0086628585, 41.0402940856 ],
					[ 29.008554204, 41.0403422536 ],
					[ 29.0084468298, 41.0403920407 ],
					[ 29.0083407764, 41.0404434256 ],
					[ 29.0082360882, 41.0404963907 ],
					[ 29.0081328047, 41.040550913 ],
					[ 29.0080309656, 41.040606973 ],
					[ 29.0079306127, 41.0406645476 ],
					[ 29.0078317833, 41.0407236146 ],
					[ 29.007734517, 41.040784151 ],
					[ 29.0076388521, 41.0408461329 ],
					[ 29.0075448271, 41.0409095352 ],
					[ 29.0074524756, 41.040974335 ],
					[ 29.0073618374, 41.0410405055 ],
					[ 29.0072534328, 41.0408117671 ],
					[ 29.0071425605, 41.0405837088 ],
					[ 29.0070292263, 41.040356345 ],
					[ 29.0069134383, 41.0401296911 ],
					[ 29.0067952045, 41.0399037625 ],
					[ 29.0066745331, 41.0396785736 ],
					[ 29.0065514323, 41.0394541407 ],
					[ 29.0064259089, 41.0392304773 ],
					[ 29.0062979735, 41.0390075999 ],
					[ 29.0061676341, 41.0387855227 ],
					[ 29.0060348977, 41.0385642603 ],
					[ 29.0058997748, 41.0383438281 ],
					[ 29.0057622748, 41.0381242405 ],
					[ 29.0056224068, 41.0379055121 ],
					[ 29.0054801791, 41.0376876581 ],
					[ 29.005335601, 41.0374706932 ],
					[ 29.0051886841, 41.0372546308 ],
					[ 29.0050394377, 41.0370394863 ],
					[ 29.0048878701, 41.0368252734 ],
					[ 29.004733994, 41.0366120074 ],
					[ 29.0045778176, 41.0363997019 ],
					[ 29.0044193525, 41.0361883715 ],
					[ 29.0042586082, 41.0359780295 ],
					[ 29.0040955975, 41.0357686916 ],
					[ 29.0039303296, 41.0355603703 ],
					[ 29.0037628164, 41.0353530802 ],
					[ 29.0035930694, 41.0351468349 ],
					[ 29.0034210993, 41.0349416488 ],
					[ 29.0032469176, 41.0347375355 ],
					[ 29.0030705361, 41.0345345078 ],
					[ 29.0028919665, 41.0343325801 ],
					[ 29.0027112217, 41.0341317652 ],
					[ 29.0023677401, 41.033759605 ],
					[ 29.0020167848, 41.0333914645 ],
					[ 29.0016584405, 41.0330274305 ],
					[ 29.0012927901, 41.0326675876 ],
					[ 29.0009199182, 41.0323120201 ],
					[ 29.0005399116, 41.0319608116 ],
					[ 29.0001528616, 41.0316140429 ],
					[ 28.9997588577, 41.0312717958 ],
					[ 28.9974767146, 41.028944127 ],
					[ 28.9936063853, 41.0258902681 ],
					[ 28.9892594452, 41.0232296153 ],
					[ 28.9845050624, 41.0210044727 ],
					[ 28.9794188595, 41.0192502133 ],
					[ 28.9753133963, 41.0176156775 ],
					[ 28.9751598563, 41.0175457041 ]
				]
			},
			"properties" : {
				"ISIM_HAT" : "Boğazdan Geliş-Boğaza Gidiş",
				"TUR_HAT" : "Şehir Hatları",
				"HAT_ROTA" : "Beykoz-Paşabahçe-Çubuklu-Anadolu Hisarı-Çengelköy-Beylerbeyi-Beşiktaş-Eminönü"
			}
		},
		{
			"type" : "Feature",
			"geometry" : {
				"type" : "LineString",
				"coordinates" : [
					[ 29.0216222908, 40.9916827412 ],
					[ 29.0212637106, 40.9918690159 ],
					[ 29.0209073095, 40.992057678 ],
					[ 29.0205531161, 40.9922487123 ],
					[ 29.0202011568, 40.9924421049 ],
					[ 29.0198514603, 40.9926378396 ],
					[ 29.0195040542, 40.9928359024 ],
					[ 29.0191589623, 40.9930362772 ],
					[ 29.0188162147, 40.9932389491 ],
					[ 29.0184758377, 40.9934439021 ],
					[ 29.0181378554, 40.9936511193 ],
					[ 29.0178022964, 40.9938605856 ],
					[ 29.0174691859, 40.994072285 ],
					[ 29.0171385491, 40.9942862008 ],
					[ 29.0168104137, 40.9945023152 ],
					[ 29.0164848035, 40.994720613 ],
					[ 29.0161617439, 40.9949410774 ],
					[ 29.01584126, 40.9951636897 ],
					[ 29.0155233782, 40.9953884331 ],
					[ 29.0152081213, 40.9956152916 ],
					[ 29.0148955147, 40.9958442455 ],
					[ 29.0145855834, 40.996075279 ],
					[ 29.0142783503, 40.9963083724 ],
					[ 29.0139738395, 40.9965435089 ],
					[ 29.013672075, 40.9967806688 ],
					[ 29.0133730797, 40.9970198354 ],
					[ 29.0130768776, 40.9972609889 ],
					[ 29.0127834916, 40.9975041116 ],
					[ 29.0124929434, 40.9977491839 ],
					[ 29.012205257, 40.9979961862 ],
					[ 29.0119204552, 40.9982451008 ],
					[ 29.0116385587, 40.9984959071 ],
					[ 29.0113595891, 40.9987485864 ],
					[ 29.0110835704, 40.9990031182 ],
					[ 29.0108105208, 40.9992594838 ],
					[ 29.0105404656, 40.9995176628 ],
					[ 29.0102734217, 40.9997776354 ],
					[ 29.0100094133, 41.0000393803 ],
					[ 29.0097484583, 41.0003028788 ],
					[ 29.0094905786, 41.0005681094 ],
					[ 29.0092357936, 41.0008350517 ],
					[ 29.0089841225, 41.0011036851 ],
					[ 29.008735587, 41.0013739882 ],
					[ 29.0084902042, 41.0016459414 ],
					[ 29.0082479946, 41.0019195223 ],
					[ 29.0080089764, 41.0021947095 ],
					[ 29.0077731689, 41.0024714826 ],
					[ 29.0075405891, 41.002749819 ],
					[ 29.0073112564, 41.0030296984 ],
					[ 29.0070851889, 41.0033110975 ],
					[ 29.0068624025, 41.0035939958 ],
					[ 29.0066429153, 41.0038783708 ],
					[ 29.0064267455, 41.0041642003 ],
					[ 29.006213909, 41.0044514628 ],
					[ 29.0060044216, 41.004740135 ],
					[ 29.0057983014, 41.0050301947 ],
					[ 29.0055955631, 41.0053216194 ],
					[ 29.0053962237, 41.0056143868 ],
					[ 29.0052002967, 41.0059084746 ],
					[ 29.005007799, 41.0062038585 ],
					[ 29.0048187454, 41.0065005162 ],
					[ 29.0046331504, 41.0067984253 ],
					[ 29.0044510287, 41.0070975618 ],
					[ 29.0042723939, 41.0073979031 ],
					[ 29.0040972616, 41.0076994261 ],
					[ 29.003925643, 41.0080021064 ],
					[ 29.0037575527, 41.008305921 ],
					[ 29.0035930044, 41.0086108455 ],
					[ 29.0034320089, 41.0089168577 ],
					[ 29.003274581, 41.0092239332 ],
					[ 29.003120733, 41.009532048 ],
					[ 29.0029704748, 41.0098411778 ],
					[ 29.0028238199, 41.0101512993 ],
					[ 29.0026807793, 41.0104623874 ],
					[ 29.0025413642, 41.0107744198 ],
					[ 29.0024055858, 41.0110873695 ],
					[ 29.0022734538, 41.011401215 ],
					[ 29.0021449783, 41.0117159303 ],
					[ 29.0020201715, 41.0120314912 ],
					[ 29.0018990411, 41.0123478725 ],
					[ 29.0017815968, 41.0126650519 ],
					[ 29.0016678475, 41.0129830016 ],
					[ 29.0015578043, 41.0133017 ],
					[ 29.0014514736, 41.0136211201 ],
					[ 29.001348864, 41.0139412378 ],
					[ 29.0012499833, 41.0142620279 ],
					[ 29.0011548412, 41.0145834662 ],
					[ 29.001063443, 41.0149055276 ],
					[ 29.0009757962, 41.0152281869 ],
					[ 29.0008919097, 41.015551418 ],
					[ 29.0008117873, 41.0158751976 ],
					[ 29.0007354367, 41.0161994988 ],
					[ 29.0006628631, 41.0165242982 ],
					[ 29.0005940728, 41.0168495689 ],
					[ 29.0005290722, 41.0171752866 ],
					[ 29.0004678642, 41.0175014252 ],
					[ 29.000410455, 41.0178279605 ],
					[ 29.0003568488, 41.0181548663 ],
					[ 29.0003070507, 41.0184821176 ],
					[ 29.0002610635, 41.0188096883 ],
					[ 29.00021889, 41.0191375532 ],
					[ 29.0001805367, 41.019465687 ],
					[ 29.0001460028, 41.0197940638 ],
					[ 29.0001152935, 41.0201226592 ],
					[ 29.0000884116, 41.0204514463 ],
					[ 29.0000653575, 41.0207804007 ],
					[ 29.0000461329, 41.0211094964 ],
					[ 29.0000307418, 41.0214387072 ],
					[ 29.0000191835, 41.0217680071 ],
					[ 29.0000114583, 41.0220973727 ],
					[ 29.0000075692, 41.0224267769 ],
					[ 29.0000075141, 41.0227561937 ],
					[ 29.000011296, 41.0230855978 ],
					[ 29.0000189116, 41.023414965 ],
					[ 29.0000303615, 41.0237442672 ],
					[ 29.000045646, 41.0240734811 ],
					[ 29.0000647621, 41.0244025797 ],
					[ 29.0000877102, 41.0247315377 ],
					[ 29.0001144871, 41.02506033 ],
					[ 29.000145091, 41.0253889303 ],
					[ 29.0001795211, 41.0257173143 ],
					[ 29.0002177719, 41.026045455 ],
					[ 29.0002598438, 41.0263733272 ],
					[ 29.0003057313, 41.0267009056 ],
					[ 29.0003554314, 41.0270281658 ],
					[ 29.0004089408, 41.02735508 ],
					[ 29.0004662541, 41.0276816255 ],
					[ 29.0005273693, 41.0280077745 ],
					[ 29.0005922786, 41.0283335033 ],
					[ 29.0006727481, 41.0287127236 ],
					[ 29.0007583616, 41.0290912967 ],
					[ 29.0008491112, 41.0294691832 ],
					[ 29.000944987, 41.0298463433 ],
					[ 29.0010459789, 41.0302227372 ],
					[ 29.001152077, 41.0305983252 ],
					[ 29.0012632701, 41.0309730667 ],
					[ 29.0013795457, 41.031346922 ],
					[ 29.0015008927, 41.0317198532 ],
					[ 29.0016272974, 41.0320918195 ],
					[ 29.0017587463, 41.0324627821 ],
					[ 29.0018952269, 41.0328327013 ],
					[ 29.0020367233, 41.0332015391 ],
					[ 29.002183223, 41.0335692548 ],
					[ 29.0023347077, 41.0339358106 ],
					[ 29.0024911626, 41.0343011674 ],
					[ 29.0026525717, 41.0346652873 ],
					[ 29.0028189191, 41.0350281306 ],
					[ 29.0029901838, 41.0353896601 ],
					[ 29.0031663512, 41.035749837 ],
					[ 29.0033474017, 41.0361086223 ],
					[ 29.0035333157, 41.0364659799 ],
					[ 29.0037240736, 41.0368218707 ],
					[ 29.0039196558, 41.0371762578 ],
					[ 29.0041200404, 41.0375291031 ],
					[ 29.0043252089, 41.0378803695 ],
					[ 29.0045351371, 41.0382300197 ],
					[ 29.0047498053, 41.0385780177 ],
					[ 29.0049691879, 41.0389243254 ],
					[ 29.0051932642, 41.0392689064 ],
					[ 29.0054220098, 41.0396117247 ],
					[ 29.0056554004, 41.0399527438 ],
					[ 29.0059554455, 41.0399199136 ],
					[ 29.006255872, 41.0398891505 ],
					[ 29.0065566559, 41.0398604599 ],
					[ 29.0068577711, 41.0398338415 ],
					[ 29.007159195, 41.0398092995 ],
					[ 29.0074609002, 41.0397868347 ],
					[ 29.007762863, 41.0397664495 ],
					[ 29.0080650584, 41.0397481455 ],
					[ 29.0083674614, 41.0397319244 ],
					[ 29.008670047, 41.0397177867 ],
					[ 29.0089727891, 41.039705735 ],
					[ 29.009275664, 41.0396957691 ],
					[ 29.0095786466, 41.0396878896 ],
					[ 29.0098817109, 41.0396820981 ],
					[ 29.0101848318, 41.0396783954 ],
					[ 29.0104879844, 41.0396767802 ],
					[ 29.010791145, 41.0396772542 ],
					[ 29.0110942863, 41.0396798172 ],
					[ 29.0113973856, 41.039684468 ],
					[ 29.0117004156, 41.0396912065 ],
					[ 29.0120033515, 41.0397000324 ],
					[ 29.0123061695, 41.0397109455 ],
					[ 29.0126088446, 41.0397239437 ],
					[ 29.0129113507, 41.039739027 ],
					[ 29.0132136629, 41.0397561932 ],
					[ 29.0135157563, 41.0397754422 ],
					[ 29.013817606, 41.039796771 ],
					[ 29.0141191869, 41.0398201785 ],
					[ 29.0144204743, 41.0398456628 ],
					[ 29.014721442, 41.0398732217 ],
					[ 29.0150220674, 41.0399028533 ],
					[ 29.0153223246, 41.0399345548 ],
					[ 29.0156221885, 41.0399683231 ],
					[ 29.0159216342, 41.0400041553 ],
					[ 29.0162206369, 41.0400420504 ],
					[ 29.0165191717, 41.0400820027 ],
					[ 29.0168172148, 41.0401240103 ],
					[ 29.0171147402, 41.0401680702 ],
					[ 29.0174117241, 41.0402141777 ],
					[ 29.0177081429, 41.040262329 ],
					[ 29.0180039693, 41.0403125203 ],
					[ 29.0182991819, 41.0403647478 ],
					[ 29.0185937548, 41.0404190068 ],
					[ 29.0188876629, 41.0404752934 ],
					[ 29.0191808839, 41.0405336022 ],
					[ 29.0194733904, 41.0405939283 ],
					[ 29.0197651612, 41.0406562681 ],
					[ 29.0200561713, 41.0407206139 ],
					[ 29.0203463959, 41.0407869631 ],
					[ 29.0206358114, 41.040855309 ],
					[ 29.020924394, 41.0409256452 ],
					[ 29.0212121201, 41.040997967 ],
					[ 29.0214989648, 41.0410722687 ],
					[ 29.0217849056, 41.0411485422 ],
					[ 29.0220699176, 41.0412267835 ],
					[ 29.0223539784, 41.0413069852 ],
					[ 29.0226370632, 41.0413891401 ],
					[ 29.0229191506, 41.0414732416 ],
					[ 29.0232002146, 41.0415592831 ],
					[ 29.023480234, 41.0416472583 ],
					[ 29.023759185, 41.0417371578 ],
					[ 29.024037044, 41.0418289762 ],
					[ 29.0243137885, 41.0419227042 ],
					[ 29.024589395, 41.0420183354 ],
					[ 29.024863842, 41.0421158614 ],
					[ 29.025137106, 41.0422152749 ],
					[ 29.0254091634, 41.0423165657 ],
					[ 29.0256799928, 41.0424197274 ],
					[ 29.0259495718, 41.04252475 ],
					[ 29.026217878, 41.0426316259 ],
					[ 29.02648489, 41.0427403453 ],
					[ 29.0267505831, 41.0428509005 ],
					[ 29.0270149372, 41.0429632807 ],
					[ 29.0272779311, 41.0430774786 ],
					[ 29.027539541, 41.043193483 ],
					[ 29.027799747, 41.0433112849 ],
					[ 29.0280585266, 41.0434308742 ],
					[ 29.0283158586, 41.0435522416 ],
					[ 29.0285717216, 41.0436753771 ],
					[ 29.0288260957, 41.0438002698 ],
					[ 29.0290789573, 41.0439269105 ],
					[ 29.0293302874, 41.0440552872 ],
					[ 29.0295800636, 41.0441853908 ],
					[ 29.0298282671, 41.0443172096 ],
					[ 29.0300748766, 41.0444507324 ],
					[ 29.0303198721, 41.0445859492 ],
					[ 29.0305632312, 41.0447228481 ],
					[ 29.0308049361, 41.0448614183 ],
					[ 29.0310449658, 41.0450016469 ],
					[ 29.0312833012, 41.0451435247 ],
					[ 29.0315199212, 41.0452870373 ],
					[ 29.0317548082, 41.0454321745 ],
					[ 29.0319879396, 41.0455789244 ],
					[ 29.0322192991, 41.0457272744 ],
					[ 29.0324488666, 41.0458772117 ],
					[ 29.032676622, 41.0460287243 ],
					[ 29.032902549, 41.0461817997 ],
					[ 29.033126625, 41.0463364258 ],
					[ 29.0333488349, 41.0464925891 ],
					[ 29.0335691598, 41.0466502759 ],
					[ 29.0337875796, 41.0468094752 ],
					[ 29.0340040779, 41.0469701717 ],
					[ 29.0342186347, 41.0471323543 ],
					[ 29.0344312347, 41.0472960077 ],
					[ 29.0346418602, 41.047461119 ],
					[ 29.0348504914, 41.0476276737 ],
					[ 29.0350571127, 41.0477956601 ],
					[ 29.0352617068, 41.0479650626 ],
					[ 29.035464257, 41.0481358676 ],
					[ 29.0356647458, 41.0483080606 ],
					[ 29.0358631579, 41.0484816279 ],
					[ 29.0360594744, 41.0486565551 ],
					[ 29.0362536814, 41.0488328275 ],
					[ 29.0364457623, 41.0490104307 ],
					[ 29.0366356995, 41.0491893492 ],
					[ 29.036823479, 41.0493695693 ],
					[ 29.0370090855, 41.0495510758 ],
					[ 29.0371925026, 41.0497338539 ],
					[ 29.037373715, 41.0499178866 ],
					[ 29.0375527087, 41.0501031611 ],
					[ 29.0377294672, 41.050289661 ],
					[ 29.0379039777, 41.050477371 ],
					[ 29.0380762248, 41.0506662756 ],
					[ 29.0382461947, 41.0508563586 ],
					[ 29.0384138719, 41.0510476053 ],
					[ 29.0385792449, 41.0512399986 ],
					[ 29.0387422971, 41.051433524 ],
					[ 29.0389030182, 41.0516281643 ],
					[ 29.0391709452, 41.0519616858 ],
					[ 29.0394107225, 41.0523336252 ],
					[ 29.0396527687, 41.0527047212 ],
					[ 29.0398970793, 41.0530749675 ],
					[ 29.0401436497, 41.0534443542 ],
					[ 29.0403924741, 41.053812874 ],
					[ 29.0406435479, 41.0541805197 ],
					[ 29.0408968651, 41.054547283 ],
					[ 29.0411524202, 41.0549131567 ],
					[ 29.0415632913, 41.0554929627 ],
					[ 29.0419797831, 41.0560704684 ],
					[ 29.0424018736, 41.0566456418 ],
					[ 29.0428295394, 41.0572184513 ],
					[ 29.0432946304, 41.0578304517 ],
					[ 29.0437660871, 41.0584396567 ],
					[ 29.0442438793, 41.0590460291 ],
					[ 29.0447279779, 41.0596495299 ],
					[ 29.0452183538, 41.0602501235 ],
					[ 29.0457149756, 41.060847771 ],
					[ 29.0462178129, 41.061442436 ],
					[ 29.0467268354, 41.0620340812 ],
					[ 29.0470973301, 41.0625089554 ],
					[ 29.0474629306, 41.0629859995 ],
					[ 29.0478236147, 41.0634651834 ],
					[ 29.0481793601, 41.0639464793 ],
					[ 29.04856882, 41.0644837003 ],
					[ 29.0489521252, 41.0650234525 ],
					[ 29.0493292498, 41.0655656943 ],
					[ 29.0497001634, 41.0661103859 ],
					[ 29.050064838, 41.0666574867 ],
					[ 29.0504232478, 41.067206955 ],
					[ 29.0507753635, 41.0677587493 ],
					[ 29.0511211607, 41.0683128298 ],
					[ 29.0513415417, 41.0686725658 ],
					[ 29.0515592585, 41.0690332302 ],
					[ 29.0517743041, 41.0693948115 ],
					[ 29.0519866727, 41.0697572986 ],
					[ 29.052196356, 41.0701206808 ],
					[ 29.0524033496, 41.0704849445 ],
					[ 29.052607645, 41.0708500806 ],
					[ 29.0528092366, 41.0712160766 ],
					[ 29.0530081185, 41.0715829207 ],
					[ 29.0532042836, 41.0719506029 ],
					[ 29.0533977263, 41.0723191097 ],
					[ 29.0535884393, 41.0726884302 ],
					[ 29.0537764182, 41.0730585536 ],
					[ 29.053961656, 41.0734294682 ],
					[ 29.0541441478, 41.0738011614 ],
					[ 29.0543238869, 41.0741736231 ],
					[ 29.0544959171, 41.0745363119 ],
					[ 29.0546653392, 41.0748997038 ],
					[ 29.054832145, 41.075263789 ],
					[ 29.0549963309, 41.0756285547 ],
					[ 29.0552950887, 41.0762586202 ],
					[ 29.0555873694, 41.0768904227 ],
					[ 29.0557651745, 41.077282664 ],
					[ 29.0559404832, 41.0776755482 ],
					[ 29.0561132907, 41.0780690672 ],
					[ 29.0562835947, 41.0784632109 ],
					[ 29.0564796212, 41.0789250364 ],
					[ 29.0566722103, 41.0793876897 ],
					[ 29.0568613549, 41.0798511572 ],
					[ 29.057047048, 41.0803154227 ],
					[ 29.0572292839, 41.0807804719 ],
					[ 29.0574080579, 41.0812462901 ],
					[ 29.0575833631, 41.0817128631 ],
					[ 29.0577551948, 41.0821801754 ],
					[ 29.0579253308, 41.0826532283 ],
					[ 29.0580919066, 41.0831270054 ],
					[ 29.0582549163, 41.0836014924 ],
					[ 29.0584143554, 41.0840766738 ],
					[ 29.0585702192, 41.0845525345 ],
					[ 29.058722502, 41.085029058 ],
					[ 29.0588711978, 41.0855062301 ],
					[ 29.0590163022, 41.0859840345 ],
					[ 29.0591578117, 41.0864624557 ],
					[ 29.0592957193, 41.0869414795 ],
					[ 29.0594300227, 41.0874210886 ],
					[ 29.0595607174, 41.0879012687 ],
					[ 29.0596877975, 41.0883820044 ],
					[ 29.0598112597, 41.0888632786 ],
					[ 29.0599310992, 41.0893450777 ],
					[ 29.0600473127, 41.0898273837 ],
					[ 29.0601598968, 41.0903101831 ],
					[ 29.060268848, 41.0907934597 ],
					[ 29.0603741606, 41.0912771981 ],
					[ 29.0604758334, 41.0917613812 ],
					[ 29.0605738618, 41.0922459946 ],
					[ 29.0606682426, 41.092731022 ],
					[ 29.0607589732, 41.0932164491 ],
					[ 29.0608460493, 41.0937022578 ],
					[ 29.0609294698, 41.0941884337 ],
					[ 29.0610092311, 41.0946749614 ],
					[ 29.0610853312, 41.0951618248 ],
					[ 29.0611577664, 41.0956490076 ],
					[ 29.0612265347, 41.0961364954 ],
					[ 29.0612916338, 41.0966242702 ],
					[ 29.0613530614, 41.0971123175 ],
					[ 29.0614108153, 41.0976006221 ],
					[ 29.0614648945, 41.0980891668 ],
					[ 29.0615152955, 41.0985779372 ],
					[ 29.0615620185, 41.0990669162 ],
					[ 29.06160506, 41.0995560885 ],
					[ 29.0616444203, 41.1000454387 ],
					[ 29.0616800982, 41.1005349498 ],
					[ 29.0617120903, 41.1010246063 ],
					[ 29.0617403967, 41.1015143931 ],
					[ 29.0617650165, 41.1020042939 ],
					[ 29.0617859486, 41.1024942934 ],
					[ 29.0618031919, 41.1029843736 ],
					[ 29.0618167477, 41.1034745209 ],
					[ 29.0618266127, 41.1039647192 ],
					[ 29.0618327881, 41.1044549513 ],
					[ 29.061835273, 41.1049452019 ],
					[ 29.0618340686, 41.1054354549 ],
					[ 29.0618291727, 41.1059256958 ],
					[ 29.0618205867, 41.1064159066 ],
					[ 29.0618083107, 41.1069060729 ],
					[ 29.0617923448, 41.1073961785 ],
					[ 29.0617726892, 41.1078862072 ],
					[ 29.0617493453, 41.1083761427 ],
					[ 29.0617223131, 41.1088659699 ],
					[ 29.0616915939, 41.1093556733 ],
					[ 29.0616571881, 41.1098452359 ],
					[ 29.0616190968, 41.1103346423 ],
					[ 29.0615773214, 41.1108238773 ],
					[ 29.061531862, 41.1113129238 ],
					[ 29.0614827225, 41.1118017665 ],
					[ 29.0614299016, 41.11229039 ],
					[ 29.0613734032, 41.1127787782 ],
					[ 29.0613132274, 41.1132669148 ],
					[ 29.0614209845, 41.1131989667 ],
					[ 29.0615304758, 41.1131326236 ],
					[ 29.0616416581, 41.1130679096 ],
					[ 29.0617544906, 41.1130048504 ],
					[ 29.06186893, 41.112943469 ],
					[ 29.0619849321, 41.1128837895 ],
					[ 29.0621024524, 41.1128258348 ],
					[ 29.0622214465, 41.1127696272 ],
					[ 29.062341869, 41.1127151868 ],
					[ 29.0624636743, 41.1126625351 ],
					[ 29.0625868169, 41.1126116932 ],
					[ 29.0627112476, 41.1125626786 ],
					[ 29.0628369199, 41.1125155118 ],
					[ 29.0629637858, 41.1124702095 ],
					[ 29.0630917974, 41.1124267892 ],
					[ 29.0632209046, 41.1123852686 ],
					[ 29.0633510607, 41.1123456617 ],
					[ 29.0634822131, 41.1123079852 ],
					[ 29.063614314, 41.1122722522 ],
					[ 29.063747312, 41.1122384775 ],
					[ 29.0638811569, 41.1122066734 ],
					[ 29.0640157974, 41.1121768511 ],
					[ 29.0641511821, 41.1121490238 ],
					[ 29.0642872586, 41.1121232008 ],
					[ 29.0644239766, 41.1120993927 ],
					[ 29.0645612837, 41.112077608 ],
					[ 29.0646991262, 41.1120578552 ],
					[ 29.0648374528, 41.1120401421 ],
					[ 29.0649762099, 41.1120244753 ],
					[ 29.0651153449, 41.11201086 ],
					[ 29.0652548055, 41.1119993028 ],
					[ 29.0653945368, 41.1119898069 ],
					[ 29.0655344876, 41.1119823772 ],
					[ 29.0656746031, 41.1119770153 ],
					[ 29.065814831, 41.1119737233 ],
					[ 29.0659551163, 41.1119725034 ],
					[ 29.0660954069, 41.1119733553 ],
					[ 29.066235649, 41.1119762786 ],
					[ 29.066375788, 41.1119812727 ],
					[ 29.0665157726, 41.1119883355 ],
					[ 29.0666555471, 41.1119974647 ],
					[ 29.0667950591, 41.1120086554 ],
					[ 29.0669342563, 41.1120219054 ],
					[ 29.0670730851, 41.1120372079 ],
					[ 29.0672114921, 41.1120545579 ],
					[ 29.0673494239, 41.1120739489 ],
					[ 29.0674868293, 41.1120953731 ],
					[ 29.0676236561, 41.112118822 ],
					[ 29.0677598508, 41.112144288 ],
					[ 29.0678953625, 41.1121717599 ],
					[ 29.0680301389, 41.1122012282 ],
					[ 29.0681641289, 41.1122326809 ],
					[ 29.0682972816, 41.1122661066 ],
					[ 29.0684295447, 41.1123014925 ],
					[ 29.0685608709, 41.1123388246 ],
					[ 29.0686912068, 41.1123780898 ],
					[ 29.0688205049, 41.1124192716 ],
					[ 29.0689487155, 41.1124623552 ],
					[ 29.0690757877, 41.112507324 ],
					[ 29.0692016764, 41.1125541614 ],
					[ 29.0693263307, 41.1126028489 ],
					[ 29.0694497057, 41.1126533674 ],
					[ 29.0695717516, 41.1127056992 ],
					[ 29.0696924234, 41.1127598225 ],
					[ 29.0698740573, 41.1128459421 ],
					[ 29.0700522138, 41.1129361204 ],
					[ 29.0702267333, 41.1130302796 ],
					[ 29.07039746, 41.1131283346 ],
					[ 29.0705642438, 41.1132301989 ],
					[ 29.0707269349, 41.1133357802 ],
					[ 29.070885388, 41.1134449864 ],
					[ 29.0710394619, 41.1135577192 ],
					[ 29.071189022, 41.1136738784 ],
					[ 29.0713339318, 41.1137933613 ],
					[ 29.0714740642, 41.1139160596 ],
					[ 29.0716092934, 41.1140418661 ],
					[ 29.0717394993, 41.1141706683 ],
					[ 29.0718645671, 41.1143023508 ],
					[ 29.0719843827, 41.1144367975 ],
					[ 29.072098842, 41.1145738869 ],
					[ 29.0721981333, 41.1147006684 ],
					[ 29.0722928417, 41.1148294397 ],
					[ 29.0723828995, 41.1149601059 ],
					[ 29.0724682377, 41.1150925708 ],
					[ 29.0726836734, 41.1153545806 ],
					[ 29.0728935682, 41.1156191512 ],
					[ 29.0730978706, 41.1158862129 ],
					[ 29.0732965279, 41.1161557005 ],
					[ 29.0734798904, 41.1164137724 ],
					[ 29.0736580757, 41.1166739104 ],
					[ 29.073831043, 41.1169360545 ],
					[ 29.0739987538, 41.1172001461 ],
					[ 29.0741820014, 41.1175010233 ],
					[ 29.0743584264, 41.1178042234 ],
					[ 29.0745279741, 41.1181096605 ],
					[ 29.0746905981, 41.1184172423 ],
					[ 29.0748462493, 41.1187268812 ],
					[ 29.0749948815, 41.1190384868 ],
					[ 29.0751364518, 41.1193519669 ],
					[ 29.0752709185, 41.1196672303 ],
					[ 29.0754063476, 41.1200050389 ],
					[ 29.0755336202, 41.1203446566 ],
					[ 29.0756526936, 41.1206859705 ],
					[ 29.0757635312, 41.1210288669 ],
					[ 29.0758660939, 41.1213732329 ],
					[ 29.0759603465, 41.1217189539 ],
					[ 29.0760462604, 41.1220659154 ],
					[ 29.0761238052, 41.1224140018 ],
					[ 29.0761929561, 41.1227630987 ],
					[ 29.0762536895, 41.1231130905 ],
					[ 29.0763059844, 41.1234638602 ],
					[ 29.0763498244, 41.1238152914 ],
					[ 29.0763851943, 41.1241672678 ],
					[ 29.0764120826, 41.1245196732 ],
					[ 29.0764304799, 41.1248723905 ],
					[ 29.0764403795, 41.1252253025 ],
					[ 29.0764417793, 41.1255782923 ],
					[ 29.0764346772, 41.1259312427 ],
					[ 29.0764190772, 41.1262840367 ],
					[ 29.0763949818, 41.1266365582 ],
					[ 29.0763624022, 41.1269886883 ],
					[ 29.0763213459, 41.127340312 ],
					[ 29.0762718285, 41.1276913122 ],
					[ 29.0762138647, 41.128041572 ],
					[ 29.0761474751, 41.1283909754 ],
					[ 29.0760726801, 41.1287394064 ],
					[ 29.0759895063, 41.1290867508 ],
					[ 29.0758979791, 41.1294328919 ],
					[ 29.0757981296, 41.1297777144 ],
					[ 29.0756899915, 41.1301211053 ],
					[ 29.0755735996, 41.1304629504 ],
					[ 29.0754489923, 41.1308031366 ],
					[ 29.0753540147, 41.1310474723 ],
					[ 29.0752547996, 41.1312908429 ],
					[ 29.075151363, 41.1315332079 ],
					[ 29.0750437233, 41.1317745233 ],
					[ 29.074931899, 41.1320147489 ],
					[ 29.0748159095, 41.1322538433 ],
					[ 29.0746957734, 41.1324917642 ],
					[ 29.0745715138, 41.1327284715 ],
					[ 29.0744431502, 41.1329639229 ],
					[ 29.0743107047, 41.1331980798 ],
					[ 29.0741742017, 41.1334309001 ],
					[ 29.0740336629, 41.1336623452 ],
					[ 29.0738891141, 41.1338923731 ],
					[ 29.0737405784, 41.1341209452 ],
					[ 29.0735880837, 41.134348022 ],
					[ 29.0734316542, 41.134573565 ],
					[ 29.0732255118, 41.1348602529 ],
					[ 29.0730130131, 41.1351442763 ],
					[ 29.0727942199, 41.1354255536 ],
					[ 29.0725691917, 41.1357040069 ],
					[ 29.0723113864, 41.1360106187 ],
					[ 29.0720460241, 41.1363135231 ],
					[ 29.0717731967, 41.1366126129 ],
					[ 29.0714929996, 41.1369077834 ],
					[ 29.0710637554, 41.1374127905 ],
					[ 29.0706387362, 41.1379226977 ],
					[ 29.0702197172, 41.1384354358 ],
					[ 29.0698067313, 41.1389509655 ],
					[ 29.0693998113, 41.1394692467 ],
					[ 29.0690268563, 41.1399536693 ],
					[ 29.0686592004, 41.1404404026 ],
					[ 29.0682968689, 41.1409294145 ],
					[ 29.0679398863, 41.1414206699 ],
					[ 29.067588277, 41.1419141359 ],
					[ 29.0672420666, 41.1424097794 ],
					[ 29.066901277, 41.1429075664 ],
					[ 29.0665659326, 41.1434074629 ],
					[ 29.0663123059, 41.1437924775 ],
					[ 29.0660619096, 41.144178698 ],
					[ 29.0658147537, 41.1445661095 ],
					[ 29.0655708466, 41.1449546974 ],
					[ 29.0653302006, 41.145344445 ],
					[ 29.0650928243, 41.1457353377 ],
					[ 29.0648587263, 41.1461273587 ],
					[ 29.0646279175, 41.1465204926 ],
					[ 29.0644004054, 41.1469147244 ],
					[ 29.0641762021, 41.147310037 ],
					[ 29.063955314, 41.1477064151 ],
					[ 29.0637377508, 41.1481038435 ],
					[ 29.0635235223, 41.1485023062 ],
					[ 29.0633126359, 41.1489017862 ],
					[ 29.0631051003, 41.1493022672 ],
					[ 29.062900924, 41.149703735 ],
					[ 29.0626520726, 41.1502036126 ],
					[ 29.0624084296, 41.1507049538 ],
					[ 29.0621700112, 41.1512077281 ],
					[ 29.061936831, 41.1517119051 ],
					[ 29.0617089026, 41.1522174524 ],
					[ 29.061486242, 41.1527243397 ],
					[ 29.061268863, 41.1532325355 ],
					[ 29.0610567791, 41.1537420077 ],
					[ 29.0608500018, 41.1542527247 ],
					[ 29.0606485469, 41.1547646561 ],
					[ 29.0604524246, 41.1552777697 ],
					[ 29.0602616475, 41.1557920331 ],
					[ 29.0600762291, 41.156307415 ],
					[ 29.0598961796, 41.156823883 ],
					[ 29.0597215102, 41.1573414058 ],
					[ 29.0595522323, 41.157859952 ],
					[ 29.0593883572, 41.1583794874 ],
					[ 29.0592298937, 41.1588999816 ],
					[ 29.0590768533, 41.1594214022 ],
					[ 29.0589292435, 41.1599437161 ],
					[ 29.0587870758, 41.1604668926 ],
					[ 29.0586503579, 41.1609908968 ],
					[ 29.0585190986, 41.1615156982 ],
					[ 29.0583933058, 41.1620412645 ],
					[ 29.0582729883, 41.1625675614 ],
					[ 29.058158154, 41.1630945584 ],
					[ 29.0580488081, 41.1636222206 ],
					[ 29.0579449584, 41.1641505174 ],
					[ 29.0578466127, 41.1646794155 ],
					[ 29.0577537763, 41.1652088817 ],
					[ 29.0576664546, 41.1657388836 ],
					[ 29.0575846542, 41.166269388 ]
				]
			},
			"properties" : {
				"ISIM_HAT" : "Kadıköy-Sarıyer",
				"TUR_HAT" : "Şehir Hatları",
				"HAT_ROTA" : "Kadıköy-Beşiktaş-İstinye-Sarıyer"
			}
		},
		{
			"type" : "Feature",
			"geometry" : {
				"type" : "LineString",
				"coordinates" : [
					[ 29.0514175572, 41.0510321851 ],
					[ 29.0510957526, 41.0515008962 ],
					[ 29.050778463, 41.0519713689 ],
					[ 29.0504657056, 41.052443577 ],
					[ 29.0501574962, 41.0529174975 ],
					[ 29.0498538518, 41.0533931043 ],
					[ 29.0495547897, 41.0538703725 ],
					[ 29.0492603233, 41.054349276 ],
					[ 29.0489704708, 41.0548297908 ],
					[ 29.0486852459, 41.05531189 ],
					[ 29.0484046645, 41.0557955484 ],
					[ 29.0481287412, 41.0562807412 ],
					[ 29.047857492, 41.0567674423 ],
					[ 29.0475909305, 41.0572556248 ],
					[ 29.0473290701, 41.0577452646 ],
					[ 29.0470719268, 41.0582363349 ],
					[ 29.0468195118, 41.0587288087 ],
					[ 29.046571841, 41.059222661 ],
					[ 29.0463289268, 41.0597178658 ],
					[ 29.0460907814, 41.0602143972 ],
					[ 29.0458574174, 41.0607122273 ],
					[ 29.0456288495, 41.0612113302 ],
					[ 29.0454050876, 41.0617116799 ],
					[ 29.0451861441, 41.0622132505 ],
					[ 29.0449720314, 41.062716014 ],
					[ 29.0447627607, 41.0632199446 ],
					[ 29.0445583432, 41.0637250154 ],
					[ 29.0443587901, 41.0642311993 ],
					[ 29.0441641125, 41.0647384706 ],
					[ 29.0439743182, 41.0652468012 ],
					[ 29.0437894206, 41.0657561636 ],
					[ 29.0436094287, 41.0662665324 ],
					[ 29.0434343512, 41.06677788 ],
					[ 29.0436105026, 41.0667795592 ],
					[ 29.0437865244, 41.0667849351 ],
					[ 29.0439622822, 41.0667940022 ],
					[ 29.0441376404, 41.0668067529 ],
					[ 29.0443124637, 41.0668231791 ],
					[ 29.0444866189, 41.0668432678 ],
					[ 29.0446599707, 41.0668670027 ],
					[ 29.0448323861, 41.0668943664 ],
					[ 29.0450037323, 41.066925338 ],
					[ 29.0451738799, 41.0669598922 ],
					[ 29.0453426948, 41.0669980044 ],
					[ 29.0455100491, 41.0670396439 ],
					[ 29.0456758135, 41.0670847789 ],
					[ 29.0458398612, 41.0671333752 ],
					[ 29.0460020656, 41.0671853948 ],
					[ 29.0461623023, 41.0672407988 ],
					[ 29.0463204481, 41.0672995439 ],
					[ 29.0464763801, 41.067361584 ],
					[ 29.0466299799, 41.0674268733 ],
					[ 29.0467811294, 41.0674953602 ],
					[ 29.0469297114, 41.0675669925 ],
					[ 29.0470756127, 41.0676417152 ],
					[ 29.0472187198, 41.0677194708 ],
					[ 29.0473589241, 41.0678001988 ],
					[ 29.0474961171, 41.067883839 ],
					[ 29.0476301926, 41.0679703247 ],
					[ 29.0477610494, 41.0680595913 ],
					[ 29.0478885848, 41.0681515693 ],
					[ 29.0480127023, 41.0682461879 ],
					[ 29.0481333054, 41.0683433751 ],
					[ 29.0482503025, 41.0684430554 ],
					[ 29.0483636017, 41.0685451524 ],
					[ 29.0484731186, 41.0686495871 ],
					[ 29.0485787662, 41.0687562805 ],
					[ 29.0486804649, 41.0688651499 ],
					[ 29.0487781361, 41.068976111 ],
					[ 29.0488717048, 41.0690890786 ],
					[ 29.0489610986, 41.0692039673 ],
					[ 29.0490462486, 41.0693206867 ],
					[ 29.0491270905, 41.0694391488 ],
					[ 29.0492035614, 41.0695592614 ],
					[ 29.0492756019, 41.0696809319 ],
					[ 29.0493431574, 41.0698040683 ],
					[ 29.0494061759, 41.0699285736 ],
					[ 29.0494646085, 41.0700543549 ],
					[ 29.0495184103, 41.0701813135 ],
					[ 29.0495675399, 41.0703093518 ],
					[ 29.0496119606, 41.0704383724 ],
					[ 29.0496516356, 41.070568275 ],
					[ 29.0496865367, 41.0706989603 ],
					[ 29.0497166367, 41.0708303281 ],
					[ 29.0497419121, 41.0709622766 ],
					[ 29.0497623429, 41.0710947046 ],
					[ 29.0497779138, 41.0712275103 ],
					[ 29.0497886133, 41.0713605919 ],
					[ 29.049794432, 41.0714938476 ],
					[ 29.0497953666, 41.0716271737 ],
					[ 29.0497914151, 41.0717604677 ],
					[ 29.0497825824, 41.0718936277 ],
					[ 29.0497688735, 41.0720265513 ],
					[ 29.0497502994, 41.0721591357 ],
					[ 29.0497268735, 41.0722912804 ],
					[ 29.0496986162, 41.0724228818 ],
					[ 29.0496655479, 41.0725538403 ],
					[ 29.0496135682, 41.0727286605 ],
					[ 29.0495530168, 41.0729018937 ],
					[ 29.0494839779, 41.0730732992 ],
					[ 29.0494065454, 41.0732426391 ],
					[ 29.0493208285, 41.0734096766 ],
					[ 29.0492269448, 41.0735741822 ],
					[ 29.0491250259, 41.0737359255 ],
					[ 29.0490152131, 41.0738946825 ],
					[ 29.0488976583, 41.0740502321 ],
					[ 29.0487725252, 41.0742023586 ],
					[ 29.0486399869, 41.0743508509 ],
					[ 29.0485002285, 41.0744955025 ],
					[ 29.0483534444, 41.0746361123 ],
					[ 29.0481998372, 41.0747724849 ],
					[ 29.0480396204, 41.0749044319 ],
					[ 29.0478730179, 41.075031768 ],
					[ 29.0477002594, 41.0751543184 ],
					[ 29.0475215856, 41.0752719115 ],
					[ 29.0473372449, 41.0753843843 ],
					[ 29.0471474932, 41.0754915806 ],
					[ 29.0469525944, 41.0755933511 ],
					[ 29.0467528182, 41.0756895551 ],
					[ 29.046548444, 41.0757800587 ],
					[ 29.0463397531, 41.0758647355 ],
					[ 29.0461270377, 41.075943469 ],
					[ 29.0459105933, 41.0760161492 ],
					[ 29.0456907188, 41.076082675 ],
					[ 29.0454677204, 41.0761429542 ],
					[ 29.0452419085, 41.076196903 ],
					[ 29.0450135974, 41.0762444466 ],
					[ 29.0447831021, 41.0762855182 ],
					[ 29.0445507448, 41.076320062 ],
					[ 29.0449870515, 41.0763732732 ],
					[ 29.0454247476, 41.0764194853 ],
					[ 29.0458636394, 41.0764586787 ],
					[ 29.0463035295, 41.0764908354 ],
					[ 29.0467442191, 41.0765159404 ],
					[ 29.0471855132, 41.0765339839 ],
					[ 29.047627213, 41.0765449571 ],
					[ 29.048069121, 41.0765488546 ],
					[ 29.0485110395, 41.076545675 ],
					[ 29.0489527696, 41.0765354191 ],
					[ 29.0493941136, 41.0765180927 ],
					[ 29.0498348748, 41.0764937031 ],
					[ 29.0502748544, 41.0764622613 ],
					[ 29.0507138567, 41.0764237809 ],
					[ 29.0511516839, 41.0763782793 ],
					[ 29.0515881404, 41.0763257774 ],
					[ 29.0520230306, 41.0762662978 ],
					[ 29.05245616, 41.076199868 ],
					[ 29.0528873353, 41.0761265176 ],
					[ 29.0533163607, 41.0760462786 ],
					[ 29.0537430464, 41.0759591881 ],
					[ 29.0541672013, 41.075865285 ],
					[ 29.0545886344, 41.0757646102 ],
					[ 29.0550071568, 41.0756572107 ],
					[ 29.0554225821, 41.0755431328 ],
					[ 29.0558347239, 41.0754224281 ],
					[ 29.0562433968, 41.0752951509 ],
					[ 29.0566484191, 41.0751613584 ],
					[ 29.0570496078, 41.0750211094 ],
					[ 29.0574467844, 41.0748744691 ],
					[ 29.0578397709, 41.0747215008 ],
					[ 29.0582283911, 41.0745622736 ],
					[ 29.0582503222, 41.0747379926 ],
					[ 29.0582761606, 41.0749134069 ],
					[ 29.0583058986, 41.0750884675 ],
					[ 29.0583395288, 41.0752631233 ],
					[ 29.0583770412, 41.0754373264 ],
					[ 29.0584184256, 41.0756110271 ],
					[ 29.0584636699, 41.0757841759 ],
					[ 29.0585127617, 41.0759567221 ],
					[ 29.0585656861, 41.0761286199 ],
					[ 29.0586224286, 41.0762998176 ],
					[ 29.0586829742, 41.0764702684 ],
					[ 29.0587473047, 41.0766399235 ],
					[ 29.0588154006, 41.0768087341 ],
					[ 29.058887246, 41.0769766541 ],
					[ 29.0589628176, 41.0771436338 ],
					[ 29.059042095, 41.0773096263 ],
					[ 29.059125056, 41.0774745854 ],
					[ 29.0592116776, 41.077638464 ],
					[ 29.0593019331, 41.0778012152 ],
					[ 29.0593957994, 41.0779627937 ],
					[ 29.0594932486, 41.0781231525 ],
					[ 29.0595942529, 41.0782822463 ],
					[ 29.0596987843, 41.0784400307 ],
					[ 29.0598068125, 41.0785964605 ],
					[ 29.0599183073, 41.0787514922 ],
					[ 29.0600332384, 41.0789050796 ],
					[ 29.0601515706, 41.079057181 ],
					[ 29.0602732726, 41.0792077538 ],
					[ 29.060398308, 41.0793567527 ],
					[ 29.060526643, 41.0795041378 ],
					[ 29.06065824, 41.0796498663 ],
					[ 29.0607930628, 41.0797938968 ],
					[ 29.0609310727, 41.079936189 ],
					[ 29.0610722299, 41.0800767023 ],
					[ 29.0612164956, 41.0802153967 ],
					[ 29.0613638275, 41.080352233 ],
					[ 29.0615141859, 41.0804871714 ],
					[ 29.0616675259, 41.0806201754 ],
					[ 29.0618238042, 41.0807512059 ],
					[ 29.0619829783, 41.0808802258 ],
					[ 29.0621450013, 41.0810071994 ],
					[ 29.0623098284, 41.0811320904 ],
					[ 29.0624774125, 41.0812548623 ],
					[ 29.0626477054, 41.0813754815 ],
					[ 29.0628206599, 41.0814939134 ],
					[ 29.0629962252, 41.081610125 ],
					[ 29.0631743544, 41.0817240818 ],
					[ 29.0633549942, 41.0818357527 ],
					[ 29.0635380941, 41.0819451049 ],
					[ 29.0637236031, 41.0820521092 ],
					[ 29.0639114682, 41.0821567335 ],
					[ 29.0641016351, 41.0822589486 ],
					[ 29.0642940506, 41.0823587263 ],
					[ 29.0644886604, 41.0824560371 ],
					[ 29.0646854089, 41.0825508545 ],
					[ 29.0648842405, 41.0826431502 ],
					[ 29.0650850985, 41.0827328994 ],
					[ 29.0652879261, 41.0828200763 ],
					[ 29.0654926666, 41.0829046553 ],
					[ 29.0656992607, 41.0829866143 ],
					[ 29.0659076492, 41.0830659277 ],
					[ 29.0661177754, 41.0831425741 ],
					[ 29.0663295765, 41.0832165324 ],
					[ 29.0665429955, 41.0832877806 ],
					[ 29.066318559, 41.0835139934 ],
					[ 29.0660997307, 41.0837433297 ],
					[ 29.0658865855, 41.0839757111 ],
					[ 29.0656791971, 41.0842110562 ],
					[ 29.0654776393, 41.0844492836 ],
					[ 29.0652819812, 41.0846903103 ],
					[ 29.0650922906, 41.0849340539 ],
					[ 29.064908633, 41.0851804277 ],
					[ 29.0647310729, 41.0854293484 ],
					[ 29.064559672, 41.0856807285 ],
					[ 29.0643944902, 41.0859344801 ],
					[ 29.0642355832, 41.0861905164 ],
					[ 29.0640830074, 41.0864487487 ],
					[ 29.0639368163, 41.0867090857 ],
					[ 29.06379706, 41.0869714386 ],
					[ 29.0636637877, 41.087235716 ],
					[ 29.0635370457, 41.0875018256 ],
					[ 29.063416876, 41.0877696759 ],
					[ 29.0633033229, 41.0880391735 ],
					[ 29.0631964257, 41.0883102244 ],
					[ 29.0630962205, 41.0885827352 ],
					[ 29.0630027419, 41.0888566107 ],
					[ 29.0629160235, 41.0891317567 ],
					[ 29.0628360954, 41.089408077 ],
					[ 29.0627629852, 41.0896854766 ],
					[ 29.062696718, 41.0899638583 ],
					[ 29.0626373168, 41.0902431251 ],
					[ 29.0625848034, 41.0905231809 ],
					[ 29.0625391957, 41.0908039285 ],
					[ 29.0625005084, 41.0910852699 ],
					[ 29.0624687561, 41.0913671081 ],
					[ 29.0624439509, 41.091649344 ],
					[ 29.0624260991, 41.0919318815 ],
					[ 29.0624152081, 41.0922146214 ],
					[ 29.0624112829, 41.0924974657 ],
					[ 29.0624143228, 41.0927803163 ],
					[ 29.0624243291, 41.0930630749 ],
					[ 29.0624412974, 41.0933456435 ],
					[ 29.0624652208, 41.0936279229 ],
					[ 29.0624960926, 41.0939098176 ],
					[ 29.062533901, 41.0941912267 ],
					[ 29.0625786345, 41.0944720555 ],
					[ 29.0626302767, 41.0947522039 ],
					[ 29.06268881, 41.0950315763 ],
					[ 29.0627542133, 41.0953100745 ],
					[ 29.0628264653, 41.0955876036 ],
					[ 29.0629055403, 41.0958640653 ],
					[ 29.062991411, 41.0961393648 ],
					[ 29.0630840468, 41.0964134056 ],
					[ 29.0631834182, 41.0966860936 ],
					[ 29.0632894884, 41.0969573332 ],
					[ 29.0634022209, 41.0972270313 ],
					[ 29.0635215777, 41.097495093 ],
					[ 29.0636475161, 41.0977614261 ],
					[ 29.0637799936, 41.0980259384 ],
					[ 29.0639189639, 41.0982885367 ],
					[ 29.0640643784, 41.0985491306 ],
					[ 29.0642161872, 41.0988076297 ],
					[ 29.064374338, 41.0990639442 ],
					[ 29.0645387752, 41.0993179856 ],
					[ 29.0647094416, 41.0995696642 ],
					[ 29.064886279, 41.0998188938 ],
					[ 29.0650692257, 41.1000655877 ],
					[ 29.0652582174, 41.1003096605 ],
					[ 29.0650340846, 41.1004782565 ],
					[ 29.0648042267, 41.1006423836 ],
					[ 29.0645687986, 41.1008019305 ],
					[ 29.0643279614, 41.1009567876 ],
					[ 29.0640818763, 41.1011068509 ],
					[ 29.0638307111, 41.1012520199 ],
					[ 29.0635746365, 41.1013921943 ],
					[ 29.0633138252, 41.10152728 ],
					[ 29.0630484547, 41.1016571857 ],
					[ 29.0627787037, 41.1017818237 ],
					[ 29.0625047544, 41.1019011079 ],
					[ 29.0622267936, 41.102014959 ],
					[ 29.0619450093, 41.1021233001 ],
					[ 29.0616595932, 41.102226057 ],
					[ 29.0613707368, 41.1023231593 ],
					[ 29.0610786374, 41.1024145428 ],
					[ 29.0607834924, 41.1025001452 ],
					[ 29.0604855027, 41.1025799077 ],
					[ 29.060184868, 41.1026537771 ],
					[ 29.0598817937, 41.1027217037 ],
					[ 29.0595764841, 41.1027836395 ],
					[ 29.0592691471, 41.1028395449 ],
					[ 29.0589599893, 41.1028893811 ],
					[ 29.058649223, 41.1029331136 ],
					[ 29.0583370559, 41.1029707136 ],
					[ 29.0580237015, 41.1030021549 ],
					[ 29.057709371, 41.1030274168 ],
					[ 29.0573942777, 41.1030464829 ],
					[ 29.0570786349, 41.1030593387 ],
					[ 29.0567626561, 41.1030659771 ],
					[ 29.0564465568, 41.1030663916 ],
					[ 29.0561305502, 41.103060584 ],
					[ 29.0563214755, 41.1031687699 ],
					[ 29.0565098234, 41.1032795113 ],
					[ 29.0566955349, 41.1033927727 ],
					[ 29.0568785485, 41.1035085177 ],
					[ 29.0570588088, 41.1036267106 ],
					[ 29.0572362569, 41.1037473141 ],
					[ 29.0574108373, 41.103870289 ],
					[ 29.0575824948, 41.1039955962 ],
					[ 29.0577511738, 41.1041231964 ],
					[ 29.0579168214, 41.1042530497 ],
					[ 29.0580793858, 41.1043851133 ],
					[ 29.0582388141, 41.1045193472 ],
					[ 29.0583950556, 41.1046557078 ],
					[ 29.0585480621, 41.1047941514 ],
					[ 29.0586977844, 41.1049346345 ],
					[ 29.0588441753, 41.1050771134 ],
					[ 29.058987188, 41.1052215419 ],
					[ 29.0591267754, 41.1053678736 ],
					[ 29.0592628965, 41.1055160633 ],
					[ 29.0593955056, 41.1056660637 ],
					[ 29.0595245616, 41.1058178269 ],
					[ 29.0596500225, 41.1059713046 ],
					[ 29.0597718506, 41.106126449 ],
					[ 29.0598900052, 41.1062832102 ],
					[ 29.0600044487, 41.1064415374 ],
					[ 29.0601151474, 41.1066013827 ],
					[ 29.0602220626, 41.1067626936 ],
					[ 29.060325163, 41.1069254193 ],
					[ 29.0604244135, 41.1070895083 ],
					[ 29.0605197851, 41.107254909 ],
					[ 29.0606112464, 41.107421568 ],
					[ 29.0606987683, 41.107589433 ],
					[ 29.0607823218, 41.1077584505 ],
					[ 29.0608618827, 41.1079285672 ],
					[ 29.0609374242, 41.1080997289 ],
					[ 29.0610089223, 41.1082718805 ],
					[ 29.0610763561, 41.1084449687 ],
					[ 29.0611397014, 41.1086189384 ],
					[ 29.0611989388, 41.1087937336 ],
					[ 29.0612540512, 41.1089692992 ],
					[ 29.0613050202, 41.1091455792 ],
					[ 29.0613518275, 41.1093225187 ],
					[ 29.0613944622, 41.1095000598 ],
					[ 29.0614329069, 41.1096781485 ],
					[ 29.0614671519, 41.1098567261 ],
					[ 29.0614971848, 41.1100357367 ],
					[ 29.0615229968, 41.1102151235 ],
					[ 29.0615445804, 41.1103948296 ],
					[ 29.0615619269, 41.1105747985 ],
					[ 29.0615750322, 41.1107549713 ],
					[ 29.0615838912, 41.1109352933 ],
					[ 29.061588501, 41.1111157058 ],
					[ 29.0615888614, 41.1112961521 ],
					[ 29.0615849718, 41.1114765737 ],
					[ 29.0615768318, 41.1116569148 ],
					[ 29.0615644459, 41.1118371177 ],
					[ 29.0615478172, 41.1120171248 ],
					[ 29.06152695, 41.1121968795 ],
					[ 29.0615018534, 41.1123763243 ],
					[ 29.061472533, 41.1125554023 ],
					[ 29.061438999, 41.112734057 ],
					[ 29.0614012619, 41.1129122318 ],
					[ 29.061359333, 41.1130898699 ],
					[ 29.0613132274, 41.1132669148 ]
				]
			},
			"properties" : {
				"ISIM_HAT" : "Çengelköy-İstinye",
				"TUR_HAT" : "Şehir Hatları",
				"HAT_ROTA" : "Çengelköy-Arnavutköy-Bebek-Kandilli-Anadolu Hisarı-Kanlıca-Emirgan-İstinye"
			}
		},
		{
			"type" : "Feature",
			"geometry" : {
				"type" : "LineString",
				"coordinates" : [
					[ 28.9751598563, 41.0175457041 ],
					[ 28.9758139671, 41.0179569258 ],
					[ 28.9762179909, 41.0182069462 ],
					[ 28.9766733629, 41.0184887384 ],
					[ 28.9771184031, 41.018764134 ],
					[ 28.9775555558, 41.0190346442 ],
					[ 28.9780804472, 41.0193594412 ],
					[ 28.9785951407, 41.0196779225 ],
					[ 28.9790607362, 41.0199660188 ],
					[ 28.9799052246, 41.020488552 ],
					[ 28.9804473437, 41.0208239844 ],
					[ 28.9810545555, 41.0211996847 ],
					[ 28.9817090778, 41.02160465 ],
					[ 28.9821574535, 41.0218533018 ],
					[ 28.9828168335, 41.0222189625 ],
					[ 28.983293011, 41.0224830222 ],
					[ 28.9850171742, 41.0234391091 ],
					[ 28.9857420864, 41.0238410723 ],
					[ 28.9863299854, 41.0241670561 ],
					[ 28.9869271237, 41.0245570448 ],
					[ 28.9874965082, 41.0249289012 ],
					[ 28.988158822, 41.0253614391 ],
					[ 28.9886255005, 41.0256662076 ],
					[ 28.98927143, 41.0260880304 ],
					[ 28.9902738756, 41.0267426571 ],
					[ 28.990657049, 41.0269928745 ],
					[ 28.9914429024, 41.0276216304 ],
					[ 28.9923793107, 41.0283708219 ],
					[ 28.9936801625, 41.0297001317 ],
					[ 28.9939206731, 41.0299458958 ],
					[ 28.9942288958, 41.0302608486 ],
					[ 28.9944240912, 41.0305771573 ],
					[ 28.9944842214, 41.0306840383 ],
					[ 28.9945383238, 41.0307927503 ],
					[ 28.9945796592, 41.0308868368 ],
					[ 28.9946164813, 41.0309819923 ],
					[ 28.9946487397, 41.031078093 ],
					[ 28.9946763934, 41.0311750126 ],
					[ 28.9946994051, 41.0312726265 ],
					[ 28.9947177469, 41.0313708056 ],
					[ 28.9947313936, 41.0314694219 ],
					[ 28.9947403267, 41.0315683482 ],
					[ 28.9947445351, 41.031667453 ],
					[ 28.9947440137, 41.0317666094 ],
					[ 28.9947387632, 41.0318656857 ],
					[ 28.9947287892, 41.0319645552 ],
					[ 28.9947141066, 41.0320630864 ],
					[ 28.9946947328, 41.0321611517 ],
					[ 28.9946706948, 41.0322586226 ],
					[ 28.9946420218, 41.0323553731 ],
					[ 28.9946087537, 41.0324512768 ],
					[ 28.9945709318, 41.032546207 ],
					[ 28.9945286054, 41.0326400408 ],
					[ 28.994481831, 41.0327326561 ],
					[ 28.99443067, 41.0328239311 ],
					[ 28.9943751871, 41.0329137475 ],
					[ 28.9942571728, 41.0329959597 ],
					[ 28.9940759476, 41.0330787158 ],
					[ 28.9936851377, 41.0332025819 ],
					[ 28.9941115825, 41.0332561108 ],
					[ 28.9944436672, 41.0333525671 ],
					[ 28.9946283668, 41.033413739 ],
					[ 28.9968409737, 41.0341751384 ],
					[ 28.9971043854, 41.0342356903 ],
					[ 28.9973664556, 41.0342994922 ],
					[ 28.9976271146, 41.0343665282 ],
					[ 28.9978862935, 41.0344367789 ],
					[ 28.9981439215, 41.0345102255 ],
					[ 28.9983999322, 41.0345868487 ],
					[ 28.9986542558, 41.0346666288 ],
					[ 28.9989068236, 41.0347495438 ],
					[ 28.9991575708, 41.0348355724 ],
					[ 28.9994064285, 41.0349246905 ],
					[ 28.9996533308, 41.0350168742 ],
					[ 28.9998982113, 41.0351121005 ],
					[ 29.0001410062, 41.0352103426 ],
					[ 29.0003816482, 41.0353115748 ],
					[ 29.0006200759, 41.0354157695 ],
					[ 29.0008562243, 41.0355229001 ],
					[ 29.0010900296, 41.0356329373 ],
					[ 29.0013214306, 41.0357458516 ],
					[ 29.0015503657, 41.035861613 ],
					[ 29.0017767725, 41.0359801901 ],
					[ 29.0020005921, 41.036101552 ],
					[ 29.0022217641, 41.0362256665 ],
					[ 29.0024402286, 41.0363525 ],
					[ 29.0026559278, 41.0364820185 ],
					[ 29.002868805, 41.0366141883 ],
					[ 29.0030788039, 41.0367489729 ],
					[ 29.0032858654, 41.0368863376 ],
					[ 29.0034899378, 41.0370262441 ],
					[ 29.0036909647, 41.0371686568 ],
					[ 29.0038888917, 41.0373135375 ],
					[ 29.0040836673, 41.0374608462 ],
					[ 29.0042752397, 41.0376105445 ],
					[ 29.0044635571, 41.0377625924 ],
					[ 29.0046485703, 41.0379169499 ],
					[ 29.0048302274, 41.0380735743 ],
					[ 29.0050084828, 41.0382324255 ],
					[ 29.0051832872, 41.0383934599 ],
					[ 29.0053545948, 41.0385566348 ],
					[ 29.0055223586, 41.0387219075 ],
					[ 29.0056865341, 41.0388892327 ],
					[ 29.0058470793, 41.0390585657 ],
					[ 29.0060039495, 41.0392298632 ],
					[ 29.0061571038, 41.0394030769 ],
					[ 29.0063065001, 41.0395781624 ],
					[ 29.0064520998, 41.0397550726 ],
					[ 29.0065938631, 41.0399337603 ],
					[ 29.0067317516, 41.0401141775 ],
					[ 29.0068657302, 41.0402962753 ],
					[ 29.0069957629, 41.0404800065 ],
					[ 29.0071218133, 41.0406653222 ],
					[ 29.007243849, 41.0408521718 ],
					[ 29.0073618374, 41.0410405055 ],
					[ 29.0076095025, 41.0409329453 ],
					[ 29.00786076, 41.0408302734 ],
					[ 29.0081154423, 41.0407325594 ],
					[ 29.0083733796, 41.0406398685 ],
					[ 29.0086343986, 41.040552263 ],
					[ 29.0088983235, 41.040469801 ],
					[ 29.0091649789, 41.0403925376 ],
					[ 29.0094341855, 41.0403205261 ],
					[ 29.0097057621, 41.0402538127 ],
					[ 29.0099795295, 41.0401924427 ],
					[ 29.0102553016, 41.0401364585 ],
					[ 29.0105328938, 41.0400858956 ],
					[ 29.0108121222, 41.0400407901 ],
					[ 29.0110927988, 41.0400011701 ],
					[ 29.0113747352, 41.0399670628 ],
					[ 29.011657742, 41.0399384918 ],
					[ 29.0119433885, 41.0399153507 ],
					[ 29.0122297341, 41.0398978481 ],
					[ 29.0125165838, 41.0398859985 ],
					[ 29.0128037448, 41.0398798073 ],
					[ 29.0130910198, 41.0398792793 ],
					[ 29.0133782162, 41.0398844154 ],
					[ 29.013665139, 41.0398952123 ],
					[ 29.0139515934, 41.0399116627 ],
					[ 29.0142443932, 41.0399343681 ],
					[ 29.0145362882, 41.0399629791 ],
					[ 29.0148270728, 41.0399974768 ],
					[ 29.0151165371, 41.040037836 ],
					[ 29.015374812, 41.0400829165 ],
					[ 29.015634304, 41.040132066 ],
					[ 29.0158919651, 41.0401847109 ],
					[ 29.0161483019, 41.0402409404 ],
					[ 29.016353366, 41.0402887339 ],
					[ 29.0165574734, 41.0403388222 ],
					[ 29.016760579, 41.0403911942 ],
					[ 29.0169626367, 41.0404458386 ],
					[ 29.0171636038, 41.0405027424 ],
					[ 29.0173634366, 41.0405618944 ],
					[ 29.0175620901, 41.0406232809 ],
					[ 29.0177595204, 41.0406868879 ],
					[ 29.0179556851, 41.0407527034 ],
					[ 29.0181505402, 41.0408207107 ],
					[ 29.0183440445, 41.040890897 ],
					[ 29.0185361542, 41.0409632447 ],
					[ 29.0187268279, 41.0410377401 ],
					[ 29.018916023, 41.0411143646 ],
					[ 29.0191036994, 41.0411931037 ],
					[ 29.0192898145, 41.041273938 ],
					[ 29.019474327, 41.041356851 ],
					[ 29.019657199, 41.0414418253 ],
					[ 29.019838387, 41.0415288406 ],
					[ 29.0200178542, 41.0416178778 ],
					[ 29.0201955595, 41.0417089186 ],
					[ 29.0203714638, 41.0418019427 ],
					[ 29.0205455293, 41.0418969283 ],
					[ 29.0207177184, 41.041993857 ],
					[ 29.0208879922, 41.0420927052 ],
					[ 29.0210563128, 41.0421934526 ],
					[ 29.021222645, 41.0422960775 ],
					[ 29.0213869499, 41.042400556 ],
					[ 29.0215491944, 41.0425068653 ],
					[ 29.0217093409, 41.0426149827 ],
					[ 29.021867354, 41.0427248845 ],
					[ 29.0220232009, 41.0428365469 ],
					[ 29.0221768461, 41.0429499445 ],
					[ 29.0223282556, 41.0430650527 ],
					[ 29.0224773965, 41.0431818468 ],
					[ 29.0226242358, 41.0433002996 ],
					[ 29.0227687417, 41.0434203875 ],
					[ 29.0229108839, 41.0435420823 ],
					[ 29.0230506281, 41.0436653584 ],
					[ 29.0231879462, 41.0437901877 ],
					[ 29.0233228065, 41.0439165439 ],
					[ 29.0234551797, 41.0440443979 ],
					[ 29.0235850376, 41.0441737234 ],
					[ 29.0237123497, 41.0443044904 ],
					[ 29.0238370915, 41.0444366717 ],
					[ 29.0239592325, 41.0445702372 ],
					[ 29.0240787469, 41.0447051572 ],
					[ 29.0241956078, 41.0448414034 ],
					[ 29.0243097919, 41.0449789451 ],
					[ 29.024421271, 41.0451177523 ],
					[ 29.0245300229, 41.0452577952 ],
					[ 29.024636022, 41.0453990419 ],
					[ 29.0247392462, 41.0455414617 ],
					[ 29.0248396731, 41.0456850238 ],
					[ 29.0249372796, 41.0458296965 ],
					[ 29.0250320459, 41.0459754482 ],
					[ 29.0251239485, 41.0461222461 ],
					[ 29.025212969, 41.0462700587 ],
					[ 29.0252990888, 41.0464188543 ],
					[ 29.0253822858, 41.0465685985 ],
					[ 29.0254625449, 41.0467192596 ],
					[ 29.0255398476, 41.0468708051 ],
					[ 29.0256141766, 41.0470231997 ],
					[ 29.0256855144, 41.0471764118 ],
					[ 29.0260846153, 41.0470388471 ],
					[ 29.0264872287, 41.0469072806 ],
					[ 29.026893197, 41.0467817648 ],
					[ 29.0273023638, 41.0466623482 ],
					[ 29.0277145667, 41.0465490777 ],
					[ 29.0281296458, 41.0464419971 ],
					[ 29.0285474387, 41.0463411492 ],
					[ 29.0289677822, 41.0462465729 ],
					[ 29.0293905128, 41.0461583039 ],
					[ 29.0298154636, 41.0460763784 ],
					[ 29.0302424714, 41.0460008286 ],
					[ 29.0306713668, 41.0459316816 ],
					[ 29.0311019832, 41.0458689676 ],
					[ 29.0315341525, 41.0458127086 ],
					[ 29.0319677058, 41.0457629274 ],
					[ 29.0324024739, 41.0457196434 ],
					[ 29.0328382867, 41.045682874 ],
					[ 29.0332749751, 41.045652633 ],
					[ 29.0337123667, 41.0456289334 ],
					[ 29.0341502914, 41.045611782 ],
					[ 29.034588578, 41.045601188 ],
					[ 29.0350270564, 41.0455971537 ],
					[ 29.0354655543, 41.045599682 ],
					[ 29.0359039006, 41.0456087716 ],
					[ 29.0363419242, 41.0456244183 ],
					[ 29.0367794528, 41.0456466171 ],
					[ 29.0372163178, 41.0456753576 ],
					[ 29.0376523471, 41.0457106303 ],
					[ 29.0380873697, 41.0457524211 ],
					[ 29.0385212171, 41.0458007133 ],
					[ 29.0389537196, 41.0458554875 ],
					[ 29.0393847087, 41.0459167235 ],
					[ 29.0398140149, 41.0459843963 ],
					[ 29.0402414698, 41.0460584804 ],
					[ 29.0406669085, 41.0461389455 ],
					[ 29.041090164, 41.0462257615 ],
					[ 29.0415110714, 41.0463188946 ],
					[ 29.0419294651, 41.0464183075 ],
					[ 29.0423451814, 41.0465239618 ],
					[ 29.0427580593, 41.0466358166 ],
					[ 29.0431679379, 41.0467538276 ],
					[ 29.0435746549, 41.0468779482 ],
					[ 29.0439780541, 41.0470081313 ],
					[ 29.0443779747, 41.0471443252 ],
					[ 29.0447742639, 41.0472864773 ],
					[ 29.0451667646, 41.0474345305 ],
					[ 29.0455553229, 41.0475884288 ],
					[ 29.0459397901, 41.0477481114 ],
					[ 29.0463200124, 41.0479135159 ],
					[ 29.0466958434, 41.0480845781 ],
					[ 29.0470671353, 41.0482612301 ],
					[ 29.0474337442, 41.0484434034 ],
					[ 29.047795526, 41.0486310283 ],
					[ 29.0481523392, 41.0488240289 ],
					[ 29.0485040443, 41.0490223313 ],
					[ 29.0488505036, 41.0492258578 ],
					[ 29.0491915836, 41.0494345298 ],
					[ 29.0495271477, 41.0496482636 ],
					[ 29.0498570687, 41.0498669779 ],
					[ 29.0501812144, 41.0500905861 ],
					[ 29.0504994591, 41.0503190009 ],
					[ 29.0508116789, 41.0505521339 ],
					[ 29.0511177516, 41.0507898923 ],
					[ 29.0514175572, 41.0510321851 ],
					[ 29.0513136444, 41.0512462562 ],
					[ 29.0512120199, 41.0514609557 ],
					[ 29.05111269, 41.0516762691 ],
					[ 29.0510156607, 41.0518921831 ],
					[ 29.0509209382, 41.0521086841 ],
					[ 29.05082853, 41.052325757 ],
					[ 29.0507384409, 41.0525433883 ],
					[ 29.0506506772, 41.0527615636 ],
					[ 29.050565245, 41.0529802686 ],
					[ 29.0504821505, 41.053199488 ],
					[ 29.0504013963, 41.0534192093 ],
					[ 29.0503229909, 41.0536394172 ],
					[ 29.0502469383, 41.0538600973 ],
					[ 29.0501732432, 41.0540812353 ],
					[ 29.0501019108, 41.0543028169 ],
					[ 29.050032946, 41.0545248276 ],
					[ 29.0499663515, 41.0547472531 ],
					[ 29.0499021345, 41.054970079 ],
					[ 29.0498402977, 41.0551932892 ],
					[ 29.049780845, 41.0554168711 ],
					[ 29.0497237801, 41.0556408094 ],
					[ 29.0496691079, 41.0558650888 ],
					[ 29.0496168312, 41.0560896959 ],
					[ 29.0495669537, 41.0563146146 ],
					[ 29.0495194781, 41.0565398312 ],
					[ 29.0494744081, 41.0567653315 ],
					[ 29.0494317463, 41.0569911001 ],
					[ 29.0493914966, 41.0572171218 ],
					[ 29.0493536604, 41.0574433822 ],
					[ 29.0493182403, 41.0576698669 ],
					[ 29.0492852389, 41.0578965607 ],
					[ 29.0492546588, 41.0581234482 ],
					[ 29.0492265015, 41.0583505159 ],
					[ 29.0492007696, 41.0585777486 ],
					[ 29.0491774633, 41.0588051319 ],
					[ 29.0491565853, 41.0590326495 ],
					[ 29.0491381369, 41.0592602872 ],
					[ 29.0491221196, 41.0594880304 ],
					[ 29.0491085336, 41.0597158639 ],
					[ 29.0490973804, 41.0599437742 ],
					[ 29.0490886602, 41.0601717442 ],
					[ 29.0490823744, 41.0603997604 ],
					[ 29.0490785233, 41.0606278075 ],
					[ 29.0490771059, 41.060855871 ],
					[ 29.0490781249, 41.0610839348 ],
					[ 29.0490815768, 41.0613119863 ],
					[ 29.0490874644, 41.0615400084 ],
					[ 29.0490957867, 41.0617679866 ],
					[ 29.0491065415, 41.0619959074 ],
					[ 29.0491197303, 41.0622237546 ],
					[ 29.0491353509, 41.0624515139 ],
					[ 29.0491534036, 41.0626791699 ],
					[ 29.049173885, 41.0629067081 ],
					[ 29.0491967954, 41.0631341133 ],
					[ 29.0492221338, 41.063361371 ],
					[ 29.049249897, 41.0635884668 ],
					[ 29.049280085, 41.0638153854 ],
					[ 29.0493126947, 41.0640421115 ],
					[ 29.0493477238, 41.0642686306 ],
					[ 29.0493851703, 41.0644949284 ],
					[ 29.0494250319, 41.0647209903 ],
					[ 29.0494673065, 41.0649468001 ],
					[ 29.0495119909, 41.0651723444 ],
					[ 29.0495590816, 41.0653976077 ],
					[ 29.0496465389, 41.0657879559 ],
					[ 29.0497412244, 41.0661773361 ],
					[ 29.0498431167, 41.0665656736 ],
					[ 29.0499521994, 41.0669528906 ],
					[ 29.0500684497, 41.0673389114 ],
					[ 29.0501918451, 41.0677236602 ],
					[ 29.0503223606, 41.0681070609 ],
					[ 29.0504599713, 41.0684890379 ],
					[ 29.0506046497, 41.068869516 ],
					[ 29.0507563675, 41.0692484204 ],
					[ 29.0509150959, 41.0696256768 ],
					[ 29.051080804, 41.0700012104 ],
					[ 29.0512534574, 41.0703749486 ],
					[ 29.0514330238, 41.0707468157 ],
					[ 29.0516194675, 41.0711167401 ],
					[ 29.0518127517, 41.0714846486 ],
					[ 29.0519994155, 41.0718263743 ],
					[ 29.05219198, 41.0721662186 ],
					[ 29.0523904142, 41.0725041245 ],
					[ 29.0525946842, 41.0728400341 ],
					[ 29.0528047531, 41.0731738893 ],
					[ 29.0530205859, 41.0735056323 ],
					[ 29.0532421455, 41.0738352068 ],
					[ 29.0534693947, 41.0741625558 ],
					[ 29.0536784622, 41.0744548236 ],
					[ 29.0538920658, 41.0747452085 ],
					[ 29.0541101752, 41.0750336688 ],
					[ 29.05433276, 41.0753201656 ],
					[ 29.0546198501, 41.075678674 ],
					[ 29.0549139474, 41.0760339148 ],
					[ 29.0552149889, 41.0763858108 ],
					[ 29.0555229069, 41.076734283 ],
					[ 29.0556946136, 41.0769884586 ],
					[ 29.0558825497, 41.0772764899 ],
					[ 29.0560648521, 41.0775665881 ],
					[ 29.05624148, 41.0778586898 ],
					[ 29.0564123937, 41.0781527317 ],
					[ 29.0565775572, 41.0784486495 ],
					[ 29.0567369357, 41.0787463783 ],
					[ 29.0568904919, 41.0790458546 ],
					[ 29.0570381934, 41.0793470116 ],
					[ 29.0571784165, 41.0796463073 ],
					[ 29.0573128573, 41.0799471187 ],
					[ 29.0574414869, 41.0802493806 ],
					[ 29.0575642776, 41.0805530308 ],
					[ 29.0576812028, 41.0808580034 ],
					[ 29.0577922385, 41.0811642342 ],
					[ 29.0578973617, 41.0814716574 ],
					[ 29.057996547, 41.0817802078 ],
					[ 29.0580983145, 41.0821192572 ],
					[ 29.0581929128, 41.0824594931 ],
					[ 29.0582803204, 41.082800829 ],
					[ 29.0583605135, 41.0831431774 ],
					[ 29.0584172523, 41.0834070306 ],
					[ 29.0584697049, 41.0836713917 ],
					[ 29.0585073356, 41.0840669148 ],
					[ 29.0585574837, 41.0846645605 ],
					[ 29.0585995897, 41.08526256 ],
					[ 29.0586336496, 41.0858608539 ],
					[ 29.0586596593, 41.0864593782 ],
					[ 29.0586776158, 41.0870580726 ],
					[ 29.0586875163, 41.087656873 ],
					[ 29.0586893615, 41.0882557193 ],
					[ 29.0586831483, 41.0888545491 ],
					[ 29.05866888, 41.0894532996 ],
					[ 29.0586465559, 41.0900519095 ],
					[ 29.0586161791, 41.0906503157 ],
					[ 29.0585777526, 41.0912484571 ],
					[ 29.0585312783, 41.0918462716 ],
					[ 29.0584767629, 41.092443697 ],
					[ 29.0584142116, 41.0930406721 ],
					[ 29.0583436289, 41.093637134 ],
					[ 29.0582650237, 41.0942330215 ],
					[ 29.0581784037, 41.0948282724 ],
					[ 29.058083778, 41.0954228257 ],
					[ 29.0579811545, 41.0960166192 ],
					[ 29.0578705444, 41.0966095918 ],
					[ 29.0577519603, 41.0972016814 ],
					[ 29.0576254125, 41.0977928268 ],
					[ 29.0574909147, 41.098382967 ],
					[ 29.0573484806, 41.0989720407 ],
					[ 29.0571981253, 41.0995599878 ],
					[ 29.0570398624, 41.1001467452 ],
					[ 29.0568737105, 41.1007322546 ],
					[ 29.0566996846, 41.1013164531 ],
					[ 29.0565178032, 41.1018992812 ],
					[ 29.0563280859, 41.102480678 ],
					[ 29.0561305502, 41.103060584 ],
					[ 29.0562786605, 41.1031938734 ],
					[ 29.0564249048, 41.1033283368 ],
					[ 29.0565692665, 41.1034639596 ],
					[ 29.0567117292, 41.1036007265 ],
					[ 29.0568522777, 41.1037386229 ],
					[ 29.0569908954, 41.1038776324 ],
					[ 29.0571275671, 41.1040177397 ],
					[ 29.0572622776, 41.1041589301 ],
					[ 29.0573950128, 41.1043011875 ],
					[ 29.0575257563, 41.1044444955 ],
					[ 29.0576544951, 41.1045888394 ],
					[ 29.0577812152, 41.1047342014 ],
					[ 29.0579059002, 41.1048805667 ],
					[ 29.0580285384, 41.1050279192 ],
					[ 29.0581491145, 41.1051762406 ],
					[ 29.0582676157, 41.1053255165 ],
					[ 29.0583840291, 41.1054757296 ],
					[ 29.058498343, 41.1056268629 ],
					[ 29.0586105422, 41.1057788999 ],
					[ 29.058720615, 41.1059318234 ],
					[ 29.0588285498, 41.1060856172 ],
					[ 29.0589343337, 41.1062402622 ],
					[ 29.0590379561, 41.1063957439 ],
					[ 29.0591394043, 41.1065520426 ],
					[ 29.0592386677, 41.1067091426 ],
					[ 29.0593357347, 41.1068670261 ],
					[ 29.0594305949, 41.1070256748 ],
					[ 29.0595232377, 41.1071850707 ],
					[ 29.0596136526, 41.1073451984 ],
					[ 29.0597018304, 41.1075060371 ],
					[ 29.0597877595, 41.1076675714 ],
					[ 29.0598714317, 41.1078297815 ],
					[ 29.0599528377, 41.1079926501 ],
					[ 29.0600319671, 41.1081561601 ],
					[ 29.060108813, 41.1083202917 ],
					[ 29.060183365, 41.1084850266 ],
					[ 29.060255616, 41.1086503479 ],
					[ 29.060325558, 41.1088162364 ],
					[ 29.060393183, 41.1089826732 ],
					[ 29.0604584817, 41.1091496403 ],
					[ 29.0605214495, 41.1093171197 ],
					[ 29.0605820784, 41.1094850913 ],
					[ 29.0606403602, 41.1096535381 ],
					[ 29.0606962906, 41.1098224393 ],
					[ 29.0607498625, 41.1099917787 ],
					[ 29.0608010703, 41.1101615355 ],
					[ 29.0608499071, 41.1103316907 ],
					[ 29.0608963683, 41.1105022273 ],
					[ 29.0609404484, 41.1106731244 ],
					[ 29.0609821427, 41.1108443639 ],
					[ 29.0610214468, 41.1110159262 ],
					[ 29.0610583549, 41.1111877922 ],
					[ 29.061092865, 41.1113599438 ],
					[ 29.0611249724, 41.1115323613 ],
					[ 29.0611546728, 41.1117050248 ],
					[ 29.061181964, 41.1118779153 ],
					[ 29.0612068415, 41.1120510149 ],
					[ 29.0612293044, 41.1122243028 ],
					[ 29.0612493481, 41.1123977601 ],
					[ 29.0612669716, 41.1125713678 ],
					[ 29.061282173, 41.1127451061 ],
					[ 29.0612949501, 41.1129189571 ],
					[ 29.0613053018, 41.113092899 ],
					[ 29.0613132274, 41.1132669148 ],
					[ 29.0613812895, 41.1131919315 ],
					[ 29.0614520573, 41.1131183937 ],
					[ 29.0615254753, 41.1130463578 ],
					[ 29.0616014877, 41.1129758782 ],
					[ 29.0616800381, 41.1129070084 ],
					[ 29.061761066, 41.1128398003 ],
					[ 29.0618445112, 41.1127743064 ],
					[ 29.0619303087, 41.1127105749 ],
					[ 29.0620183947, 41.1126486537 ],
					[ 29.0621087019, 41.112588592 ],
					[ 29.0622011606, 41.1125304332 ],
					[ 29.0622957035, 41.1124742218 ],
					[ 29.0623922562, 41.1124200013 ],
					[ 29.0624907466, 41.1123678117 ],
					[ 29.0625911004, 41.1123176937 ],
					[ 29.0626932396, 41.1122696846 ],
					[ 29.0627970888, 41.1122238215 ],
					[ 29.0629025689, 41.112180138 ],
					[ 29.0630095996, 41.1121386685 ],
					[ 29.0631180995, 41.112099444 ],
					[ 29.0632279862, 41.1120624935 ],
					[ 29.063339177, 41.1120278459 ],
					[ 29.063451587, 41.1119955276 ],
					[ 29.0635651302, 41.1119655623 ],
					[ 29.0636797218, 41.1119379735 ],
					[ 29.0637952757, 41.1119127821 ],
					[ 29.0639117012, 41.1118900064 ],
					[ 29.0640289124, 41.1118696645 ],
					[ 29.0641468209, 41.1118517718 ],
					[ 29.0642653349, 41.1118363404 ],
					[ 29.0643843661, 41.1118233847 ],
					[ 29.064503824, 41.1118129122 ],
					[ 29.0646225396, 41.1118049925 ],
					[ 29.0647414965, 41.1117995256 ],
					[ 29.0648606055, 41.1117965171 ],
					[ 29.0649797796, 41.1117959672 ],
					[ 29.0650990901, 41.1117978818 ],
					[ 29.0652182872, 41.1118022617 ],
					[ 29.0653379261, 41.1118091473 ],
					[ 29.0654546987, 41.1118183417 ],
					[ 29.0655752546, 41.1118305011 ],
					[ 29.0656953266, 41.1118451426 ],
					[ 29.0658148266, 41.1118622546 ],
					[ 29.0659336656, 41.1118818237 ],
					[ 29.0660517545, 41.1119038368 ],
					[ 29.0661690067, 41.1119282768 ],
					[ 29.0662853343, 41.111955125 ],
					[ 29.0664006507, 41.1119843628 ],
					[ 29.066514261, 41.1120157909 ],
					[ 29.0666267028, 41.1120495388 ],
					[ 29.0667378931, 41.1120855797 ],
					[ 29.0668477502, 41.1121238879 ],
					[ 29.0669561934, 41.1121644356 ],
					[ 29.0670631423, 41.1122071924 ],
					[ 29.0671685199, 41.1122521271 ],
					[ 29.0672722469, 41.1122992067 ],
					[ 29.0673742476, 41.1123483964 ],
					[ 29.0674744476, 41.1123996595 ],
					[ 29.0675727724, 41.1124529594 ],
					[ 29.0676691498, 41.1125082568 ],
					[ 29.0677635092, 41.1125655098 ],
					[ 29.0678557807, 41.1126246772 ],
					[ 29.0679458972, 41.1126857153 ],
					[ 29.0680337914, 41.1127485803 ],
					[ 29.0681540197, 41.1128403864 ],
					[ 29.0682695103, 41.1129356081 ],
					[ 29.0685656345, 41.1131542309 ],
					[ 29.0688553268, 41.113377729 ],
					[ 29.0691304632, 41.113599416 ],
					[ 29.0693992721, 41.1138255002 ],
					[ 29.0695454038, 41.1139525894 ],
					[ 29.0696895378, 41.1140809796 ],
					[ 29.0698316505, 41.1142106508 ],
					[ 29.069971723, 41.1143415858 ],
					[ 29.0701097367, 41.1144737655 ],
					[ 29.0702456703, 41.1146071726 ],
					[ 29.0703795062, 41.1147417872 ],
					[ 29.0705112256, 41.1148775912 ],
					[ 29.070644244, 41.1150182435 ],
					[ 29.070774992, 41.1151601073 ],
					[ 29.0709034497, 41.1153031636 ],
					[ 29.0710295984, 41.1154473897 ],
					[ 29.0711534191, 41.1155927656 ],
					[ 29.0712748945, 41.1157392696 ],
					[ 29.0713940057, 41.1158868791 ],
					[ 29.0715107351, 41.1160355732 ],
					[ 29.0716250653, 41.1161853292 ],
					[ 29.0717369798, 41.1163361264 ],
					[ 29.0718464623, 41.1164879403 ],
					[ 29.0719534952, 41.11664075 ],
					[ 29.0720580646, 41.1167945329 ],
					[ 29.072160154, 41.1169492655 ],
					[ 29.0722597483, 41.1171049261 ],
					[ 29.0723568324, 41.1172614902 ],
					[ 29.0724520273, 41.1174200074 ],
					[ 29.072544648, 41.1175793943 ],
					[ 29.0726346819, 41.1177396265 ],
					[ 29.0727221162, 41.1179006805 ],
					[ 29.0728069368, 41.1180625309 ],
					[ 29.0728891323, 41.1182251553 ],
					[ 29.0729686886, 41.1183885282 ],
					[ 29.0730455942, 41.1185526253 ],
					[ 29.0731198387, 41.1187174222 ],
					[ 29.0731914104, 41.1188828936 ],
					[ 29.073260298, 41.119049015 ],
					[ 29.0733264908, 41.1192157621 ],
					[ 29.073389981, 41.1193831097 ],
					[ 29.073450757, 41.1195510323 ],
					[ 29.0735088096, 41.1197195048 ],
					[ 29.0735641319, 41.1198885018 ],
					[ 29.0736167137, 41.1200579982 ],
					[ 29.073666548, 41.1202279694 ],
					[ 29.0737136281, 41.1203983885 ],
					[ 29.0737579448, 41.1205692311 ],
					[ 29.0737994936, 41.120740471 ],
					[ 29.0738382667, 41.120912083 ],
					[ 29.0738742583, 41.1210840408 ],
					[ 29.073907464, 41.1212563193 ],
					[ 29.0739378795, 41.1214288914 ],
					[ 29.0739654978, 41.1216017327 ],
					[ 29.0739903159, 41.1217748163 ],
					[ 29.0740123316, 41.1219481177 ],
					[ 29.0740315393, 41.1221216091 ],
					[ 29.0740479358, 41.1222952651 ],
					[ 29.0740615215, 41.1224690606 ],
					[ 29.0740722919, 41.1226429677 ],
					[ 29.0740844675, 41.1229516531 ],
					[ 29.0740877762, 41.1232604662 ],
					[ 29.0740822162, 41.1235692603 ],
					[ 29.0740677896, 41.1238778903 ],
					[ 29.0740445042, 41.1241862105 ],
					[ 29.0740123691, 41.1244940759 ],
					[ 29.0739714005, 41.1248013409 ],
					[ 29.0739216181, 41.1251078605 ],
					[ 29.073863043, 41.1254134901 ],
					[ 29.0737957056, 41.1257180866 ],
					[ 29.0737196352, 41.1260215053 ],
					[ 29.0736348695, 41.1263236023 ],
					[ 29.0735414459, 41.1266242377 ],
					[ 29.0734394106, 41.1269232675 ],
					[ 29.0733288106, 41.1272205508 ],
					[ 29.0732096989, 41.1275159485 ],
					[ 29.0727824563, 41.1281378338 ],
					[ 29.0723600389, 41.1287616022 ],
					[ 29.0719424625, 41.1293872322 ],
					[ 29.0715297408, 41.1300147024 ],
					[ 29.0711218872, 41.1306439922 ],
					[ 29.0707189175, 41.1312750785 ],
					[ 29.0703208442, 41.1319079405 ],
					[ 29.0699276831, 41.1325425561 ],
					[ 29.0695394454, 41.1331789037 ],
					[ 29.0691561469, 41.133816962 ],
					[ 29.0687777987, 41.1344567075 ],
					[ 29.0684044157, 41.1350981199 ],
					[ 29.0680360102, 41.1357411767 ],
					[ 29.0676725956, 41.1363858547 ],
					[ 29.0673141832, 41.1370321332 ],
					[ 29.0669607864, 41.1376799892 ],
					[ 29.0666071804, 41.1383392479 ],
					[ 29.0662587675, 41.1390000864 ],
					[ 29.0659155613, 41.1396624805 ],
					[ 29.065577573, 41.1403264078 ],
					[ 29.0652448162, 41.1409918441 ],
					[ 29.064917302, 41.1416587654 ],
					[ 29.0645950428, 41.1423271492 ],
					[ 29.0642780487, 41.1429969722 ],
					[ 29.0639469076, 41.143710466 ],
					[ 29.0636217414, 41.1444255291 ],
					[ 29.0633025638, 41.1451421336 ],
					[ 29.0629893873, 41.145860251 ],
					[ 29.0627057509, 41.1465241816 ],
					[ 29.0624272453, 41.1471893535 ],
					[ 29.0622531313, 41.1476379186 ],
					[ 29.0620818185, 41.1480871004 ],
					[ 29.061873566, 41.1486441688 ],
					[ 29.0616696234, 41.1492021489 ],
					[ 29.0614699947, 41.14976102 ],
					[ 29.061274691, 41.1503207625 ],
					[ 29.0610837151, 41.1508813592 ],
					[ 29.0608970768, 41.1514427896 ],
					[ 29.0607147801, 41.1520050339 ],
					[ 29.0605368326, 41.1525680751 ],
					[ 29.0603632406, 41.1531318916 ],
					[ 29.0601940092, 41.1536964656 ],
					[ 29.0600291459, 41.1542617781 ],
					[ 29.0598686548, 41.1548278085 ],
					[ 29.0597125421, 41.1553945379 ],
					[ 29.0595608142, 41.1559619476 ],
					[ 29.0594134738, 41.1565300178 ],
					[ 29.0592705297, 41.1570987296 ],
					[ 29.0591319835, 41.1576680624 ],
					[ 29.0589978415, 41.1582379973 ],
					[ 29.0588681089, 41.1588085154 ],
					[ 29.0587427896, 41.1593795962 ],
					[ 29.0586218887, 41.1599512216 ],
					[ 29.0585054091, 41.160523371 ],
					[ 29.058393356, 41.1610960246 ],
					[ 29.0582857332, 41.1616691636 ],
					[ 29.0581825436, 41.1622427682 ],
					[ 29.0580837922, 41.1628168186 ],
					[ 29.0579894808, 41.1633912951 ],
					[ 29.0578996145, 41.1639661787 ],
					[ 29.057814196, 41.1645414498 ],
					[ 29.0577332281, 41.1651170876 ],
					[ 29.0575846542, 41.166269388 ],
					[ 29.0582834059, 41.1662950234 ],
					[ 29.0592480048, 41.1663317036 ],
					[ 29.0611298494, 41.1665460351 ],
					[ 29.0636462885, 41.1670853048 ],
					[ 29.0656098336, 41.1677297489 ],
					[ 29.0680423783, 41.1688562953 ],
					[ 29.0708579629, 41.1707857491 ],
					[ 29.0727053408, 41.1726577293 ],
					[ 29.0742683965, 41.1750782393 ],
					[ 29.0748884813, 41.1766265969 ],
					[ 29.0753063061, 41.1785778127 ],
					[ 29.0753545743, 41.1803746201 ],
					[ 29.0751996679, 41.1816276668 ],
					[ 29.0762923307, 41.1812282928 ],
					[ 29.077372555, 41.1808689593 ],
					[ 29.0794459909, 41.1799652865 ],
					[ 29.0818205542, 41.1786747697 ],
					[ 29.084178933, 41.1770511074 ],
					[ 29.086422241, 41.1750646845 ],
					[ 29.0879039343, 41.1733962313 ]
				]
			},
			"properties" : {
				"ISIM_HAT" : "Boğazdan Geliş-Boğaza Gidiş",
				"TUR_HAT" : "Şehir Hatları",
				"HAT_ROTA" : "Eminönü-Kabataş-Beşiktaş-Ortaköy-Çengelköy-Emirgan-İstinye-Sarıyer-Rumeli Kavağı-Anadolu Kavağı"
			}
		},
		{
			"type" : "Feature",
			"geometry" : {
				"type" : "LineString",
				"coordinates" : [
					[ 28.9751598563, 41.0175457041 ],
					[ 28.9757057869, 41.0178343716 ],
					[ 28.9762551159, 41.0181193209 ],
					[ 28.976807797, 41.018400529 ],
					[ 28.9773637879, 41.0186779721 ],
					[ 28.9779230436, 41.0189516281 ],
					[ 28.9784855181, 41.0192214767 ],
					[ 28.9790511664, 41.019487494 ],
					[ 28.9796199437, 41.01974966 ],
					[ 28.9801918039, 41.0200079523 ],
					[ 28.980766702, 41.0202623518 ],
					[ 28.9813445895, 41.0205128373 ],
					[ 28.9819254228, 41.0207593884 ],
					[ 28.982509152, 41.0210019858 ],
					[ 28.9830957334, 41.0212406093 ],
					[ 28.9836851174, 41.0214752394 ],
					[ 28.9842772577, 41.0217058586 ],
					[ 28.9848721071, 41.0219324467 ],
					[ 28.9854696169, 41.0221549879 ],
					[ 28.9860697386, 41.0223734618 ],
					[ 28.9866724261, 41.0225878519 ],
					[ 28.9872776283, 41.0227981405 ],
					[ 28.987885298, 41.0230043109 ],
					[ 28.9884953864, 41.0232063475 ],
					[ 28.9891078451, 41.0234042326 ],
					[ 28.9897226231, 41.0235979504 ],
					[ 28.9903396717, 41.0237874861 ],
					[ 28.9909589411, 41.0239728248 ],
					[ 28.9915803815, 41.0241539497 ],
					[ 28.9922039432, 41.0243308479 ],
					[ 28.9928295763, 41.0245035045 ],
					[ 28.993457231, 41.0246719063 ],
					[ 28.994086855, 41.0248360394 ],
					[ 28.9947183985, 41.0249958898 ],
					[ 28.9953518105, 41.0251514454 ],
					[ 28.9959870411, 41.025302693 ],
					[ 28.9966240381, 41.0254496222 ],
					[ 28.9972627516, 41.0255922192 ],
					[ 28.9979031282, 41.0257304734 ],
					[ 28.9985451167, 41.0258643728 ],
					[ 28.9991886674, 41.0259939078 ],
					[ 28.9998337267, 41.0261190681 ],
					[ 29.0004802435, 41.0262398424 ],
					[ 29.0011281655, 41.026356222 ],
					[ 29.0017774405, 41.0264681976 ],
					[ 29.0024280174, 41.0265757588 ],
					[ 29.0030798414, 41.0266788987 ],
					[ 29.0037328626, 41.0267776078 ],
					[ 29.0043870263, 41.0268718786 ],
					[ 29.0050422825, 41.0269617034 ],
					[ 29.0056985755, 41.0270470752 ],
					[ 29.0063558539, 41.0271279875 ],
					[ 29.0070140655, 41.0272044324 ],
					[ 29.0076731566, 41.0272764051 ],
					[ 29.0083330727, 41.0273438988 ],
					[ 29.0089937636, 41.0274069093 ],
					[ 29.0096551747, 41.0274654299 ],
					[ 29.0103172523, 41.0275194575 ],
					[ 29.0109799442, 41.027568987 ],
					[ 29.0116431966, 41.0276140144 ],
					[ 29.0123069548, 41.0276545356 ],
					[ 29.0129711676, 41.0276905484 ],
					[ 29.0136357803, 41.0277220496 ],
					[ 29.0143007391, 41.027749036 ],
					[ 29.0149659918, 41.0277715063 ],
					[ 29.0149567183, 41.0279915497 ],
					[ 29.0149513925, 41.0282116672 ],
					[ 29.0149500173, 41.0284318204 ],
					[ 29.0149525922, 41.0286519668 ],
					[ 29.0149591167, 41.0288720668 ],
					[ 29.0149695902, 41.0290920789 ],
					[ 29.0149840098, 41.0293119627 ],
					[ 29.0150023726, 41.0295316776 ],
					[ 29.0150246768, 41.029751184 ],
					[ 29.0150509171, 41.0299704404 ],
					[ 29.0150810894, 41.030189407 ],
					[ 29.0151151885, 41.0304080426 ],
					[ 29.0151532066, 41.0306263073 ],
					[ 29.0151951385, 41.0308441597 ],
					[ 29.0152409752, 41.031061562 ],
					[ 29.0152907078, 41.0312784716 ],
					[ 29.01534433, 41.0314948499 ],
					[ 29.015401828, 41.0317106561 ],
					[ 29.0154631953, 41.0319258516 ],
					[ 29.0155284171, 41.0321403947 ],
					[ 29.0155974833, 41.0323542476 ],
					[ 29.0156703803, 41.0325673704 ],
					[ 29.0157470957, 41.0327797226 ],
					[ 29.0158276145, 41.0329912663 ],
					[ 29.0159119219, 41.0332019625 ],
					[ 29.0160000032, 41.0334117715 ],
					[ 29.016091841, 41.0336206544 ],
					[ 29.0161874193, 41.0338285733 ],
					[ 29.016286721, 41.0340354893 ],
					[ 29.0163897262, 41.0342413652 ],
					[ 29.0164964156, 41.0344461614 ],
					[ 29.0166067717, 41.0346498416 ],
					[ 29.0167264918, 41.0348623278 ],
					[ 29.0168502004, 41.0350734999 ],
					[ 29.0169778733, 41.0352833154 ],
					[ 29.017109485, 41.0354917308 ],
					[ 29.0172450076, 41.0356987036 ],
					[ 29.0173844155, 41.035904193 ],
					[ 29.0175276786, 41.0361081556 ],
					[ 29.0176747688, 41.0363105514 ],
					[ 29.0178256549, 41.0365113379 ],
					[ 29.0179803087, 41.0367104751 ],
					[ 29.0181386965, 41.0369079224 ],
					[ 29.0183007868, 41.0371036397 ],
					[ 29.0184665481, 41.0372975862 ],
					[ 29.0186359441, 41.0374897238 ],
					[ 29.0188089421, 41.0376800136 ],
					[ 29.018985507, 41.0378684155 ],
					[ 29.0191647545, 41.0380540279 ],
					[ 29.0193474639, 41.0382376948 ],
					[ 29.019533599, 41.0384193799 ],
					[ 29.0197231211, 41.0385990468 ],
					[ 29.0199159914, 41.0387766591 ],
					[ 29.0201121737, 41.0389521806 ],
					[ 29.0203116257, 41.0391255756 ],
					[ 29.0205143099, 41.0392968107 ],
					[ 29.0207017649, 41.0394509219 ],
					[ 29.0208918383, 41.0396031858 ],
					[ 29.021149645, 41.0397667921 ],
					[ 29.0214017933, 41.039935377 ],
					[ 29.0216481159, 41.0401088301 ],
					[ 29.0218884505, 41.0402870356 ],
					[ 29.0220906927, 41.0404443749 ],
					[ 29.0222882657, 41.0406050795 ],
					[ 29.0224810708, 41.0407690697 ],
					[ 29.0226690141, 41.0409362643 ],
					[ 29.0228664238, 41.0411203393 ],
					[ 29.0230579394, 41.0413079496 ],
					[ 29.0232434519, 41.041498987 ],
					[ 29.0234228522, 41.0416933427 ],
					[ 29.0235960373, 41.0418909032 ],
					[ 29.0237629078, 41.0420915543 ],
					[ 29.023923369, 41.0422951818 ],
					[ 29.0240773251, 41.0425016677 ],
					[ 29.0241728659, 41.0426359263 ],
					[ 29.0242656577, 41.042771287 ],
					[ 29.0243556774, 41.0429077156 ],
					[ 29.0244429026, 41.0430451811 ],
					[ 29.024527315, 41.0431836493 ],
					[ 29.0246088911, 41.0433230883 ],
					[ 29.0246876148, 41.0434634649 ],
					[ 29.0247634652, 41.0436047454 ],
					[ 29.0248364249, 41.0437468955 ],
					[ 29.0249064765, 41.0438898818 ],
					[ 29.0249736027, 41.0440336699 ],
					[ 29.0250377886, 41.0441782264 ],
					[ 29.0250990179, 41.0443235151 ],
					[ 29.0251572757, 41.0444695035 ],
					[ 29.0252125495, 41.0446161554 ],
					[ 29.0252648241, 41.0447634356 ],
					[ 29.0253140884, 41.0449113099 ],
					[ 29.0253603308, 41.0450597421 ],
					[ 29.02540354, 41.0452086978 ],
					[ 29.0254437045, 41.0453581411 ],
					[ 29.0254808166, 41.0455080357 ],
					[ 29.0255148661, 41.0456583466 ],
					[ 29.0255458463, 41.0458090376 ],
					[ 29.0255737471, 41.0459600726 ],
					[ 29.0255985642, 41.0461114165 ],
					[ 29.0256202909, 41.0462630323 ],
					[ 29.0256389219, 41.0464148839 ],
					[ 29.025654454, 41.0465669354 ],
					[ 29.0256668808, 41.0467191496 ],
					[ 29.0256762014, 41.0468714916 ],
					[ 29.0256824128, 41.0470239244 ],
					[ 29.0256855144, 41.0471764118 ]
				]
			},
			"properties" : {
				"ISIM_HAT" : "Kısa Boğaz Turu",
				"TUR_HAT" : "Şehir Hatları",
				"HAT_ROTA" : "Eminönü-Üsküdar-Ortaköy"
			}
		},
		{
			"type" : "Feature",
			"geometry" : {
				"type" : "LineString",
				"coordinates" : [
					[ 29.0573095162, 41.1134816974 ],
					[ 29.0576372772, 41.1136223968 ],
					[ 29.0576787806, 41.1136333379 ],
					[ 29.0577111128, 41.1136193081 ],
					[ 29.0579709661, 41.113459808 ],
					[ 29.0581045524, 41.1133488455 ],
					[ 29.0582954041, 41.113200477 ],
					[ 29.0584560289, 41.113072744 ],
					[ 29.0598089065, 41.112156223 ],
					[ 29.0598827855, 41.112104077 ],
					[ 29.0600747252, 41.1120156893 ],
					[ 29.0602680726, 41.111929075 ],
					[ 29.0604628001, 41.1118442481 ],
					[ 29.0606588789, 41.1117612202 ],
					[ 29.0608562802, 41.1116800045 ],
					[ 29.061054973, 41.1116006124 ],
					[ 29.0612549298, 41.1115230555 ],
					[ 29.0614561194, 41.111447346 ],
					[ 29.061658513, 41.1113734955 ],
					[ 29.0618620797, 41.1113015135 ],
					[ 29.0620667907, 41.1112314107 ],
					[ 29.0622726149, 41.1111631994 ],
					[ 29.0624795212, 41.1110968883 ],
					[ 29.0626874797, 41.1110324871 ],
					[ 29.0628964594, 41.1109700055 ],
					[ 29.0631064292, 41.110909454 ],
					[ 29.0633173581, 41.1108508394 ],
					[ 29.0635292148, 41.1107941725 ],
					[ 29.0638246987, 41.1107187724 ],
					[ 29.0641218235, 41.1106471595 ],
					[ 29.0644205055, 41.1105793547 ],
					[ 29.0647206601, 41.1105153752 ],
					[ 29.0650222001, 41.1104552412 ],
					[ 29.0653250407, 41.110398969 ],
					[ 29.065629095, 41.1103465749 ],
					[ 29.0659342758, 41.1102980736 ],
					[ 29.0661696675, 41.1102634344 ],
					[ 29.0664056333, 41.1102311107 ],
					[ 29.066642135, 41.1102011077 ],
					[ 29.0669245398, 41.1101684019 ],
					[ 29.0673607675, 41.1101331671 ],
					[ 29.0825008834, 41.1085290561 ]
				]
			},
			"properties" : {
				"ISIM_HAT" : "İstinye-Çubuklu (Arabalı Vapur)",
				"TUR_HAT" : "Şehir Hatları",
				"HAT_ROTA" : "İstinye-Çubuklu"
			}
		},
		{
			"type" : "Feature",
			"geometry" : {
				"type" : "LineString",
				"coordinates" : [
					[ 29.0940577937, 40.9514859167 ],
					[ 29.095153753, 40.9501953069 ],
					[ 29.0953155352, 40.9498535021 ],
					[ 29.0953636852, 40.9495489253 ],
					[ 29.0951714855, 40.9493568204 ],
					[ 29.0946705947, 40.9492194705 ],
					[ 29.0940429885, 40.9491573617 ],
					[ 29.0923029405, 40.9493693252 ],
					[ 29.0903976998, 40.9496013811 ],
					[ 29.088268092, 40.9498607242 ],
					[ 29.0853417149, 40.9502170305 ],
					[ 29.0826979516, 40.9505388592 ],
					[ 29.0716127856, 40.9520810828 ],
					[ 29.0613516017, 40.9542455725 ],
					[ 29.0513650723, 40.9574470962 ],
					[ 29.0406919177, 40.9598188324 ],
					[ 29.0311173789, 40.9642645113 ],
					[ 29.0240147587, 40.9693320387 ],
					[ 29.0169121384, 40.9752286332 ],
					[ 29.0110454924, 40.9804508247 ],
					[ 29.0054534998, 40.9867092585 ],
					[ 29.0007541389, 40.9923969931 ],
					[ 28.9970590018, 40.9983498308 ],
					[ 28.9954087856, 41.0044421521 ],
					[ 28.9952607223, 41.00498872 ],
					[ 28.9952713909, 41.0085054589 ],
					[ 28.9948958215, 41.0121515416 ],
					[ 28.9944511901, 41.0134535591 ],
					[ 28.9937473503, 41.0142336164 ],
					[ 28.9928522547, 41.0151787681 ],
					[ 28.9918938267, 41.0157456162 ],
					[ 28.9866945691, 41.0184069687 ],
					[ 28.9817356333, 41.0203170344 ],
					[ 28.9792046687, 41.021194339 ],
					[ 28.9765707069, 41.0217608047 ],
					[ 28.9772917414, 41.0216905796 ],
					[ 28.9780642738, 41.0217563426 ],
					[ 28.9787938895, 41.0219710429 ],
					[ 28.9794509029, 41.0221996063 ],
					[ 28.9799078024, 41.0223747475 ],
					[ 28.9812917307, 41.0227640765 ],
					[ 28.9826823006, 41.0234783903 ],
					[ 28.9852059512, 41.0246868345 ],
					[ 28.9874206027, 41.026102461 ],
					[ 28.9887210486, 41.0268944391 ],
					[ 28.9900043309, 41.027692882 ],
					[ 28.9904957663, 41.0281811308 ],
					[ 28.9909957904, 41.0286240516 ],
					[ 28.9913413142, 41.0289698465 ],
					[ 28.9918241674, 41.0294451355 ],
					[ 28.9923156052, 41.0299447022 ],
					[ 28.9927812923, 41.0303730439 ],
					[ 28.9933328091, 41.0308434672 ],
					[ 28.9939799115, 41.0314441659 ],
					[ 28.9948462007, 41.0321998042 ],
					[ 28.9949389802, 41.0323054389 ],
					[ 28.995006883, 41.0323917988 ],
					[ 28.9950374724, 41.0324492434 ],
					[ 28.9950491857, 41.0325065234 ],
					[ 28.9950000055, 41.032561287 ],
					[ 28.9949000972, 41.0326140206 ],
					[ 28.9936851377, 41.0332025819 ]
				]
			},
			"properties" : {
				"ISIM_HAT" : "Bostancı-Karaköy-Kabataş",
				"TUR_HAT" : "Şehir Hatları",
				"HAT_ROTA" : "Bostancı-Karaköy-Kabataş"
			}
		},
		{
			"type" : "Feature",
			"geometry" : {
				"type" : "LineString",
				"coordinates" : [
					[ 29.0903133276, 41.134311015 ],
					[ 29.0902580369, 41.1340351026 ],
					[ 29.090205929, 41.1337588362 ],
					[ 29.0901570072, 41.1334822366 ],
					[ 29.0901112746, 41.1332053254 ],
					[ 29.0900687358, 41.1329281242 ],
					[ 29.0900293927, 41.132650652 ],
					[ 29.0899932499, 41.1323729322 ],
					[ 29.0899603092, 41.1320949847 ],
					[ 29.0899305729, 41.1318168302 ],
					[ 29.0899040441, 41.1315384903 ],
					[ 29.0898807225, 41.1312599866 ],
					[ 29.0898606126, 41.1309813399 ],
					[ 29.0898437152, 41.1307025709 ],
					[ 29.0898300299, 41.1304237012 ],
					[ 29.0898195588, 41.1301447524 ],
					[ 29.089812304, 41.1298657444 ],
					[ 29.0898082627, 41.1295866996 ],
					[ 29.0898074395, 41.1293076389 ],
					[ 29.0898098302, 41.1290285837 ],
					[ 29.0898154371, 41.1287495539 ],
					[ 29.0898242598, 41.128470572 ],
					[ 29.0898362955, 41.1281916587 ],
					[ 29.0898515452, 41.1279128356 ],
					[ 29.0898700073, 41.1276341234 ],
					[ 29.0898916802, 41.1273555437 ],
					[ 29.0899165625, 41.1270771172 ],
					[ 29.0899446514, 41.1267988646 ],
					[ 29.0899759467, 41.1265208084 ],
					[ 29.0900104431, 41.1262429684 ],
					[ 29.0900481393, 41.1259653661 ],
					[ 29.0900890336, 41.1256880231 ],
					[ 29.0901331209, 41.1254109593 ],
					[ 29.0901803999, 41.125134197 ],
					[ 29.0902308641, 41.1248577562 ],
					[ 29.090284512, 41.1245816591 ],
					[ 29.0903413398, 41.1243059257 ],
					[ 29.0904013412, 41.1240305767 ],
					[ 29.0904645122, 41.1237556334 ],
					[ 29.090530849, 41.1234811167 ],
					[ 29.0906003453, 41.1232070481 ],
					[ 29.0906729971, 41.1229334474 ],
					[ 29.0907487971, 41.1226603351 ],
					[ 29.0908277414, 41.122387733 ],
					[ 29.0909098223, 41.1221156615 ],
					[ 29.0909950338, 41.1218441415 ],
					[ 29.0910833707, 41.1215731917 ],
					[ 29.0911748255, 41.1213028355 ],
					[ 29.0912693907, 41.1210330917 ],
					[ 29.0913670602, 41.120763981 ],
					[ 29.0914678252, 41.1204955231 ],
					[ 29.0915716795, 41.1202277404 ],
					[ 29.0916786145, 41.119960651 ],
					[ 29.0917886202, 41.1196942772 ],
					[ 29.0919016916, 41.1194286379 ],
					[ 29.0920178178, 41.1191637537 ],
					[ 29.0921369911, 41.1188996443 ],
					[ 29.0922592007, 41.1186363295 ],
					[ 29.0923844403, 41.1183738308 ],
					[ 29.0925126975, 41.118112167 ],
					[ 29.0926439627, 41.1178513569 ],
					[ 29.0927782284, 41.117591423 ],
					[ 29.0929154823, 41.1173323823 ],
					[ 29.0930557134, 41.1170742563 ],
					[ 29.0931989132, 41.1168170637 ],
					[ 29.0927598561, 41.1168813832 ],
					[ 29.0923192477, 41.1169393208 ],
					[ 29.0918772505, 41.1169908555 ],
					[ 29.0914340266, 41.1170359678 ],
					[ 29.0909897396, 41.1170746418 ],
					[ 29.0905445541, 41.1171068626 ],
					[ 29.0900986324, 41.117132618 ],
					[ 29.0896521389, 41.1171518994 ],
					[ 29.0892052383, 41.1171646999 ],
					[ 29.0887580962, 41.1171710137 ],
					[ 29.0883108748, 41.1171708402 ],
					[ 29.0878637408, 41.1171641772 ],
					[ 29.0874168587, 41.1171510287 ],
					[ 29.0869703916, 41.1171313986 ],
					[ 29.0865245063, 41.1171052955 ],
					[ 29.0860793635, 41.1170727279 ],
					[ 29.0856351311, 41.1170337079 ],
					[ 29.0851919697, 41.1169882494 ],
					[ 29.0847500435, 41.1169363709 ],
					[ 29.0843095143, 41.1168780899 ],
					[ 29.0838705463, 41.1168134283 ],
					[ 29.0834332987, 41.11674241 ],
					[ 29.0829979345, 41.1166650615 ],
					[ 29.0825646129, 41.1165814102 ],
					[ 29.0821334932, 41.116491488 ],
					[ 29.0817047357, 41.1163953269 ],
					[ 29.0812784961, 41.1162929631 ],
					[ 29.0808549335, 41.1161844351 ],
					[ 29.0804342009, 41.1160697808 ],
					[ 29.0800164563, 41.1159490439 ],
					[ 29.0796018516, 41.1158222689 ],
					[ 29.0791905398, 41.1156895021 ],
					[ 29.0787826738, 41.1155507915 ],
					[ 29.0783784007, 41.1154061897 ],
					[ 29.0779778723, 41.1152557492 ],
					[ 29.077581233, 41.1150995253 ],
					[ 29.0771886323, 41.114937576 ],
					[ 29.0768002121, 41.11476996 ],
					[ 29.0764161157, 41.1145967397 ],
					[ 29.0760364853, 41.1144179786 ],
					[ 29.0756614616, 41.1142337425 ],
					[ 29.0752911794, 41.1140441002 ],
					[ 29.0749257771, 41.1138491203 ],
					[ 29.0745653895, 41.1136488742 ],
					[ 29.074210149, 41.1134434368 ],
					[ 29.0738601853, 41.113232884 ],
					[ 29.0735156274, 41.1130172915 ],
					[ 29.0731766038, 41.1127967407 ],
					[ 29.0728432373, 41.1125713118 ],
					[ 29.0725156504, 41.1123410877 ],
					[ 29.0721939648, 41.1121061523 ],
					[ 29.0718782993, 41.111866594 ],
					[ 29.0715687683, 41.1116225002 ],
					[ 29.0712654871, 41.11137396 ],
					[ 29.0709685663, 41.1111210655 ],
					[ 29.0706781154, 41.1108639102 ],
					[ 29.0703942413, 41.1106025879 ],
					[ 29.0701170486, 41.1103371957 ],
					[ 29.0698466394, 41.1100678299 ],
					[ 29.0695831124, 41.1097945915 ],
					[ 29.0693265661, 41.1095175793 ],
					[ 29.0690770918, 41.1092368958 ],
					[ 29.0688347845, 41.1089526456 ],
					[ 29.0685997319, 41.1086649318 ],
					[ 29.0684435525, 41.1084666775 ],
					[ 29.0682908184, 41.1082668948 ],
					[ 29.0681415552, 41.1080656164 ],
					[ 29.0679957885, 41.1078628778 ],
					[ 29.0678535429, 41.1076587141 ],
					[ 29.0677148429, 41.107453159 ],
					[ 29.0675797129, 41.1072462487 ],
					[ 29.0674481749, 41.1070380184 ],
					[ 29.0673202524, 41.1068285035 ],
					[ 29.0671959662, 41.1066177401 ],
					[ 29.0670753395, 41.1064057637 ],
					[ 29.0669583909, 41.1061926122 ],
					[ 29.0668451412, 41.1059783208 ],
					[ 29.0667356102, 41.1057629267 ],
					[ 29.0666298151, 41.1055464669 ],
					[ 29.0665277756, 41.1053289777 ],
					[ 29.0663923174, 41.1050252741 ],
					[ 29.06626418, 41.1047197577 ],
					[ 29.0661434068, 41.1044125306 ],
					[ 29.066030037, 41.1041036931 ],
					[ 29.0659241094, 41.1037933482 ],
					[ 29.065825657, 41.1034815978 ],
					[ 29.065734714, 41.1031685459 ],
					[ 29.0656513085, 41.1028542944 ],
					[ 29.0655754687, 41.102538949 ],
					[ 29.0655072205, 41.1022226125 ],
					[ 29.0654465848, 41.1019053895 ],
					[ 29.0653935827, 41.1015873856 ],
					[ 29.0653482317, 41.1012687044 ],
					[ 29.0653105455, 41.1009494534 ],
					[ 29.0652805381, 41.1006297369 ],
					[ 29.0652582174, 41.1003096605 ],
					[ 29.0650671002, 41.1001260731 ],
					[ 29.0648804683, 41.0999398646 ],
					[ 29.0646983852, 41.099751096 ],
					[ 29.0645209118, 41.0995598333 ],
					[ 29.0643481079, 41.0993661384 ],
					[ 29.0641800321, 41.0991700784 ],
					[ 29.0640167404, 41.0989717186 ],
					[ 29.0638582868, 41.0987711252 ],
					[ 29.0637047273, 41.0985683671 ],
					[ 29.063556111, 41.0983635113 ],
					[ 29.0634124891, 41.0981566277 ],
					[ 29.0632739084, 41.0979477859 ],
					[ 29.0631404189, 41.0977370547 ],
					[ 29.0630120612, 41.0975245076 ],
					[ 29.062888882, 41.0973102133 ],
					[ 29.0627709206, 41.0970942469 ],
					[ 29.0626582175, 41.0968766789 ],
					[ 29.0625508111, 41.0966575827 ],
					[ 29.0624487359, 41.0964370332 ],
					[ 29.0623520276, 41.0962151046 ],
					[ 29.0622607186, 41.0959918702 ],
					[ 29.0621748386, 41.0957674066 ],
					[ 29.0620944175, 41.095541789 ],
					[ 29.0620194827, 41.095315093 ],
					[ 29.0619500581, 41.0950873947 ],
					[ 29.0618861662, 41.0948587717 ],
					[ 29.0618278311, 41.0946292997 ],
					[ 29.0617750716, 41.0943990573 ],
					[ 29.0617279034, 41.0941681211 ],
					[ 29.0616863444, 41.0939365688 ],
					[ 29.0616504087, 41.0937044797 ],
					[ 29.061620106, 41.0934719303 ],
					[ 29.0616011072, 41.0932975014 ],
					[ 29.0615852782, 41.0931228912 ],
					[ 29.0615726232, 41.092948134 ],
					[ 29.0615631431, 41.0927732613 ],
					[ 29.0615568397, 41.0925983063 ],
					[ 29.0615537148, 41.0924233026 ],
					[ 29.0615537692, 41.0922482823 ],
					[ 29.0615570024, 41.0920732799 ],
					[ 29.0615634138, 41.0918983268 ],
					[ 29.0615730019, 41.091723458 ],
					[ 29.0615857648, 41.0915487043 ],
					[ 29.061601701, 41.0913741007 ],
					[ 29.0616208075, 41.0911996786 ],
					[ 29.0616430791, 41.0910254714 ],
					[ 29.0616685129, 41.0908515124 ],
					[ 29.0616971036, 41.0906778347 ],
					[ 29.0617288461, 41.09050447 ],
					[ 29.0617637339, 41.0903314514 ],
					[ 29.0618017605, 41.0901588123 ],
					[ 29.0618429194, 41.0899865849 ],
					[ 29.061887202, 41.0898148016 ],
					[ 29.0619346005, 41.0896434948 ],
					[ 29.0619851049, 41.0894726968 ],
					[ 29.0620387065, 41.0893024399 ],
					[ 29.0620953964, 41.0891327565 ],
					[ 29.0621551611, 41.0889636779 ],
					[ 29.0622179905, 41.0887952375 ],
					[ 29.0622838735, 41.0886274657 ],
					[ 29.0623527965, 41.0884603939 ],
					[ 29.0624247471, 41.0882940553 ],
					[ 29.0624997118, 41.0881284796 ],
					[ 29.0625776759, 41.0879636999 ],
					[ 29.0626586257, 41.0877997449 ],
					[ 29.0627425442, 41.0876366478 ],
					[ 29.0628294178, 41.0874744381 ],
					[ 29.062919227, 41.0873131474 ],
					[ 29.0630119583, 41.087152805 ],
					[ 29.0631075909, 41.0869934415 ],
					[ 29.0632061091, 41.0868350874 ],
					[ 29.0633074933, 41.0866777722 ],
					[ 29.0634117252, 41.0865215263 ],
					[ 29.0635187841, 41.0863663784 ],
					[ 29.0636286494, 41.0862123581 ],
					[ 29.0637413016, 41.0860594948 ],
					[ 29.0638567189, 41.0859078164 ],
					[ 29.0639748794, 41.0857573522 ],
					[ 29.0640957602, 41.0856081311 ],
					[ 29.0642193393, 41.0854601806 ],
					[ 29.0643455937, 41.0853135286 ],
					[ 29.0644744993, 41.0851682026 ],
					[ 29.0646060307, 41.0850242305 ],
					[ 29.0647401636, 41.0848816398 ],
					[ 29.0648768727, 41.0847404566 ],
					[ 29.0650161338, 41.0846007076 ],
					[ 29.065157918, 41.0844624196 ],
					[ 29.0653021998, 41.0843256185 ],
					[ 29.0654489516, 41.0841903311 ],
					[ 29.0655981456, 41.0840565814 ],
					[ 29.0657497552, 41.0839243953 ],
					[ 29.0659037492, 41.0837937969 ],
					[ 29.0660600999, 41.083664813 ],
					[ 29.0662187783, 41.0835374658 ],
					[ 29.0663797531, 41.0834117803 ],
					[ 29.0665429955, 41.0832877806 ],
					[ 29.0663805044, 41.0832079417 ],
					[ 29.0662232196, 41.0831223414 ],
					[ 29.0660714976, 41.0830311746 ],
					[ 29.065925682, 41.0829346474 ],
					[ 29.065786104, 41.0828329778 ],
					[ 29.0656530792, 41.0827263971 ],
					[ 29.0655269102, 41.0826151473 ],
					[ 29.0654078813, 41.0824994791 ],
					[ 29.0652962636, 41.0823796561 ],
					[ 29.0651923091, 41.0822559494 ],
					[ 29.0650962543, 41.0821286392 ],
					[ 29.0650083152, 41.0819980137 ],
					[ 29.0649286934, 41.0818643699 ],
					[ 29.0648575678, 41.0817280099 ],
					[ 29.0647950995, 41.0815892439 ],
					[ 29.0647414314, 41.0814483846 ],
					[ 29.0646966828, 41.0813057519 ],
					[ 29.0646609573, 41.0811616706 ],
					[ 29.0646343347, 41.0810164648 ],
					[ 29.0646168746, 41.0808704653 ],
					[ 29.0646086185, 41.080724003 ],
					[ 29.0646095833, 41.0805774084 ],
					[ 29.0646197675, 41.0804310156 ],
					[ 29.0646391476, 41.0802851549 ],
					[ 29.0646676794, 41.0801401573 ],
					[ 29.0647052999, 41.0799963517 ],
					[ 29.0647519211, 41.0798540635 ],
					[ 29.0648688933, 41.0796798856 ],
					[ 29.064697108, 41.0795813776 ],
					[ 29.064540631, 41.0795145908 ],
					[ 29.0643759469, 41.0794715617 ],
					[ 29.0642463827, 41.0794496636 ],
					[ 29.0640734903, 41.0794303911 ],
					[ 29.0637899123, 41.0794122442 ],
					[ 29.0629012517, 41.0794111566 ],
					[ 29.0626976638, 41.0794148789 ],
					[ 29.0624940179, 41.0794156488 ],
					[ 29.0622903902, 41.0794134659 ],
					[ 29.0620868557, 41.0794083309 ],
					[ 29.061883488, 41.0794002462 ],
					[ 29.0616803623, 41.0793892142 ],
					[ 29.0614775545, 41.07937524 ],
					[ 29.0612751362, 41.0793583269 ],
					[ 29.0610731844, 41.0793384827 ],
					[ 29.0608717719, 41.0793157134 ],
					[ 29.0606709733, 41.0792900287 ],
					[ 29.0604708613, 41.0792614373 ],
					[ 29.0602715106, 41.0792299495 ],
					[ 29.0600729938, 41.0791955779 ],
					[ 29.0598753843, 41.0791583337 ],
					[ 29.0596787547, 41.079118232 ],
					[ 29.059483175, 41.079075286 ],
					[ 29.0592887199, 41.0790295124 ],
					[ 29.0590954606, 41.0789809282 ],
					[ 29.058903466, 41.0789295508 ],
					[ 29.0587128082, 41.0788753991 ],
					[ 29.0585235562, 41.0788184933 ],
					[ 29.0583357809, 41.0787588538 ],
					[ 29.0581495489, 41.0786965037 ],
					[ 29.057964931, 41.0786314633 ],
					[ 29.0577819949, 41.0785637595 ],
					[ 29.0576008057, 41.0784934152 ],
					[ 29.057421432, 41.0784204571 ],
					[ 29.0572439377, 41.0783449118 ],
					[ 29.0570683903, 41.078266806 ],
					[ 29.0568948524, 41.0781861709 ],
					[ 29.056723389, 41.0781030331 ],
					[ 29.0565540617, 41.0780174255 ],
					[ 29.056386933, 41.0779293784 ],
					[ 29.0562220656, 41.0778389238 ],
					[ 29.0560595185, 41.0777460964 ],
					[ 29.0558993518, 41.0776509283 ],
					[ 29.0557416247, 41.0775534568 ],
					[ 29.0555863948, 41.0774537149 ],
					[ 29.0554337189, 41.0773517417 ],
					[ 29.0552836534, 41.0772475737 ],
					[ 29.0551362538, 41.0771412483 ],
					[ 29.054991573, 41.0770328057 ],
					[ 29.0548496653, 41.0769222857 ],
					[ 29.0547105811, 41.0768097277 ],
					[ 29.0545743735, 41.0766951743 ],
					[ 29.0544410919, 41.0765786674 ],
					[ 29.0543107843, 41.0764602498 ],
					[ 29.0541834989, 41.0763399641 ],
					[ 29.0540592828, 41.0762178548 ],
					[ 29.0539381817, 41.0760939674 ],
					[ 29.05382024, 41.0759683464 ],
					[ 29.0537055001, 41.0758410389 ],
					[ 29.0535839733, 41.0757002186 ],
					[ 29.0534663627, 41.0755575061 ],
					[ 29.0533527233, 41.0754129631 ],
					[ 29.0532431031, 41.0752666539 ],
					[ 29.0531375499, 41.075118642 ],
					[ 29.0530361092, 41.0749689917 ],
					[ 29.0529388275, 41.0748177692 ],
					[ 29.0528457455, 41.0746650404 ],
					[ 29.052756904, 41.0745108724 ],
					[ 29.0526723435, 41.0743553321 ],
					[ 29.0525920988, 41.0741984874 ],
					[ 29.0525162057, 41.074040407 ],
					[ 29.0524446989, 41.0738811605 ],
					[ 29.0523776072, 41.0737208176 ],
					[ 29.0523149604, 41.0735594478 ],
					[ 29.0522567872, 41.0733971215 ],
					[ 29.0521821988, 41.0731660516 ],
					[ 29.0521166728, 41.0729334128 ],
					[ 29.0520602657, 41.0726994092 ],
					[ 29.0520130278, 41.0724642456 ],
					[ 29.0519849207, 41.0722956591 ],
					[ 29.0519615267, 41.0721266603 ],
					[ 29.0519377128, 41.07190118 ],
					[ 29.0519222885, 41.0716752824 ],
					[ 29.0518617887, 41.0712478378 ],
					[ 29.0518132858, 41.0709383661 ],
					[ 29.0517608814, 41.0706292584 ],
					[ 29.0517045835, 41.0703205436 ],
					[ 29.0516443943, 41.0700122488 ],
					[ 29.0515477238, 41.0695547018 ],
					[ 29.0514424857, 41.0690982385 ],
					[ 29.0513287026, 41.0686429519 ],
					[ 29.0512063947, 41.068188932 ],
					[ 29.0511294074, 41.0679188049 ],
					[ 29.0510494011, 41.0676491795 ],
					[ 29.0509663849, 41.0673800777 ],
					[ 29.0508803623, 41.0671115156 ],
					[ 29.0507913412, 41.0668435149 ],
					[ 29.0506993275, 41.0665760937 ],
					[ 29.050604328, 41.0663092718 ],
					[ 29.0505063484, 41.0660430673 ],
					[ 29.050405398, 41.0657774991 ],
					[ 29.0503014813, 41.065512588 ],
					[ 29.0501946076, 41.0652483511 ],
					[ 29.0500847838, 41.0649848084 ],
					[ 29.0499720191, 41.0647219788 ],
					[ 29.0498563205, 41.0644598794 ],
					[ 29.0497376961, 41.064198532 ],
					[ 29.0496161539, 41.0639379527 ],
					[ 29.0494668625, 41.0636271098 ],
					[ 29.0493134204, 41.0633174274 ],
					[ 29.0491162771, 41.0628978145 ],
					[ 29.0489121862, 41.0624801096 ],
					[ 29.048788155, 41.0622338519 ],
					[ 29.0486617079, 41.0619882999 ],
					[ 29.0485328542, 41.0617434653 ],
					[ 29.0484015998, 41.0614993635 ],
					[ 29.048252846, 41.061228818 ],
					[ 29.0481011438, 41.0609592132 ],
					[ 29.0479465037, 41.0606905662 ],
					[ 29.0477889362, 41.0604228953 ],
					[ 29.0476284517, 41.0601562202 ],
					[ 29.0474650607, 41.0598905572 ],
					[ 29.0472987761, 41.0596259263 ],
					[ 29.0471296071, 41.0593623446 ],
					[ 29.0469527688, 41.0590925844 ],
					[ 29.0467729094, 41.0588239713 ],
					[ 29.0465900438, 41.0585565233 ],
					[ 29.0464041839, 41.0582902614 ],
					[ 29.0462153437, 41.0580252036 ],
					[ 29.046023537, 41.0577613699 ],
					[ 29.0458287781, 41.0574987783 ],
					[ 29.0456310809, 41.0572374487 ],
					[ 29.0454304582, 41.0569773993 ],
					[ 29.0452269265, 41.0567186491 ],
					[ 29.0450204998, 41.056461217 ],
					[ 29.044811192, 41.0562051204 ],
					[ 29.0445990197, 41.0559503791 ],
					[ 29.0443839969, 41.0556970112 ],
					[ 29.044166141, 41.055445035 ],
					[ 29.0439454663, 41.0551944684 ],
					[ 29.043663529, 41.0548809017 ],
					[ 29.0433771788, 41.0545696352 ],
					[ 29.0430864474, 41.0542607052 ],
					[ 29.0427913688, 41.0539541479 ],
					[ 29.0424919757, 41.0536499969 ],
					[ 29.0421883035, 41.0533482884 ],
					[ 29.041880386, 41.0530490551 ],
					[ 29.0415682598, 41.0527523333 ],
					[ 29.0412519601, 41.0524581548 ],
					[ 29.040931522, 41.0521665559 ],
					[ 29.0406069843, 41.0518775674 ],
					[ 29.0402783823, 41.051591223 ],
					[ 29.0399457547, 41.0513075571 ],
					[ 29.0396091392, 41.0510265997 ],
					[ 29.0392685746, 41.0507483845 ],
					[ 29.0389240996, 41.0504729432 ],
					[ 29.0386185973, 41.0502335257 ],
					[ 29.0383101406, 41.0499962887 ],
					[ 29.0379987565, 41.0497612551 ],
					[ 29.0376844734, 41.049528444 ],
					[ 29.0373673171, 41.0492978771 ],
					[ 29.0370473181, 41.0490695744 ],
					[ 29.0367245024, 41.0488435552 ],
					[ 29.0363989006, 41.0486198403 ],
					[ 29.0360757038, 41.0484018992 ],
					[ 29.0357498628, 41.0481862277 ],
					[ 29.0353632564, 41.0479579231 ],
					[ 29.0349788555, 41.0477274953 ],
					[ 29.0345966789, 41.0474949571 ],
					[ 29.0342167492, 41.0472603214 ],
					[ 29.033839084, 41.0470235991 ],
					[ 29.0334637045, 41.0467848039 ],
					[ 29.0330906307, 41.0465439486 ],
					[ 29.0327198828, 41.0463010442 ],
					[ 29.0323600682, 41.0460618582 ],
					[ 29.0320025097, 41.0458207425 ],
					[ 29.0316472226, 41.0455777106 ],
					[ 29.0312942259, 41.0453327744 ],
					[ 29.0309435371, 41.0450859458 ],
					[ 29.0305951751, 41.0448372375 ],
					[ 29.0302491565, 41.0445866625 ],
					[ 29.0299054976, 41.0443342333 ],
					[ 29.0295385456, 41.0440606879 ],
					[ 29.0291743645, 41.043785028 ],
					[ 29.0288129776, 41.04350727 ],
					[ 29.0284544061, 41.0432274302 ],
					[ 29.0280986689, 41.0429455251 ],
					[ 29.0277457883, 41.042661571 ],
					[ 29.0273957854, 41.0423755836 ],
					[ 29.0270486779, 41.0420875801 ],
					[ 29.0267044892, 41.0417975786 ],
					[ 29.0263632382, 41.0415055939 ],
					[ 29.0260249436, 41.0412116441 ],
					[ 29.0256896266, 41.0409157473 ],
					[ 29.0253573059, 41.0406179192 ],
					[ 29.0250280014, 41.0403181779 ],
					[ 29.0247017319, 41.0400165407 ],
					[ 29.0243785163, 41.0397130249 ],
					[ 29.0240207603, 41.0393714549 ],
					[ 29.0236668726, 41.0390275834 ],
					[ 29.0233168789, 41.0386814352 ],
					[ 29.0229708037, 41.0383330374 ],
					[ 29.0226286729, 41.0379824136 ],
					[ 29.0222905109, 41.0376295904 ],
					[ 29.0219563436, 41.037274593 ],
					[ 29.0216261943, 41.0369174479 ],
					[ 29.0213000875, 41.0365581815 ],
					[ 29.0209780455, 41.0361968182 ],
					[ 29.0206600939, 41.0358333862 ],
					[ 29.0203462538, 41.035467911 ],
					[ 29.0200365496, 41.0351004206 ],
					[ 29.0197310036, 41.0347309397 ],
					[ 29.0194296379, 41.0343594973 ],
					[ 29.0191324734, 41.0339861187 ],
					[ 29.0188395323, 41.0336108322 ],
					[ 29.0185508367, 41.0332336659 ],
					[ 29.0182664075, 41.032854646 ],
					[ 29.0179862635, 41.0324737998 ],
					[ 29.0177104277, 41.0320911573 ],
					[ 29.0174389189, 41.0317067438 ],
					[ 29.0171717555, 41.0313205892 ],
					[ 29.0169089597, 41.0309327208 ],
					[ 29.0166505477, 41.0305431675 ],
					[ 29.0163965403, 41.0301519566 ],
					[ 29.0161469561, 41.0297591179 ],
					[ 29.0159018113, 41.0293646796 ],
					[ 29.0156611257, 41.0289686698 ],
					[ 29.0154249164, 41.0285711192 ],
					[ 29.0151931985, 41.0281720542 ],
					[ 29.0149659918, 41.0277715063 ],
					[ 29.0093679086, 41.0299536093 ],
					[ 29.0049745607, 41.0318216961 ],
					[ 29.0031960733, 41.0324019309 ],
					[ 29.001498452, 41.0328339384 ],
					[ 29.0001171961, 41.0331495452 ],
					[ 28.9993911384, 41.0332561839 ],
					[ 28.9987549505, 41.0333175701 ],
					[ 28.9984910793, 41.0333420788 ],
					[ 28.997715781, 41.0333770317 ],
					[ 28.9974105924, 41.0333795339 ],
					[ 28.9968195151, 41.0333545995 ],
					[ 28.9962016702, 41.033328533 ],
					[ 28.9956733567, 41.0333062418 ],
					[ 28.994692722, 41.0332405139 ],
					[ 28.9936851377, 41.0332025819 ]
				]
			},
			"properties" : {
				"ISIM_HAT" : "Boğazdan Geliş-Boğaza Gidiş",
				"TUR_HAT" : "Şehir Hatları",
				"HAT_ROTA" : "Beykoz-Paşabahçe-Kanlıca-Anadolu Hisarı-Küçüksu-Üsküdar-Kabataş"
			}
		},
		{
			"type" : "Feature",
			"geometry" : {
				"type" : "LineString",
				"coordinates" : [
					[ 28.9751598563, 41.0175457041 ],
					[ 28.9753068693, 41.0176280419 ],
					[ 28.9757404881, 41.0178483604 ],
					[ 28.9760359128, 41.0179984615 ],
					[ 28.9763056534, 41.0181355113 ],
					[ 28.9765752287, 41.0182724772 ],
					[ 28.9768718852, 41.0184231993 ],
					[ 28.9772025071, 41.0185911783 ],
					[ 28.9773646267, 41.0186735449 ],
					[ 28.9775253997, 41.0187552276 ],
					[ 28.9776500156, 41.01881854 ],
					[ 28.9778529993, 41.0189216669 ],
					[ 28.9780224141, 41.0190077387 ],
					[ 28.978345361, 41.019103675 ],
					[ 28.9786673938, 41.0192013609 ],
					[ 28.9789884946, 41.0193007926 ],
					[ 28.9793086469, 41.0194019646 ],
					[ 28.9796278342, 41.0195048703 ],
					[ 28.97994604, 41.0196095071 ],
					[ 28.9802632477, 41.0197158675 ],
					[ 28.9805794419, 41.0198239469 ],
					[ 28.9808946061, 41.0199337389 ],
					[ 28.981208725, 41.0200452388 ],
					[ 28.9815217796, 41.0201584411 ],
					[ 28.981833757, 41.0202733394 ],
					[ 28.9821446395, 41.0203899272 ],
					[ 28.9824544116, 41.0205081999 ],
					[ 28.982763057, 41.0206281501 ],
					[ 28.9830705601, 41.0207497723 ],
					[ 28.9833769057, 41.020873061 ],
					[ 28.9836820773, 41.0209980089 ],
					[ 28.9839860595, 41.0211246095 ],
					[ 28.984288837, 41.0212528564 ],
					[ 28.9845903932, 41.0213827432 ],
					[ 28.984890714, 41.0215142642 ],
					[ 28.9851897828, 41.0216474105 ],
					[ 28.9854875844, 41.0217821774 ],
					[ 28.9857841046, 41.0219185565 ],
					[ 28.9860793268, 41.0220565417 ],
					[ 28.9863732369, 41.0221961253 ],
					[ 28.9866658196, 41.0223373003 ],
					[ 28.9869570596, 41.0224800592 ],
					[ 28.9872469414, 41.0226243956 ],
					[ 28.9875354511, 41.0227703013 ],
					[ 28.9878225743, 41.0229177698 ],
					[ 28.9881082947, 41.0230667921 ],
					[ 28.9883925981, 41.0232173608 ],
					[ 28.9886754702, 41.0233694696 ],
					[ 28.9889568959, 41.0235231082 ],
					[ 28.9892368621, 41.0236782714 ],
					[ 28.9895153536, 41.0238349499 ],
					[ 28.9897923561, 41.0239931355 ],
					[ 28.9900678556, 41.0241528209 ],
					[ 28.9903418368, 41.024313996 ],
					[ 28.9906142866, 41.0244766555 ],
					[ 28.9908851922, 41.0246407883 ],
					[ 28.991154537, 41.024806388 ],
					[ 28.9914223093, 41.0249734447 ],
					[ 28.9916884949, 41.02514195 ],
					[ 28.9919530786, 41.0253118959 ],
					[ 28.9922160497, 41.025483274 ],
					[ 28.9924773917, 41.0256560745 ],
					[ 28.992737093, 41.025830288 ],
					[ 28.9929951394, 41.0260059074 ],
					[ 28.993251519, 41.0261829227 ],
					[ 28.9935062167, 41.0263613247 ],
					[ 28.9937592207, 41.0265411043 ],
					[ 28.994010518, 41.0267222525 ],
					[ 28.9942600944, 41.02690476 ],
					[ 28.9945079384, 41.027088617 ],
					[ 28.9947540368, 41.0272738142 ],
					[ 28.9949983768, 41.0274603427 ],
					[ 28.9952409467, 41.0276481924 ],
					[ 28.9954817334, 41.0278373532 ],
					[ 28.9957207242, 41.028027817 ],
					[ 28.9959579071, 41.0282195721 ],
					[ 28.9961932694, 41.0284126092 ],
					[ 28.9964268004, 41.0286069193 ],
					[ 28.996658486, 41.0288024915 ],
					[ 28.9968883169, 41.0289993167 ],
					[ 28.9971162789, 41.029197384 ],
					[ 28.9973423615, 41.0293966825 ],
					[ 28.9975665529, 41.029597204 ],
					[ 28.9977888415, 41.0297989359 ],
					[ 28.9980092166, 41.0300018698 ],
					[ 28.9982276653, 41.0302059941 ],
					[ 28.9984441772, 41.0304112987 ],
					[ 28.9986587415, 41.0306177736 ],
					[ 28.9988713466, 41.0308254071 ],
					[ 28.999081982, 41.0310341892 ],
					[ 28.9992906359, 41.0312441099 ],
					[ 28.999497299, 41.0314551564 ],
					[ 28.9997019606, 41.0316673197 ],
					[ 28.9999046091, 41.0318805881 ],
					[ 29.0028466279, 41.0351085023 ],
					[ 29.0043554292, 41.0368750053 ],
					[ 29.0058139721, 41.0386410556 ],
					[ 29.006456326, 41.0394470861 ],
					[ 29.0069375294, 41.0400897211 ],
					[ 29.0071824935, 41.040539726 ],
					[ 29.007316488, 41.0408362997 ],
					[ 29.0073618374, 41.0410405055 ],
					[ 29.0077586753, 41.0407257522 ],
					[ 29.0079873495, 41.0405847754 ],
					[ 29.0082662172, 41.0404537604 ],
					[ 29.0086078661, 41.040332815 ],
					[ 29.0090876592, 41.0402321152 ],
					[ 29.0098697708, 41.0401149516 ],
					[ 29.0106132695, 41.04005463 ],
					[ 29.0119100677, 41.040027637 ],
					[ 29.013117775, 41.0400665745 ],
					[ 29.0142368214, 41.0401428602 ],
					[ 29.0152803632, 41.040218489 ],
					[ 29.0164868, 41.0403431481 ],
					[ 29.0177178449, 41.0405061217 ],
					[ 29.0199621243, 41.0408517294 ],
					[ 29.0208772772, 41.04102756 ],
					[ 29.0213983584, 41.0411535534 ],
					[ 29.0217202453, 41.0412348163 ],
					[ 29.0220411281, 41.0413183245 ],
					[ 29.0223609808, 41.0414040714 ],
					[ 29.0226797738, 41.0414920479 ],
					[ 29.0229974834, 41.0415822483 ],
					[ 29.0233140789, 41.0416746651 ],
					[ 29.0236295366, 41.0417692884 ],
					[ 29.0239438269, 41.0418661123 ],
					[ 29.024256925, 41.0419651269 ],
					[ 29.0245688037, 41.0420663256 ],
					[ 29.024879437, 41.0421696982 ],
					[ 29.0251887965, 41.0422752365 ],
					[ 29.0254968574, 41.0423829313 ],
					[ 29.0258035937, 41.0424927742 ],
					[ 29.0261089781, 41.042604755 ],
					[ 29.0264129859, 41.0427188638 ],
					[ 29.0267155911, 41.0428350922 ],
					[ 29.0270167664, 41.0429534292 ],
					[ 29.0273164871, 41.0430738655 ],
					[ 29.0276147284, 41.0431963902 ],
					[ 29.0279114643, 41.043320994 ],
					[ 29.0282066699, 41.0434476642 ],
					[ 29.0285003194, 41.0435763924 ],
					[ 29.0287923878, 41.0437071658 ],
					[ 29.0290828516, 41.0438399744 ],
					[ 29.0293716836, 41.0439748071 ],
					[ 29.0296588615, 41.0441116511 ],
					[ 29.0299443603, 41.0442504955 ],
					[ 29.0302281542, 41.0443913283 ],
					[ 29.0305102207, 41.0445341376 ],
					[ 29.0307905351, 41.0446789116 ],
					[ 29.0310690749, 41.0448256383 ],
					[ 29.0313458141, 41.044974304 ],
					[ 29.0316207293, 41.045124896 ],
					[ 29.0318937991, 41.0452774033 ],
					[ 29.032165, 41.0454318113 ],
					[ 29.0324343061, 41.0455881072 ],
					[ 29.0327016984, 41.0457462782 ],
					[ 29.0329671511, 41.0459063097 ],
					[ 29.0332306417, 41.0460681898 ],
					[ 29.0334921503, 41.0462319031 ],
					[ 29.033751652, 41.0463974359 ],
					[ 29.0340091269, 41.0465647754 ],
					[ 29.0342645502, 41.0467339061 ],
					[ 29.034517903, 41.0469048144 ],
					[ 29.0347691619, 41.0470774848 ],
					[ 29.0350183068, 41.0472519035 ],
					[ 29.0352653154, 41.0474280543 ],
					[ 29.0355101664, 41.0476059243 ],
					[ 29.0357528398, 41.0477854972 ],
					[ 29.0359933157, 41.0479667576 ],
					[ 29.0362315716, 41.0481496899 ],
					[ 29.0364675888, 41.0483342788 ],
					[ 29.0367013462, 41.0485205086 ],
					[ 29.0369328248, 41.048708364 ],
					[ 29.0371620035, 41.0488978287 ],
					[ 29.0373888648, 41.0490888853 ],
					[ 29.0376133873, 41.0492815193 ],
					[ 29.0378355536, 41.0494757134 ],
					[ 29.0380553436, 41.0496714523 ],
					[ 29.0382727385, 41.0498687168 ],
					[ 29.0384877196, 41.0500674924 ],
					[ 29.0387002705, 41.0502677609 ],
					[ 29.038910371, 41.0504695061 ],
					[ 29.0391180038, 41.0506727106 ],
					[ 29.039323151, 41.0508773572 ],
					[ 29.0395257965, 41.0510834278 ],
					[ 29.0397259213, 41.0512909051 ],
					[ 29.039923509, 41.0514997719 ],
					[ 29.0401185421, 41.0517100101 ],
					[ 29.0403110053, 41.0519216015 ],
					[ 29.0405008823, 41.0521345289 ],
					[ 29.0406881542, 41.0523487733 ],
					[ 29.0408728082, 41.0525643174 ],
					[ 29.0410548267, 41.0527811422 ],
					[ 29.0412341958, 41.0529992287 ],
					[ 29.0414108978, 41.0532185596 ],
					[ 29.0415849199, 41.0534391151 ],
					[ 29.0417562456, 41.0536608779 ],
					[ 29.0419248622, 41.0538838271 ],
					[ 29.0420907533, 41.0541079448 ],
					[ 29.0423230824, 41.0544302389 ],
					[ 29.0425497778, 41.0547548251 ],
					[ 29.043475495, 41.0561226578 ],
					[ 29.0439395582, 41.0568152264 ],
					[ 29.0444007004, 41.0575089133 ],
					[ 29.0448589179, 41.0582037122 ],
					[ 29.045314205, 41.058899615 ],
					[ 29.045735149, 41.059548036 ],
					[ 29.0461535477, 41.0601974015 ],
					[ 29.0465693999, 41.060847705 ],
					[ 29.0469826996, 41.0614989413 ],
					[ 29.0473934446, 41.062151104 ],
					[ 29.0478016313, 41.0628041886 ],
					[ 29.0482072561, 41.0634581879 ],
					[ 29.0486103131, 41.0641130974 ],
					[ 29.0492010438, 41.0650822404 ],
					[ 29.0497861551, 41.0660533384 ],
					[ 29.050365634, 41.0670263705 ],
					[ 29.0509394709, 41.0680013197 ],
					[ 29.0515076542, 41.0689781661 ],
					[ 29.0520701719, 41.0699568918 ],
					[ 29.0526270134, 41.0709374777 ],
					[ 29.053178167, 41.071919904 ],
					[ 29.0534557841, 41.0723434508 ],
					[ 29.0537302084, 41.072768189 ],
					[ 29.0540014293, 41.0731941041 ],
					[ 29.0542694386, 41.0736211825 ],
					[ 29.0545342269, 41.0740494108 ],
					[ 29.0547957861, 41.0744787743 ],
					[ 29.0550541081, 41.0749092597 ],
					[ 29.0553091845, 41.0753408524 ],
					[ 29.0555608632, 41.0757732937 ],
					[ 29.0558092837, 41.0762068126 ],
					[ 29.0560544365, 41.0766413954 ],
					[ 29.0562963135, 41.0770770287 ],
					[ 29.0565777499, 41.0775928584 ],
					[ 29.0568545926, 41.0781101094 ],
					[ 29.0569384205, 41.0782718779 ],
					[ 29.0570836124, 41.0785623631 ],
					[ 29.0572432102, 41.0788908059 ],
					[ 29.0573985542, 41.0792204157 ],
					[ 29.0575496294, 41.07955116 ],
					[ 29.0576964195, 41.0798830063 ],
					[ 29.0578389118, 41.0802159248 ],
					[ 29.0579770924, 41.0805498821 ],
					[ 29.0581109474, 41.0808848466 ],
					[ 29.0582404642, 41.0812207866 ],
					[ 29.0583656313, 41.0815576687 ],
					[ 29.0584864347, 41.0818954623 ],
					[ 29.0586028653, 41.082234134 ],
					[ 29.0587149093, 41.0825736513 ],
					[ 29.0588225576, 41.0829139825 ],
					[ 29.0589257997, 41.0832550952 ],
					[ 29.0590246243, 41.0835969551 ],
					[ 29.0591190234, 41.0839395306 ],
					[ 29.0592065562, 41.0846645478 ],
					[ 29.0593014959, 41.0853890311 ],
					[ 29.0594038385, 41.086112938 ],
					[ 29.059513578, 41.0868362235 ],
					[ 29.0596307078, 41.0875588452 ],
					[ 29.0597552207, 41.0882807607 ],
					[ 29.0598871102, 41.0890019248 ],
					[ 29.0600263689, 41.0897222971 ],
					[ 29.0601740434, 41.0904468806 ],
					[ 29.0603291734, 41.0911705729 ],
					[ 29.0604976833, 41.0919190792 ],
					[ 29.060598617, 41.0923522547 ],
					[ 29.0606508254, 41.0925653094 ],
					[ 29.0607023285, 41.0927628907 ],
					[ 29.0607566971, 41.0929600315 ],
					[ 29.0608139232, 41.0931567094 ],
					[ 29.0608740023, 41.0933529 ],
					[ 29.0609369254, 41.0935485798 ],
					[ 29.0610026845, 41.0937437253 ],
					[ 29.0610712739, 41.0939383121 ],
					[ 29.0611426833, 41.0941323176 ],
					[ 29.0612229566, 41.0943411408 ],
					[ 29.0613064973, 41.0945492298 ],
					[ 29.061393294, 41.0947565545 ],
					[ 29.0614833353, 41.0949630854 ],
					[ 29.0615766085, 41.0951687943 ],
					[ 29.0616730997, 41.0953736523 ],
					[ 29.0617727975, 41.0955776296 ],
					[ 29.0618756845, 41.0957806981 ],
					[ 29.0619817492, 41.0959828289 ],
					[ 29.0620909753, 41.0961839949 ],
					[ 29.0622033478, 41.0963841662 ],
					[ 29.0623188506, 41.0965833157 ],
					[ 29.0624374684, 41.0967814143 ],
					[ 29.0625591839, 41.096978435 ],
					[ 29.0626839797, 41.0971743498 ],
					[ 29.0628118383, 41.0973691313 ],
					[ 29.0629427423, 41.0975627516 ],
					[ 29.0630766729, 41.0977551843 ],
					[ 29.0632136117, 41.0979464015 ],
					[ 29.0633535387, 41.0981363768 ],
					[ 29.0634964353, 41.0983250839 ],
					[ 29.0636422805, 41.0985124948 ],
					[ 29.0637910544, 41.0986985849 ],
					[ 29.063942736, 41.0988833262 ],
					[ 29.0640973043, 41.0990666942 ],
					[ 29.0642547358, 41.0992486626 ],
					[ 29.0644150106, 41.0994292059 ],
					[ 29.0645781054, 41.0996082979 ],
					[ 29.0647439966, 41.099785915 ],
					[ 29.0649126621, 41.0999620307 ],
					[ 29.0650840761, 41.1001366207 ],
					[ 29.0652582174, 41.1003096605 ],
					[ 29.0652160702, 41.1005366891 ],
					[ 29.0651782411, 41.1007641535 ],
					[ 29.065144738, 41.100992005 ],
					[ 29.0651155663, 41.1012201969 ],
					[ 29.0650907327, 41.1014486824 ],
					[ 29.0650702426, 41.1016774147 ],
					[ 29.0650541016, 41.1019063462 ],
					[ 29.0650423104, 41.1021354291 ],
					[ 29.0650348731, 41.1023646167 ],
					[ 29.0650317907, 41.1025938612 ],
					[ 29.0650330649, 41.1028231159 ],
					[ 29.065038694, 41.1030523329 ],
					[ 29.065048679, 41.1032814647 ],
					[ 29.0650630156, 41.1035104642 ],
					[ 29.065081701, 41.1037392848 ],
					[ 29.0651047335, 41.1039678786 ],
					[ 29.0651321068, 41.1041961978 ],
					[ 29.0651638156, 41.1044241966 ],
					[ 29.0651998534, 41.104651827 ],
					[ 29.0652402126, 41.1048790414 ],
					[ 29.0652848845, 41.1051057946 ],
					[ 29.0653338614, 41.105332038 ],
					[ 29.0653871321, 41.1055577255 ],
					[ 29.0654446853, 41.105782811 ],
					[ 29.0655065112, 41.1060072478 ],
					[ 29.0655725948, 41.1062309888 ],
					[ 29.0656429227, 41.1064539881 ],
					[ 29.0657174812, 41.1066762004 ],
					[ 29.0657962556, 41.1068975788 ],
					[ 29.0658792274, 41.1071180781 ],
					[ 29.0659663819, 41.1073376523 ],
					[ 29.0660577008, 41.1075562572 ],
					[ 29.0661612781, 41.1077918705 ],
					[ 29.0662696917, 41.1080262353 ],
					[ 29.0663829163, 41.1082592964 ],
					[ 29.0665009254, 41.1084909951 ],
					[ 29.0666236875, 41.1087212762 ],
					[ 29.0667511763, 41.1089500845 ],
					[ 29.0668833579, 41.1091773648 ],
					[ 29.0670202023, 41.1094030602 ],
					[ 29.0671616769, 41.1096271172 ],
					[ 29.0673077456, 41.1098494815 ],
					[ 29.0674583735, 41.1100700987 ],
					[ 29.0676135245, 41.1102889164 ],
					[ 29.0677731613, 41.110505881 ],
					[ 29.0679372442, 41.1107209392 ],
					[ 29.0681057346, 41.1109340392 ],
					[ 29.0682785917, 41.1111451303 ],
					[ 29.0684755356, 41.1113770367 ],
					[ 29.0686777491, 41.1116063353 ],
					[ 29.0688851724, 41.1118329564 ],
					[ 29.0690977434, 41.1120568328 ],
					[ 29.0693153975, 41.1122778982 ],
					[ 29.0695380727, 41.1124960854 ],
					[ 29.0697656996, 41.1127113291 ],
					[ 29.0699982114, 41.1129235665 ],
					[ 29.0702355398, 41.1131327331 ],
					[ 29.0704776119, 41.1133387671 ],
					[ 29.070724356, 41.1135416066 ],
					[ 29.0709756991, 41.1137411907 ],
					[ 29.071231566, 41.1139374602 ],
					[ 29.0714918811, 41.1141303568 ],
					[ 29.0717565644, 41.1143198215 ],
					[ 29.0720255393, 41.1145057994 ],
					[ 29.0722653639, 41.1147842636 ],
					[ 29.0724990852, 41.1150656812 ],
					[ 29.0727266387, 41.115349975 ],
					[ 29.0729479611, 41.1156370689 ],
					[ 29.0731629951, 41.1159268843 ],
					[ 29.0733716799, 41.1162193422 ],
					[ 29.0735739593, 41.1165143631 ],
					[ 29.0737697773, 41.1168118673 ],
					[ 29.0738943268, 41.117007744 ],
					[ 29.0740160755, 41.1172046263 ],
					[ 29.0741350084, 41.1174024899 ],
					[ 29.0742511126, 41.1176013111 ],
					[ 29.0743643741, 41.1178010693 ],
					[ 29.0744747813, 41.118001739 ],
					[ 29.0745823191, 41.1182032977 ],
					[ 29.0746869759, 41.1184057228 ],
					[ 29.07478874, 41.118608989 ],
					[ 29.0748875987, 41.1188130737 ],
					[ 29.0749835404, 41.1190179524 ],
					[ 29.0750765547, 41.1192236026 ],
					[ 29.0751666299, 41.1194299999 ],
					[ 29.0752537569, 41.119637119 ],
					[ 29.0753379241, 41.1198449374 ],
					[ 29.0754191222, 41.1200534305 ],
					[ 29.0754975187, 41.1202630564 ],
					[ 29.0755729134, 41.1204733109 ],
					[ 29.0756452983, 41.1206841698 ],
					[ 29.075714663, 41.1208956085 ],
					[ 29.0757810018, 41.1211076019 ],
					[ 29.0758443056, 41.1213201246 ],
					[ 29.0759045664, 41.1215331533 ],
					[ 29.0759617784, 41.1217466617 ],
					[ 29.0760164216, 41.1219626049 ],
					[ 29.076067944, 41.1221789868 ],
					[ 29.0761163412, 41.1223957803 ],
					[ 29.0761616075, 41.1226129602 ],
					[ 29.0762052688, 41.1228387308 ],
					[ 29.0762455447, 41.1230648613 ],
					[ 29.0762753443, 41.1232505138 ],
					[ 29.0763048898, 41.1234533569 ],
					[ 29.0763378021, 41.1237070418 ],
					[ 29.0763662711, 41.1239610342 ],
					[ 29.0763902927, 41.1242152879 ],
					[ 29.0764098614, 41.1244697608 ],
					[ 29.0764249755, 41.1247244069 ],
					[ 29.0764356319, 41.124979182 ],
					[ 29.0764418276, 41.125234042 ],
					[ 29.0764435632, 41.1254889409 ],
					[ 29.076440837, 41.1257438347 ],
					[ 29.0764336494, 41.1259986792 ],
					[ 29.0764220023, 41.1262534294 ],
					[ 29.0764058962, 41.1265080412 ],
					[ 29.0763853365, 41.1267624687 ],
					[ 29.0763603248, 41.1270166687 ],
					[ 29.0763308655, 41.1272705962 ],
					[ 29.0762969649, 41.1275242062 ],
					[ 29.0762586273, 41.1277774547 ],
					[ 29.0762158603, 41.1280302975 ],
					[ 29.0761686717, 41.1282826907 ],
					[ 29.076117068, 41.1285345892 ],
					[ 29.0760610605, 41.128785949 ],
					[ 29.0760006581, 41.1290367261 ],
					[ 29.0759358696, 41.1292868773 ],
					[ 29.0758667089, 41.1295363576 ],
					[ 29.075793187, 41.1297851249 ],
					[ 29.0757153166, 41.1300331342 ],
					[ 29.0756331113, 41.1302803423 ],
					[ 29.0755465859, 41.1305267063 ],
					[ 29.0754557553, 41.130772182 ],
					[ 29.0753606343, 41.1310167281 ],
					[ 29.0752612414, 41.1312603008 ],
					[ 29.0751575926, 41.1315028577 ],
					[ 29.0750654846, 41.1317096837 ],
					[ 29.0749702838, 41.1319157076 ],
					[ 29.0748720001, 41.1321209027 ],
					[ 29.0747706479, 41.1323252428 ],
					[ 29.0746662385, 41.1325287011 ],
					[ 29.0745587865, 41.1327312515 ],
					[ 29.074448304, 41.1329328689 ],
					[ 29.0743348082, 41.1331335265 ],
					[ 29.07421831, 41.133333199 ],
					[ 29.0740988278, 41.1335318597 ],
					[ 29.0739763748, 41.1337294851 ],
					[ 29.073850967, 41.1339260476 ],
					[ 29.0737226201, 41.1341215238 ],
					[ 29.0735913524, 41.1343158868 ],
					[ 29.0734571785, 41.1345091134 ],
					[ 29.0733201165, 41.1347011785 ],
					[ 29.0731460365, 41.1349378732 ],
					[ 29.0729675714, 41.1351726936 ],
					[ 29.072784754, 41.1354055933 ],
					[ 29.072597623, 41.1356365264 ],
					[ 29.0724282996, 41.1358393933 ],
					[ 29.0722556464, 41.1360406501 ],
					[ 29.0720718438, 41.1362490418 ],
					[ 29.0718844714, 41.1364556081 ],
					[ 29.0715720101, 41.1368158862 ],
					[ 29.0712414353, 41.1372025565 ],
					[ 29.0709143344, 41.1375909133 ],
					[ 29.0705503997, 41.1380299478 ],
					[ 29.0701909054, 41.138471069 ],
					[ 29.0698358709, 41.13891425 ],
					[ 29.0694853169, 41.1393594669 ],
					[ 29.0691351348, 41.1398120782 ],
					[ 29.0687895845, 41.1402667193 ],
					[ 29.0684486855, 41.1407233635 ],
					[ 29.0681124598, 41.1411819849 ],
					[ 29.0677809255, 41.1416425557 ],
					[ 29.0674541036, 41.1421050474 ],
					[ 29.0671320146, 41.1425694339 ],
					[ 29.0668146757, 41.1430356859 ],
					[ 29.0665454311, 41.1434383587 ],
					[ 29.0662797293, 41.1438423743 ],
					[ 29.0660175847, 41.1442477164 ],
					[ 29.065759006, 41.1446543663 ],
					[ 29.0655040078, 41.1450623052 ],
					[ 29.0652525988, 41.145471517 ],
					[ 29.0650047911, 41.1458819821 ],
					[ 29.0647605958, 41.1462936825 ],
					[ 29.064520024, 41.1467066012 ],
					[ 29.0642830855, 41.1471207186 ],
					[ 29.0640497912, 41.1475360176 ],
					[ 29.0638201523, 41.1479524785 ],
					[ 29.0635941786, 41.1483700844 ],
					[ 29.0633718788, 41.1487888154 ],
					[ 29.0631532651, 41.1492086547 ],
					[ 29.0629383449, 41.1496295825 ],
					[ 29.0626876054, 41.1501315014 ],
					[ 29.0624421182, 41.1506349022 ],
					[ 29.0622019005, 41.1511397536 ],
					[ 29.0619669659, 41.1516460234 ],
					[ 29.0617373306, 41.152153681 ],
					[ 29.0615130081, 41.1526626951 ],
					[ 29.0612940133, 41.1531730326 ],
					[ 29.0610803599, 41.1536846619 ],
					[ 29.0608720603, 41.1541975519 ],
					[ 29.0606691295, 41.1547116693 ],
					[ 29.0604715775, 41.1552269836 ],
					[ 29.0602794192, 41.1557434616 ],
					[ 29.0600926672, 41.1562610702 ],
					[ 29.0599113302, 41.1567797788 ],
					[ 29.059735422, 41.1572995543 ],
					[ 29.0595649539, 41.1578203644 ],
					[ 29.0593999361, 41.1583421766 ],
					[ 29.0592403786, 41.1588649571 ],
					[ 29.0590862915, 41.1593886752 ],
					[ 29.0589376851, 41.1599132967 ],
					[ 29.0587945681, 41.1604387895 ],
					[ 29.0586569508, 41.1609651212 ],
					[ 29.0585248409, 41.1614922577 ],
					[ 29.0583982473, 41.1620201674 ],
					[ 29.0582771766, 41.1625488164 ],
					[ 29.058161639, 41.1630781723 ],
					[ 29.0580516409, 41.1636082008 ],
					[ 29.0579471877, 41.1641388707 ],
					[ 29.0578482873, 41.1646701477 ],
					[ 29.0577549473, 41.1652019986 ],
					[ 29.0575846542, 41.166269388 ],
					[ 29.058900475, 41.1663386043 ],
					[ 29.0599571385, 41.166394276 ],
					[ 29.0609029825, 41.1665413708 ],
					[ 29.0622865695, 41.1667565262 ],
					[ 29.0633489221, 41.1670432557 ],
					[ 29.0647498547, 41.1674213493 ],
					[ 29.0660101151, 41.1679209306 ],
					[ 29.0668559514, 41.1682562171 ],
					[ 29.0680110618, 41.1688924729 ],
					[ 29.0691615172, 41.1695261411 ],
					[ 29.0699336464, 41.1701228723 ],
					[ 29.0713219887, 41.1711957966 ],
					[ 29.0720554567, 41.1719819716 ],
					[ 29.0728292122, 41.1728113055 ],
					[ 29.0734613418, 41.1737579615 ],
					[ 29.0740076004, 41.1745759944 ],
					[ 29.0743061398, 41.1753039161 ],
					[ 29.0746174312, 41.1760629147 ],
					[ 29.0749925792, 41.1769775838 ],
					[ 29.0751550963, 41.1780529044 ],
					[ 29.0753486376, 41.1793334615 ],
					[ 29.0752664323, 41.1805994954 ],
					[ 29.0751996679, 41.1816276668 ],
					[ 29.075817343, 41.1813905582 ],
					[ 29.0766268361, 41.1811265275 ],
					[ 29.0774299528, 41.1808410766 ],
					[ 29.0783073857, 41.1804848126 ],
					[ 29.0789947008, 41.1801782716 ],
					[ 29.0796504781, 41.1798512249 ],
					[ 29.0805486681, 41.1794032721 ],
					[ 29.0812680866, 41.1789825592 ],
					[ 29.0822313302, 41.1784192433 ],
					[ 29.083404924, 41.1776030925 ],
					[ 29.0844889081, 41.1767807968 ],
					[ 29.0854258757, 41.1759999942 ],
					[ 29.0864750829, 41.1749782634 ],
					[ 29.0870414553, 41.1744108531 ],
					[ 29.0879039343, 41.1733962313 ]
				]
			},
			"properties" : {
				"ISIM_HAT" : "Boğazdan Geliş-Boğaza Gidiş",
				"TUR_HAT" : "Şehir Hatları",
				"HAT_ROTA" : "Eminönü-Beşiktaş-Kanlıca-Sarıyer-Rumeli Kavağı-Anadolu Kavağı"
			}
		},
		{
			"type" : "Feature",
			"geometry" : {
				"type" : "LineString",
				"coordinates" : [
					[ 28.9751598563, 41.0175457041 ],
					[ 28.9757513118, 41.0177880992 ],
					[ 28.9763399616, 41.0180343868 ],
					[ 28.9769257584, 41.018284546 ],
					[ 28.9775086598, 41.01853856 ],
					[ 28.978088621, 41.018796408 ],
					[ 28.9786655984, 41.0190580714 ],
					[ 28.9792395484, 41.0193235302 ],
					[ 28.9798104262, 41.0195927643 ],
					[ 28.9803781892, 41.0198657525 ],
					[ 28.9809427952, 41.0201424756 ],
					[ 28.9815042005, 41.0204229117 ],
					[ 28.9820623614, 41.0207070389 ],
					[ 28.982617238, 41.0209948369 ],
					[ 28.9831687879, 41.0212862839 ],
					[ 28.9837169673, 41.0215813571 ],
					[ 28.9842617352, 41.0218800336 ],
					[ 28.9848030525, 41.0221822923 ],
					[ 28.9853408747, 41.0224881096 ],
					[ 28.985875164, 41.0227974618 ],
					[ 28.9864058779, 41.0231103268 ],
					[ 28.9869329766, 41.0234266793 ],
					[ 28.9874564211, 41.0237464963 ],
					[ 28.9879761702, 41.0240697534 ],
					[ 28.988492185, 41.0243964257 ],
					[ 28.9890044269, 41.0247264889 ],
					[ 28.9895128568, 41.0250599182 ],
					[ 28.990017436, 41.0253966872 ],
					[ 28.9905181257, 41.0257367723 ],
					[ 28.9910148882, 41.0260801453 ],
					[ 28.9915076859, 41.0264267825 ],
					[ 28.9919964823, 41.0267766565 ],
					[ 28.9924812386, 41.0271297401 ],
					[ 28.9929619183, 41.0274860078 ],
					[ 28.9934384862, 41.0278454324 ],
					[ 28.9939109047, 41.0282079856 ],
					[ 28.9943791385, 41.028573642 ],
					[ 28.9948431523, 41.0289423716 ],
					[ 28.995302911, 41.0293141471 ],
					[ 28.9957583791, 41.0296889413 ],
					[ 28.9962095216, 41.0300667251 ],
					[ 28.9966563055, 41.0304474694 ],
					[ 28.9970986955, 41.0308311461 ],
					[ 28.9975366588, 41.0312177261 ],
					[ 28.9979701613, 41.0316071795 ],
					[ 28.9983991714, 41.0319994772 ],
					[ 28.9988236562, 41.0323945892 ],
					[ 28.9992435827, 41.0327924857 ],
					[ 28.9996589194, 41.0331931367 ],
					[ 29.0000696346, 41.0335965122 ],
					[ 29.0004756965, 41.0340025805 ],
					[ 29.0008770746, 41.0344113107 ],
					[ 29.0012737398, 41.034822674 ],
					[ 29.0016656602, 41.0352366366 ],
					[ 29.0020528067, 41.0356531687 ],
					[ 29.0024351498, 41.0360722386 ],
					[ 29.0028126603, 41.0364938136 ],
					[ 29.003185309, 41.036917862 ],
					[ 29.0035530676, 41.0373443531 ],
					[ 29.0039159093, 41.0377732523 ],
					[ 29.004273806, 41.0382045289 ],
					[ 29.0046267307, 41.0386381486 ],
					[ 29.0051814698, 41.0391019119 ],
					[ 29.0054733192, 41.0393429391 ],
					[ 29.0058920288, 41.0396826305 ],
					[ 29.006158841, 41.0398990866 ],
					[ 29.0065058658, 41.0402134405 ],
					[ 29.0068521101, 41.0405270843 ],
					[ 29.0071392773, 41.0407872093 ],
					[ 29.0073618374, 41.0410405055 ],
					[ 29.0073070218, 41.0406307382 ],
					[ 29.0072254757, 41.0401776087 ],
					[ 29.007159195, 41.0398092995 ],
					[ 29.0071558516, 41.0394730812 ],
					[ 29.0073201389, 41.039009926 ],
					[ 29.0075067673, 41.0386303472 ],
					[ 29.0077801788, 41.0382336469 ],
					[ 29.0082803282, 41.0375708242 ],
					[ 29.0086303428, 41.0372154214 ],
					[ 29.0089739119, 41.0368564324 ],
					[ 29.0093109716, 41.0364939242 ],
					[ 29.0096414603, 41.0361279638 ],
					[ 29.0099653152, 41.0357586201 ],
					[ 29.010282477, 41.0353859612 ],
					[ 29.0105928865, 41.0350100585 ],
					[ 29.0108964856, 41.03463098 ],
					[ 29.0111932163, 41.0342487983 ],
					[ 29.0114830264, 41.0338635832 ],
					[ 29.0117658603, 41.0334754072 ],
					[ 29.0120416646, 41.033084342 ],
					[ 29.0123103895, 41.0326904618 ],
					[ 29.0125719842, 41.0322938392 ],
					[ 29.0128264, 41.0318945487 ],
					[ 29.0130735896, 41.0314926645 ],
					[ 29.0133135079, 41.0310882612 ],
					[ 29.0135461087, 41.0306814147 ],
					[ 29.0137713506, 41.0302722006 ],
					[ 29.0139891898, 41.0298606959 ],
					[ 29.0141995871, 41.0294469768 ],
					[ 29.0144025023, 41.0290311206 ],
					[ 29.0145978999, 41.0286132051 ],
					[ 29.0147857408, 41.0281933068 ],
					[ 29.0149659918, 41.0277715063 ]
				]
			},
			"properties" : {
				"ISIM_HAT" : "Erguvan Turu",
				"TUR_HAT" : "Şehir Hatları",
				"HAT_ROTA" : "Eminönü-Beşiktaş-Üsküdar"
			}
		},
		{
			"type" : "Feature",
			"geometry" : {
				"type" : "LineString",
				"coordinates" : [
					[ 29.015867984, 41.0281091336 ],
					[ 29.0158593506, 41.0283426864 ],
					[ 29.015846803, 41.0285761382 ],
					[ 29.0158303443, 41.0288094494 ],
					[ 29.0158099761, 41.0290425841 ],
					[ 29.0157857012, 41.0292755044 ],
					[ 29.015757525, 41.0295081726 ],
					[ 29.0157254504, 41.0297405508 ],
					[ 29.0156894837, 41.0299726022 ],
					[ 29.0156496304, 41.03020429 ],
					[ 29.0156058969, 41.0304355745 ],
					[ 29.0155582895, 41.0306664216 ],
					[ 29.0155068172, 41.0308967917 ],
					[ 29.0154514864, 41.031126648 ],
					[ 29.0153923072, 41.0313559545 ],
					[ 29.0153292895, 41.0315846735 ],
					[ 29.0152624422, 41.0318127691 ],
					[ 29.0151917766, 41.0320402035 ],
					[ 29.0151173049, 41.0322669399 ],
					[ 29.0150390373, 41.0324929423 ],
					[ 29.0149569873, 41.032718174 ],
					[ 29.0148711685, 41.032942599 ],
					[ 29.0147815945, 41.0331661814 ],
					[ 29.0146882789, 41.0333888845 ],
					[ 29.0145912376, 41.0336106732 ],
					[ 29.0144904854, 41.0338315107 ],
					[ 29.0143860394, 41.0340513621 ],
					[ 29.0142779157, 41.0342701923 ],
					[ 29.0141661325, 41.0344879655 ],
					[ 29.014050707, 41.0347046467 ],
					[ 29.0139316586, 41.0349202009 ],
					[ 29.0138090046, 41.0351345932 ],
					[ 29.0136827669, 41.0353477895 ],
					[ 29.0135529648, 41.0355597549 ],
					[ 29.0134196181, 41.0357704562 ],
					[ 29.0132827508, 41.0359798585 ],
					[ 29.0131423837, 41.0361879285 ],
					[ 29.0129985388, 41.0363946324 ],
					[ 29.012851239, 41.0365999369 ],
					[ 29.0127005098, 41.0368038089 ],
					[ 29.0125463731, 41.0370062163 ],
					[ 29.0123888566, 41.0372071258 ],
					[ 29.0122279824, 41.0374065044 ],
					[ 29.0120637793, 41.0376043217 ],
					[ 29.0118962717, 41.0378005437 ],
					[ 29.0117254884, 41.0379951408 ],
					[ 29.011551455, 41.03818808 ],
					[ 29.0113742004, 41.0383793309 ],
					[ 29.0111937525, 41.038568863 ],
					[ 29.0110101425, 41.0387566452 ],
					[ 29.0108233972, 41.038942648 ],
					[ 29.0106335478, 41.03912684 ],
					[ 29.0104406257, 41.0393091927 ],
					[ 29.0102446611, 41.0394896767 ],
					[ 29.0100456854, 41.0396682615 ],
					[ 29.0098437309, 41.0398449205 ],
					[ 29.0096388316, 41.0400196241 ],
					[ 29.0094310175, 41.0401923439 ],
					[ 29.0092203235, 41.0403630522 ],
					[ 29.0090067846, 41.0405317213 ],
					[ 29.0087904343, 41.0406983255 ],
					[ 29.0085713078, 41.0408628352 ],
					[ 29.0083494385, 41.0410252265 ],
					[ 29.008124865, 41.0411854718 ],
					[ 29.0078976222, 41.0413435461 ]
				]
			},
			"properties" : {
				"ISIM_HAT" : "Üsküdar-Beşiktaş",
				"TUR_HAT" : "Özel Motor",
				"HAT_ROTA" : "Üsküdar-Beşiktaş"
			}
		},
		{
			"type" : "Feature",
			"geometry" : {
				"type" : "LineString",
				"coordinates" : [
					[ 28.9751598563, 41.0175457041 ],
					[ 28.9759236262, 41.0181360758 ],
					[ 28.9774778659, 41.0190673298 ],
					[ 28.9794609185, 41.0202554484 ],
					[ 28.9818765919, 41.0217026617 ],
					[ 28.982624823, 41.0221171226 ],
					[ 28.9837181697, 41.0227185598 ],
					[ 28.9846533876, 41.0232480558 ],
					[ 28.985336588, 41.0236428125 ],
					[ 28.9869284196, 41.0245932025 ],
					[ 28.9884929264, 41.0255692904 ],
					[ 28.989520394, 41.0262340697 ],
					[ 28.9905351829, 41.0269099337 ],
					[ 28.9908097415, 41.0270967952 ],
					[ 28.9928688824, 41.028871111 ],
					[ 28.9940916452, 41.0301206013 ],
					[ 28.994391288, 41.0305283825 ],
					[ 28.9946450081, 41.0310764631 ],
					[ 28.9947786948, 41.0319626917 ],
					[ 28.9947654064, 41.0320900365 ],
					[ 28.9947425256, 41.0321670271 ],
					[ 28.9942710129, 41.032759708 ],
					[ 28.994041577, 41.0329506813 ],
					[ 28.9936851377, 41.0332025819 ],
					[ 28.996893794, 41.0340767156 ],
					[ 28.9971620912, 41.0341315732 ],
					[ 28.9974290483, 41.0341900634 ],
					[ 28.9976945763, 41.0342521676 ],
					[ 28.9979585936, 41.0343178653 ],
					[ 28.9982210126, 41.0343871366 ],
					[ 28.9984817491, 41.0344599576 ],
					[ 28.9987407216, 41.0345363068 ],
					[ 28.9989978448, 41.0346161583 ],
					[ 28.9992530371, 41.034699487 ],
					[ 28.9995062157, 41.0347862653 ],
					[ 28.9997573001, 41.0348764672 ],
					[ 29.0000062088, 41.0349700615 ],
					[ 29.0002528627, 41.0350670195 ],
					[ 29.0004971824, 41.0351673099 ],
					[ 29.0007390877, 41.0352709007 ],
					[ 29.000978503, 41.0353777577 ],
					[ 29.0012153516, 41.0354878471 ],
					[ 29.0014495554, 41.035601134 ],
					[ 29.0016810403, 41.0357175808 ],
					[ 29.0019097305, 41.0358371508 ],
					[ 29.0021355555, 41.0359598057 ],
					[ 29.0023584408, 41.0360855061 ],
					[ 29.0025783145, 41.0362142118 ],
					[ 29.002795106, 41.0363458808 ],
					[ 29.003008747, 41.036480471 ],
					[ 29.0032191666, 41.0366179396 ],
					[ 29.0034262991, 41.0367582419 ],
					[ 29.0036300772, 41.0369013331 ],
					[ 29.0038304363, 41.0370471678 ],
					[ 29.0040273094, 41.0371956977 ],
					[ 29.0042206365, 41.0373468763 ],
					[ 29.004410354, 41.0375006535 ],
					[ 29.0045963998, 41.0376569821 ],
					[ 29.004778715, 41.0378158111 ],
					[ 29.0049572423, 41.0379770878 ],
					[ 29.0051319217, 41.0381407631 ],
					[ 29.0053027004, 41.0383067825 ],
					[ 29.0054695199, 41.0384750925 ],
					[ 29.0056323286, 41.0386456403 ],
					[ 29.0057910737, 41.0388183705 ],
					[ 29.005945705, 41.0389932271 ],
					[ 29.006096171, 41.0391701554 ],
					[ 29.0062424248, 41.0393490966 ],
					[ 29.0063844199, 41.0395299944 ],
					[ 29.0065221083, 41.03971279 ],
					[ 29.0066554469, 41.0398974254 ],
					[ 29.0067843936, 41.0400838416 ],
					[ 29.0069089066, 41.0402719771 ],
					[ 29.0070289451, 41.0404617731 ],
					[ 29.0071444708, 41.040653167 ],
					[ 29.0072554465, 41.0408460983 ],
					[ 29.0073618374, 41.0410405055 ],
					[ 29.0077815039, 41.0406723439 ],
					[ 29.0080868312, 41.0404557903 ],
					[ 29.0084771339, 41.0402730744 ],
					[ 29.0088696917, 41.0401144471 ],
					[ 29.0093503401, 41.0399565757 ],
					[ 29.0100076013, 41.0397716307 ],
					[ 29.0108126308, 41.0396071522 ],
					[ 29.0118646765, 41.0394372354 ],
					[ 29.0125630323, 41.0393471823 ],
					[ 29.0138169944, 41.0392134535 ],
					[ 29.0147145384, 41.0391773135 ],
					[ 29.01582434, 41.0391538604 ],
					[ 29.0174422069, 41.0391872412 ],
					[ 29.0198623218, 41.0393948998 ],
					[ 29.0209149631, 41.0395498323 ],
					[ 29.0223807496, 41.0398509785 ],
					[ 29.0231051189, 41.0400237654 ],
					[ 29.023823108, 41.0402111997 ],
					[ 29.024984755, 41.0405500884 ],
					[ 29.0259455594, 41.0408644716 ],
					[ 29.0270704816, 41.0412738313 ],
					[ 29.0279823872, 41.0416409412 ],
					[ 29.0285813757, 41.0419000724 ],
					[ 29.0297974461, 41.0424729515 ],
					[ 29.0303187263, 41.0426909627 ],
					[ 29.030717763, 41.0428501289 ],
					[ 29.0315263046, 41.0431528874 ],
					[ 29.0319801486, 41.0433116355 ],
					[ 29.0328993256, 41.043609504 ],
					[ 29.0338327237, 41.0438808513 ],
					[ 29.0352565594, 41.0442373039 ],
					[ 29.0363886582, 41.044473392 ],
					[ 29.0375334889, 41.0446711941 ],
					[ 29.0383991091, 41.0447941826 ],
					[ 29.0392696609, 41.0448952782 ],
					[ 29.0404363987, 41.0449958264 ],
					[ 29.0416078828, 41.0450570586 ],
					[ 29.0427818044, 41.0450788526 ],
					[ 29.0445421884, 41.0450375271 ],
					[ 29.0445680311, 41.0456295098 ],
					[ 29.0445998828, 41.0462213245 ],
					[ 29.0446816021, 41.0474043113 ],
					[ 29.0447873289, 41.0485862066 ],
					[ 29.0449908792, 41.0503563943 ],
					[ 29.0451565073, 41.0515343423 ],
					[ 29.0454497488, 41.0532973026 ],
					[ 29.0456397091, 41.0542905478 ],
					[ 29.0459241162, 41.0556390652 ],
					[ 29.0460575536, 41.0562226944 ],
					[ 29.0465389059, 41.0581368927 ],
					[ 29.0469822629, 41.0597066004 ],
					[ 29.0473375539, 41.0608602731 ],
					[ 29.0477070461, 41.0619442573 ],
					[ 29.047914328, 41.0625826895 ],
					[ 29.0483279369, 41.0637251763 ],
					[ 29.0486929628, 41.0646802604 ],
					[ 29.0496765121, 41.0670516795 ],
					[ 29.0505358239, 41.0689307575 ],
					[ 29.0512222163, 41.0703287098 ],
					[ 29.0519219641, 41.0716746774 ],
					[ 29.0521475554, 41.0720933799 ],
					[ 29.0537725624, 41.0744145203 ],
					[ 29.0549106147, 41.0761703033 ],
					[ 29.0557512446, 41.0775486823 ],
					[ 29.0563569301, 41.0785909313 ],
					[ 29.0570904974, 41.079915746 ],
					[ 29.0579204486, 41.0815106863 ],
					[ 29.0584986211, 41.0826893475 ],
					[ 29.0592507038, 41.0843252891 ],
					[ 29.0593725216, 41.0849330921 ],
					[ 29.0594752888, 41.0855160703 ],
					[ 29.0595645487, 41.0861003211 ],
					[ 29.0596402737, 41.0866856652 ],
					[ 29.0597024423, 41.0872719224 ],
					[ 29.0597510341, 41.0878589133 ],
					[ 29.059807428, 41.0890343755 ],
					[ 29.0598013659, 41.0905046219 ],
					[ 29.0597568992, 41.0913861769 ],
					[ 29.0597352764, 41.0916797954 ],
					[ 29.0594889129, 41.0937295348 ],
					[ 29.0591459542, 41.0954745929 ],
					[ 29.058929148, 41.0963414085 ],
					[ 29.0587679197, 41.096916763 ],
					[ 29.058682317, 41.0972036173 ],
					[ 29.0585933949, 41.0974898934 ],
					[ 29.0585011632, 41.0977755697 ],
					[ 29.0584056281, 41.0980606238 ],
					[ 29.0583067947, 41.0983450339 ],
					[ 29.0582046739, 41.0986287778 ],
					[ 29.0580992708, 41.0989118357 ],
					[ 29.0579905952, 41.0991941832 ],
					[ 29.0578786544, 41.0994758007 ],
					[ 29.0577634584, 41.0997566657 ],
					[ 29.0576450132, 41.1000367566 ],
					[ 29.0575233299, 41.1003160528 ],
					[ 29.0573984183, 41.1005945319 ],
					[ 29.057270287, 41.1008721723 ],
					[ 29.0571389446, 41.1011489543 ],
					[ 29.0570044032, 41.1014248545 ],
					[ 29.0568666726, 41.1016998532 ],
					[ 29.0567257615, 41.1019739289 ],
					[ 29.0565816832, 41.1022470609 ],
					[ 29.0564344475, 41.1025192286 ],
					[ 29.056273823, 41.1027771235 ],
					[ 29.0561305502, 41.103060584 ],
					[ 29.0563158988, 41.1031724934 ],
					[ 29.0564987301, 41.1032867472 ],
					[ 29.0566789922, 41.1034033137 ],
					[ 29.0568566355, 41.103522159 ],
					[ 29.0570316071, 41.1036432504 ],
					[ 29.0572038597, 41.1037665532 ],
					[ 29.0573733427, 41.1038920329 ],
					[ 29.0575400089, 41.1040196521 ],
					[ 29.0577038114, 41.1041493771 ],
					[ 29.0578647029, 41.1042811689 ],
					[ 29.0580226388, 41.1044149921 ],
					[ 29.0581775732, 41.1045508074 ],
					[ 29.0583294625, 41.1046885758 ],
					[ 29.0584782634, 41.1048282602 ],
					[ 29.0586239346, 41.1049698196 ],
					[ 29.058766434, 41.1051132149 ],
					[ 29.0589057215, 41.1052584037 ],
					[ 29.0590417573, 41.1054053467 ],
					[ 29.0591745028, 41.1055540015 ],
					[ 29.0593039203, 41.1057043253 ],
					[ 29.0594299736, 41.1058562765 ],
					[ 29.0595526263, 41.1060098116 ],
					[ 29.0596718447, 41.1061648862 ],
					[ 29.0597875934, 41.1063214585 ],
					[ 29.0598998412, 41.1064794816 ],
					[ 29.0600085539, 41.1066389128 ],
					[ 29.0601137037, 41.106799706 ],
					[ 29.0602152591, 41.106961815 ],
					[ 29.060313191, 41.1071251946 ],
					[ 29.0604074713, 41.1072897986 ],
					[ 29.0604980746, 41.1074555801 ],
					[ 29.0605849753, 41.107622491 ],
					[ 29.0606681468, 41.1077904862 ],
					[ 29.0607475669, 41.1079595168 ],
					[ 29.0608232126, 41.1081295341 ],
					[ 29.0608950631, 41.1083004911 ],
					[ 29.0609630977, 41.1084723389 ],
					[ 29.0610272967, 41.1086450298 ],
					[ 29.0610876418, 41.1088185131 ],
					[ 29.0611441158, 41.1089927401 ],
					[ 29.0611967039, 41.1091676621 ],
					[ 29.061245389, 41.1093432284 ],
					[ 29.0612901597, 41.1095193904 ],
					[ 29.0613310014, 41.1096960976 ],
					[ 29.0613679027, 41.1098733003 ],
					[ 29.0614008548, 41.1100509471 ],
					[ 29.0614298454, 41.1102289885 ],
					[ 29.0614548692, 41.1104073739 ],
					[ 29.0614759172, 41.1105860528 ],
					[ 29.0614929844, 41.1107649749 ],
					[ 29.0615060653, 41.1109440886 ],
					[ 29.0615151572, 41.1111233437 ],
					[ 29.0615202559, 41.1113026886 ],
					[ 29.0615213609, 41.111482074 ],
					[ 29.0615184707, 41.1116614466 ],
					[ 29.0615115882, 41.1118407579 ],
					[ 29.061500714, 41.1120199565 ],
					[ 29.0614858502, 41.1121989903 ],
					[ 29.0614670034, 41.1123778097 ],
					[ 29.0614441766, 41.1125563644 ],
					[ 29.0614173776, 41.1127346021 ],
					[ 29.0613866143, 41.1129124735 ],
					[ 29.0613518946, 41.1130899282 ],
					[ 29.0613132274, 41.1132669148 ],
					[ 29.0614552104, 41.113177465 ],
					[ 29.0616002009, 41.1130908183 ],
					[ 29.0617481018, 41.1130070323 ],
					[ 29.0618988146, 41.112926163 ],
					[ 29.0620522385, 41.1128482645 ],
					[ 29.0622082705, 41.1127733882 ],
					[ 29.0623668074, 41.1127015844 ],
					[ 29.0625277426, 41.112632902 ],
					[ 29.0626909696, 41.112567385 ],
					[ 29.0628563793, 41.1125050784 ],
					[ 29.0630238616, 41.1124460237 ],
					[ 29.0631933042, 41.1123902595 ],
					[ 29.0633645945, 41.1123378237 ],
					[ 29.0635376179, 41.1122887513 ],
					[ 29.0637122596, 41.1122430738 ],
					[ 29.0638884024, 41.1122008236 ],
					[ 29.0640659282, 41.1121620276 ],
					[ 29.06424472, 41.1121267119 ],
					[ 29.0644246583, 41.1120949006 ],
					[ 29.0646056227, 41.1120666136 ],
					[ 29.0647874926, 41.1120418714 ],
					[ 29.0649701465, 41.1120206893 ],
					[ 29.0651534627, 41.1120030816 ],
					[ 29.0653373196, 41.1119890608 ],
					[ 29.0655215934, 41.1119786358 ],
					[ 29.0657061612, 41.1119718137 ],
					[ 29.0658909018, 41.1119685981 ],
					[ 29.0660756887, 41.1119689923 ],
					[ 29.066260402, 41.1119729964 ],
					[ 29.0664449165, 41.1119806056 ],
					[ 29.0666291098, 41.1119918173 ],
					[ 29.0668128582, 41.1120066224 ],
					[ 29.0669960404, 41.1120250116 ],
					[ 29.067178534, 41.1120469733 ],
					[ 29.0673602167, 41.1120724911 ],
					[ 29.0675409672, 41.1121015497 ],
					[ 29.0677206655, 41.1121341283 ],
					[ 29.0678991907, 41.112170207 ],
					[ 29.0680764252, 41.1122097596 ],
					[ 29.0682522503, 41.112252761 ],
					[ 29.0684265486, 41.112299183 ],
					[ 29.0685992027, 41.1123489933 ],
					[ 29.0687700988, 41.1124021594 ],
					[ 29.0689391231, 41.1124586454 ],
					[ 29.0691061619, 41.1125184142 ],
					[ 29.0692711051, 41.1125814263 ],
					[ 29.0694338413, 41.1126476385 ],
					[ 29.0695942616, 41.1127170067 ],
					[ 29.0697522608, 41.1127894859 ],
					[ 29.0699077312, 41.1128650266 ],
					[ 29.0700605711, 41.1129435786 ],
					[ 29.070210679, 41.1130250896 ],
					[ 29.0703579519, 41.1131095057 ],
					[ 29.0705022943, 41.1131967704 ],
					[ 29.0706436082, 41.1132868252 ],
					[ 29.0707818004, 41.1133796099 ],
					[ 29.0709167776, 41.1134750627 ],
					[ 29.0710484516, 41.1135731197 ],
					[ 29.0711767326, 41.1136737163 ],
					[ 29.0713015349, 41.1137767852 ],
					[ 29.0714227771, 41.1138822574 ],
					[ 29.0715403782, 41.1139900619 ],
					[ 29.0716542569, 41.1141001279 ],
					[ 29.0717643405, 41.1142123819 ],
					[ 29.0718542188, 41.1143087451 ],
					[ 29.0719412979, 41.1144065661 ],
					[ 29.0720255393, 41.1145057994 ],
					[ 29.0721069006, 41.1146063979 ],
					[ 29.0722017336, 41.1147302693 ],
					[ 29.0723241997, 41.1149024433 ],
					[ 29.0724682377, 41.1150925708 ],
					[ 29.0726097825, 41.1152837667 ],
					[ 29.0728217348, 41.1155786687 ],
					[ 29.0730277557, 41.1158759646 ],
					[ 29.0732277986, 41.1161755873 ],
					[ 29.0734218165, 41.1164774681 ],
					[ 29.0736064664, 41.116776093 ],
					[ 29.0737852205, 41.1170767627 ],
					[ 29.0739580391, 41.1173794112 ],
					[ 29.0741248851, 41.1176839709 ],
					[ 29.0742857212, 41.1179903747 ],
					[ 29.0744405102, 41.1182985539 ],
					[ 29.0745892197, 41.1186084408 ],
					[ 29.0747318147, 41.1189199668 ],
					[ 29.0748676648, 41.1192316508 ],
					[ 29.0749973942, 41.1195448217 ],
					[ 29.0751209763, 41.1198594116 ],
					[ 29.0752383823, 41.1201753511 ],
					[ 29.0753495868, 41.1204925716 ],
					[ 29.0754545658, 41.1208110034 ],
					[ 29.0755532963, 41.1211305753 ],
					[ 29.0756457543, 41.1214512188 ],
					[ 29.0757319226, 41.1217728634 ],
					[ 29.0758117798, 41.1220954369 ],
					[ 29.0758853099, 41.12241887 ],
					[ 29.0759524948, 41.1227430913 ],
					[ 29.0760133224, 41.1230680296 ],
					[ 29.0760677768, 41.1233936137 ],
					[ 29.0761158459, 41.1237197724 ],
					[ 29.0761575211, 41.1240464334 ],
					[ 29.0761821508, 41.1242683128 ],
					[ 29.0762038297, 41.1244903683 ],
					[ 29.0762225547, 41.1247125766 ],
					[ 29.076238326, 41.124934917 ],
					[ 29.0762511415, 41.1251573651 ],
					[ 29.0762609978, 41.1253799003 ],
					[ 29.0762678966, 41.1256024991 ],
					[ 29.0762718357, 41.125825138 ],
					[ 29.0762728153, 41.1260477965 ],
					[ 29.0762708346, 41.126270451 ],
					[ 29.0762658939, 41.126493079 ],
					[ 29.0762579934, 41.126715659 ],
					[ 29.0762471358, 41.1269381667 ],
					[ 29.0762333191, 41.1271605813 ],
					[ 29.076216547, 41.1273828794 ],
					[ 29.0761968211, 41.1276050386 ],
					[ 29.0760772136, 41.1282592115 ],
					[ 29.0759516833, 41.1289127496 ],
					[ 29.0758202363, 41.1295656214 ],
					[ 29.0757363076, 41.1299641165 ],
					[ 29.0756703971, 41.1301676541 ],
					[ 29.0756015904, 41.1303706426 ],
					[ 29.075529895, 41.1305730587 ],
					[ 29.0754553209, 41.1307748798 ],
					[ 29.0753778741, 41.1309760808 ],
					[ 29.0752975658, 41.1311766402 ],
					[ 29.0752144034, 41.1313765337 ],
					[ 29.0751283992, 41.131575738 ],
					[ 29.0750344168, 41.1317855086 ],
					[ 29.0749372824, 41.1319944578 ],
					[ 29.074837008, 41.132202556 ],
					[ 29.0747336049, 41.1324097781 ],
					[ 29.0746270876, 41.1326160972 ],
					[ 29.0745174707, 41.1328214854 ],
					[ 29.0744047666, 41.1330259168 ],
					[ 29.0742889911, 41.1332293644 ],
					[ 29.0741701588, 41.1334318022 ],
					[ 29.0740482855, 41.1336332034 ],
					[ 29.0739233859, 41.1338335437 ],
					[ 29.0737954782, 41.1340327945 ],
					[ 29.073664577, 41.1342309316 ],
					[ 29.0735306994, 41.1344279298 ],
					[ 29.0733938646, 41.1346237624 ],
					[ 29.0732540875, 41.1348184032 ],
					[ 29.0730745413, 41.1350609471 ],
					[ 29.0728904279, 41.1353015261 ],
					[ 29.0727017872, 41.1355400911 ],
					[ 29.0725086543, 41.1357765945 ],
					[ 29.0723113864, 41.1360106187 ],
					[ 29.0718853705, 41.1364872978 ],
					[ 29.0714648485, 41.1369667577 ],
					[ 29.0711381888, 41.1373455454 ],
					[ 29.0708149592, 41.1377260121 ],
					[ 29.0704520794, 41.1381600754 ],
					[ 29.0700936624, 41.1385962544 ],
					[ 29.0697397286, 41.1390345215 ],
					[ 29.0693903013, 41.1394748515 ],
					[ 29.0690409386, 41.1399229904 ],
					[ 29.0686962431, 41.140373191 ],
					[ 29.0683562355, 41.1408254255 ],
					[ 29.0680209378, 41.1412796654 ],
					[ 29.0676903693, 41.141735883 ],
					[ 29.067364552, 41.1421940506 ],
					[ 29.0670435055, 41.1426541395 ],
					[ 29.0667272493, 41.1431161221 ],
					[ 29.0664582768, 41.1435161767 ],
					[ 29.0661928968, 41.1439176005 ],
					[ 29.0659311213, 41.1443203746 ],
					[ 29.0656729626, 41.1447244814 ],
					[ 29.0654184341, 41.1451299027 ],
					[ 29.0651675445, 41.1455366181 ],
					[ 29.0649203085, 41.1459446105 ],
					[ 29.0646767345, 41.1463538603 ],
					[ 29.0644368361, 41.1467643496 ],
					[ 29.0642006244, 41.1471760587 ],
					[ 29.0639681091, 41.1475889687 ],
					[ 29.0637393013, 41.1480030609 ],
					[ 29.0635142109, 41.1484183164 ],
					[ 29.0632928501, 41.1488347157 ],
					[ 29.0630752276, 41.1492522398 ],
					[ 29.0628613544, 41.1496708699 ],
					[ 29.062611314, 41.1501713267 ],
					[ 29.0623666303, 41.150673295 ],
					[ 29.0621273206, 41.1511767409 ],
					[ 29.0618934009, 41.151681633 ],
					[ 29.0616648861, 41.1521879381 ],
					[ 29.0614417922, 41.1526956223 ],
					[ 29.061224133, 41.1532046531 ],
					[ 29.0610119232, 41.1537149967 ],
					[ 29.0608051768, 41.1542266197 ],
					[ 29.060603906, 41.1547394899 ],
					[ 29.060408127, 41.1552535723 ],
					[ 29.06021785, 41.1557688347 ],
					[ 29.0600330886, 41.1562852421 ],
					[ 29.0598538554, 41.1568027612 ],
					[ 29.0596801628, 41.1573213589 ],
					[ 29.0595120198, 41.1578410002 ],
					[ 29.0593494402, 41.1583616528 ],
					[ 29.0591924329, 41.1588832807 ],
					[ 29.0590410091, 41.1594058509 ],
					[ 29.0588951792, 41.159929329 ],
					[ 29.0587549519, 41.1604536811 ],
					[ 29.0586203375, 41.1609788731 ],
					[ 29.0584913438, 41.1615048698 ],
					[ 29.0583679796, 41.1620316372 ],
					[ 29.0582502552, 41.1625591411 ],
					[ 29.0581381748, 41.1630873475 ],
					[ 29.0580317484, 41.1636162203 ],
					[ 29.0579309828, 41.1641457263 ],
					[ 29.0578358844, 41.1646758314 ],
					[ 29.0577464599, 41.1652064997 ],
					[ 29.0576627147, 41.1657376969 ],
					[ 29.0575846542, 41.166269388 ],
					[ 29.0599571385, 41.166394276 ],
					[ 29.0627436239, 41.166856967 ],
					[ 29.0643120064, 41.1672802627 ],
					[ 29.0658213305, 41.1678122341 ],
					[ 29.0684232628, 41.16907203 ],
					[ 29.0708579605, 41.1707857509 ],
					[ 29.072449519, 41.1723543931 ],
					[ 29.0737204148, 41.1740820375 ],
					[ 29.0747091894, 41.1761043626 ],
					[ 29.07516341, 41.1776852289 ],
					[ 29.0753541103, 41.1791161198 ],
					[ 29.0751996679, 41.1816276668 ],
					[ 29.077372555, 41.1808689593 ],
					[ 29.0803311413, 41.1795190085 ],
					[ 29.082434152, 41.1782891577 ],
					[ 29.0845461008, 41.1767601518 ],
					[ 29.0860997327, 41.1753844277 ],
					[ 29.0879039343, 41.1733962313 ]
				]
			},
			"properties" : {
				"ISIM_HAT" : "Boğazdan Geliş-Boğaza Gidiş",
				"TUR_HAT" : "Şehir Hatları",
				"HAT_ROTA" : "Anadolu Kavağı-Rumeli Kavağı-Sarıyer-İstinye-Emirgan-Beylerbeyi-Beşiktaş-Kabataş-Eminönü"
			}
		},
		{
			"type" : "Feature",
			"geometry" : {
				"type" : "LineString",
				"coordinates" : [
					[ 29.0073618374, 41.0410405055 ],
					[ 29.0066180257, 41.0394667788 ],
					[ 29.0060636118, 41.0388480372 ],
					[ 29.0053441128, 41.0380570134 ],
					[ 29.004146411, 41.0368766228 ],
					[ 29.0029258842, 41.0359037641 ],
					[ 29.0019223665, 41.0353463158 ],
					[ 29.0009312941, 41.0348943828 ],
					[ 28.9999645878, 41.0345339968 ],
					[ 28.9989343909, 41.0342270938 ],
					[ 28.9978360299, 41.0339793015 ],
					[ 28.9949190399, 41.0332920822 ],
					[ 28.9936851377, 41.0332025819 ],
					[ 28.9948028206, 41.0315214096 ],
					[ 28.9948519629, 41.0313931879 ],
					[ 28.9948584753, 41.0312753151 ],
					[ 28.994862874, 41.0311059646 ],
					[ 28.9947660758, 41.0309796216 ],
					[ 28.9944524883, 41.0306389348 ],
					[ 28.9941990381, 41.0303635803 ],
					[ 28.9938102207, 41.0299411533 ],
					[ 28.9927320222, 41.02903611 ],
					[ 28.9886949415, 41.0259268559 ],
					[ 28.9885574434, 41.0258224624 ],
					[ 28.9883984813, 41.0257337282 ],
					[ 28.9849200391, 41.0243157576 ],
					[ 28.9834343296, 41.0237100649 ],
					[ 28.9812032165, 41.0227766188 ],
					[ 28.9792879069, 41.0219709152 ],
					[ 28.9780348537, 41.0214694825 ],
					[ 28.9776184861, 41.0213333962 ],
					[ 28.9771110741, 41.0211925447 ],
					[ 28.9764078106, 41.0210042481 ],
					[ 28.9759201197, 41.0208880991 ],
					[ 28.9753239649, 41.0208183621 ],
					[ 28.9747640988, 41.020784533 ],
					[ 28.9738961996, 41.0207579198 ],
					[ 28.9710622907, 41.0211103815 ],
					[ 28.9697579888, 41.0216387233 ],
					[ 28.9687219077, 41.0223937042 ],
					[ 28.9676956549, 41.0233383791 ],
					[ 28.9670037974, 41.0239845825 ],
					[ 28.96577385, 41.0255754221 ],
					[ 28.9653601059, 41.0264691948 ],
					[ 28.9650374288, 41.0271662239 ],
					[ 28.9649030311, 41.0275967646 ],
					[ 28.9647765059, 41.028002079 ],
					[ 28.9651163981, 41.0288702972 ],
					[ 28.9661732234, 41.0303755474 ],
					[ 28.962845052, 41.0303081394 ],
					[ 28.9627855117, 41.0303097645 ],
					[ 28.962725977, 41.0303114891 ],
					[ 28.9626664481, 41.0303133131 ],
					[ 28.9626297415, 41.0303144877 ],
					[ 28.9625930373, 41.0303157 ],
					[ 28.9625563356, 41.0303169502 ],
					[ 28.9612657514, 41.0305052389 ],
					[ 28.9599975283, 41.0307652377 ],
					[ 28.9587585899, 41.0310955274 ],
					[ 28.9578948765, 41.0313364297 ],
					[ 28.9570508724, 41.0316141553 ],
					[ 28.9562293018, 41.0319278076 ],
					[ 28.9553256768, 41.0323233727 ],
					[ 28.9544548528, 41.0327588915 ],
					[ 28.9536198882, 41.0332328347 ],
					[ 28.9464269448, 41.0403412528 ],
					[ 28.9453271322, 41.0413958923 ],
					[ 28.9441876342, 41.0423271659 ],
					[ 28.9433644543, 41.0429998992 ],
					[ 28.9426375403, 41.0435939437 ],
					[ 28.942212651, 41.0438905205 ],
					[ 28.9413732128, 41.0444135412 ],
					[ 28.9412151538, 41.0446540986 ],
					[ 28.941069318, 41.0448990785 ],
					[ 28.940935916, 41.0451481266 ],
					[ 28.9408703838, 41.0452478614 ],
					[ 28.9408099194, 41.04534943 ],
					[ 28.9407546101, 41.0454526856 ],
					[ 28.9407385811, 41.0454770803 ],
					[ 28.9407237918, 41.0455019237 ],
					[ 28.9407102633, 41.0455271797 ],
					[ 28.9407110104, 41.0455681708 ],
					[ 28.9407103685, 41.0456091575 ],
					[ 28.9407083381, 41.0456501128 ],
					[ 28.9407099742, 41.0457398669 ],
					[ 28.940708569, 41.0458296113 ],
					[ 28.9407041234, 41.045919287 ],
					[ 28.9407053251, 41.0459852127 ],
					[ 28.9407042929, 41.0460511313 ],
					[ 28.9407010275, 41.0461169994 ],
					[ 28.9407009783, 41.0462907914 ],
					[ 28.9406951678, 41.046464505 ],
					[ 28.9406835996, 41.0466380307 ],
					[ 28.9391853935, 41.0469128154 ],
					[ 28.9389239784, 41.0469918296 ],
					[ 28.9378573341, 41.0473131758 ],
					[ 28.9378306667, 41.0473149641 ]
				]
			},
			"properties" : {
				"ISIM_HAT" : "Beşiktaş-Eyüpsultan",
				"TUR_HAT" : "Şehir Hatları",
				"HAT_ROTA" : "Beşiktaş-Kabataş-Karaköy-Kasımpaşa-Sütlüce-Eyüpsultan"
			}
		},
		{
			"type" : "Feature",
			"geometry" : {
				"type" : "LineString",
				"coordinates" : [
					[ 29.0710605061, 41.1216401946 ],
					[ 29.0780177282, 41.1261005134 ],
					[ 29.0806201992, 41.1277687132 ],
					[ 29.0837187477, 41.1297547135 ],
					[ 29.0859329854, 41.1311737956 ],
					[ 29.0873700359, 41.1320947311 ],
					[ 29.0889749844, 41.1331232135 ],
					[ 29.0899600012, 41.1337544048 ],
					[ 29.0903554487, 41.1340077983 ],
					[ 29.0907829916, 41.1342817548 ],
					[ 29.0909555892, 41.1344475016 ],
					[ 29.0910438529, 41.134582088 ]
				]
			},
			"properties" : {
				"ISIM_HAT" : "Beykoz-Yeniköy",
				"TUR_HAT" : "Özel Motor",
				"HAT_ROTA" : "Beykoz-Yeniköy"
			}
		},
		{
			"type" : "Feature",
			"geometry" : {
				"type" : "LineString",
				"coordinates" : [
					[ 29.0940577937, 40.9514859167 ],
					[ 29.0942087404, 40.951371423 ],
					[ 29.0943538056, 40.95125264 ],
					[ 29.0944927756, 40.9511297398 ],
					[ 29.0946254497, 40.9510029027 ],
					[ 29.0947516328, 40.9508723145 ],
					[ 29.0948711419, 40.9507381647 ],
					[ 29.0949837998, 40.9506006509 ],
					[ 29.0950894446, 40.9504599718 ],
					[ 29.0951879202, 40.950316336 ],
					[ 29.0952790826, 40.9501699503 ],
					[ 29.0953628005, 40.9500210308 ],
					[ 29.0954389512, 40.9498697944 ],
					[ 29.0955074211, 40.9497164617 ],
					[ 29.0955681135, 40.9495612563 ],
					[ 29.0956209374, 40.949404407 ],
					[ 29.0956658173, 40.9492461411 ],
					[ 29.0956957967, 40.949119403 ],
					[ 29.0957206802, 40.9489920325 ],
					[ 29.0957404461, 40.9488641472 ],
					[ 29.0957550748, 40.948735866 ],
					[ 29.0957025327, 40.9483625671 ],
					[ 29.095658635, 40.9479886265 ],
					[ 29.0956233943, 40.9476141603 ],
					[ 29.0955968218, 40.9472392821 ],
					[ 29.0955789266, 40.9468641091 ],
					[ 29.0955697117, 40.9464887556 ],
					[ 29.0955691813, 40.9461133369 ],
					[ 29.095577336, 40.9457379693 ],
					[ 29.0955912883, 40.9454153436 ],
					[ 29.0956116566, 40.945092915 ],
					[ 29.0956384349, 40.9447707554 ],
					[ 29.0956716186, 40.9444489387 ],
					[ 29.0957111983, 40.9441275386 ],
					[ 29.0957571646, 40.9438066272 ],
					[ 29.0958095093, 40.9434862771 ],
					[ 29.0958682182, 40.9431665631 ],
					[ 29.0960627804, 40.9423887048 ],
					[ 29.0962606954, 40.9416113325 ],
					[ 29.0964619617, 40.9408344552 ],
					[ 29.0966665745, 40.9400580817 ],
					[ 29.0968745335, 40.9392822193 ],
					[ 29.097085836, 40.9385068779 ],
					[ 29.0973004795, 40.9377320637 ],
					[ 29.0975184615, 40.9369577856 ],
					[ 29.0977382065, 40.9361895116 ],
					[ 29.0979612373, 40.9354217823 ],
					[ 29.0981875538, 40.9346546067 ],
					[ 29.098417151, 40.933887992 ],
					[ 29.0986435243, 40.9331431876 ],
					[ 29.0988729945, 40.9323989283 ],
					[ 29.0991410319, 40.9315391906 ],
					[ 29.0993946925, 40.9307398596 ],
					[ 29.0997662161, 40.9295945555 ],
					[ 29.1001467124, 40.9284509481 ],
					[ 29.1005361674, 40.9273090784 ],
					[ 29.100934567, 40.926168986 ],
					[ 29.101341896, 40.9250307103 ],
					[ 29.1017581393, 40.9238942942 ],
					[ 29.1021832839, 40.9227597754 ],
					[ 29.1026173123, 40.9216271951 ],
					[ 29.1028645132, 40.9209931219 ],
					[ 29.1031144987, 40.9203596785 ],
					[ 29.1033672652, 40.9197268702 ],
					[ 29.1036228113, 40.9190947051 ],
					[ 29.1039923807, 40.9181934908 ],
					[ 29.1042343987, 40.9176113666 ],
					[ 29.1044787752, 40.9170298103 ],
					[ 29.1047801158, 40.9162938506 ],
					[ 29.105084971, 40.915558725 ],
					[ 29.1055333106, 40.9144941433 ],
					[ 29.1059890205, 40.9134313655 ],
					[ 29.1064520892, 40.912370421 ],
					[ 29.1069225017, 40.9113113395 ],
					[ 29.1072007953, 40.9106933095 ],
					[ 29.1074815899, 40.9100759312 ],
					[ 29.1077648831, 40.9094592108 ],
					[ 29.1080506711, 40.9088431536 ],
					[ 29.1083389526, 40.9082277659 ],
					[ 29.1086297227, 40.907613054 ],
					[ 29.1089229814, 40.9069990224 ],
					[ 29.1092187236, 40.9063856782 ],
					[ 29.109516947, 40.9057730267 ],
					[ 29.1098176489, 40.9051610734 ],
					[ 29.1101208269, 40.9045498245 ],
					[ 29.1104264773, 40.9039392853 ],
					[ 29.1107345976, 40.9033294621 ],
					[ 29.111045184, 40.9027203604 ],
					[ 29.1113582353, 40.9021119862 ],
					[ 29.1116737466, 40.9015043451 ],
					[ 29.1122492667, 40.9004097982 ],
					[ 29.1128327703, 40.8993176904 ],
					[ 29.1134242389, 40.8982280548 ],
					[ 29.1140236551, 40.8971409253 ],
					[ 29.1143552302, 40.8965467319 ],
					[ 29.1146891791, 40.8959533057 ],
					[ 29.1150254992, 40.8953606513 ],
					[ 29.1153641868, 40.8947687749 ],
					[ 29.115875272, 40.8938414661 ],
					[ 29.1163948891, 40.8929168937 ],
					[ 29.116692901, 40.8923945775 ],
					[ 29.1169936338, 40.8918731611 ],
					[ 29.1172970859, 40.8913526534 ],
					[ 29.1176032502, 40.8908330624 ],
					[ 29.1178915345, 40.8903487995 ],
					[ 29.1181821745, 40.889865349 ],
					[ 29.1184751677, 40.8893827171 ],
					[ 29.1187705093, 40.888900911 ],
					[ 29.1190681943, 40.8884199378 ],
					[ 29.1193682203, 40.8879398028 ],
					[ 29.1196705824, 40.8874605142 ],
					[ 29.1199752769, 40.8869820764 ],
					[ 29.1202822989, 40.8865044983 ],
					[ 29.1205916436, 40.8860277844 ],
					[ 29.1209033085, 40.8855519427 ],
					[ 29.1212172875, 40.8850769787 ],
					[ 29.1215335769, 40.8846029002 ],
					[ 29.1218521731, 40.8841297119 ],
					[ 29.12217307, 40.8836574208 ],
					[ 29.1224962651, 40.883186035 ],
					[ 29.1228217523, 40.882715559 ],
					[ 29.1231495292, 40.882245999 ],
					[ 29.1234795885, 40.8817773639 ],
					[ 29.1238119278, 40.8813096573 ],
					[ 29.1241465409, 40.8808428872 ],
					[ 29.1244834254, 40.8803770599 ],
					[ 29.1248225741, 40.8799121808 ],
					[ 29.1251639845, 40.879448257 ],
					[ 29.1255076504, 40.8789852956 ],
					[ 29.1258535671, 40.878523301 ],
					[ 29.126201731, 40.8780622806 ],
					[ 29.1265521358, 40.8776022412 ],
					[ 29.126904778, 40.8771431885 ],
					[ 29.1272596528, 40.8766851284 ],
					[ 29.1276167539, 40.8762280684 ],
					[ 29.1279760767, 40.8757720135 ],
					[ 29.1275878166, 40.8758745239 ],
					[ 29.1271984175, 40.8759745166 ],
					[ 29.1268079079, 40.8760719836 ],
					[ 29.1264163165, 40.876166918 ],
					[ 29.1260236719, 40.8762593128 ],
					[ 29.1256300016, 40.8763491609 ],
					[ 29.1252353364, 40.8764364572 ],
					[ 29.1248397026, 40.8765211938 ],
					[ 29.1244431312, 40.8766033655 ],
					[ 29.1240456496, 40.8766829662 ],
					[ 29.1236472875, 40.8767599898 ],
					[ 29.1232480736, 40.8768344302 ],
					[ 29.1228480376, 40.8769062822 ],
					[ 29.1224472082, 40.8769755415 ],
					[ 29.1220456138, 40.877042203 ],
					[ 29.1216432842, 40.8771062605 ],
					[ 29.1212402482, 40.8771677098 ],
					[ 29.1208365365, 40.8772265475 ],
					[ 29.1204321789, 40.8772827684 ],
					[ 29.1200272017, 40.8773363681 ],
					[ 29.1196216382, 40.8773873434 ],
					[ 29.1192155146, 40.8774356909 ],
					[ 29.1188088629, 40.8774814062 ],
					[ 29.1184017118, 40.877524486 ],
					[ 29.1179940921, 40.8775649278 ],
					[ 29.1175860314, 40.8776027282 ],
					[ 29.1171775604, 40.8776378839 ],
					[ 29.1167687089, 40.8776703941 ],
					[ 29.1163595056, 40.8777002547 ],
					[ 29.1159499824, 40.8777274648 ],
					[ 29.1155401691, 40.8777520212 ],
					[ 29.1151300932, 40.8777739222 ],
					[ 29.1147197866, 40.8777931673 ],
					[ 29.1143092779, 40.8778097547 ],
					[ 29.1138985981, 40.877823683 ],
					[ 29.1134877769, 40.8778349505 ],
					[ 29.1130768427, 40.8778435576 ],
					[ 29.1126658277, 40.8778495035 ],
					[ 29.1122547604, 40.8778527866 ],
					[ 29.1118436717, 40.8778534081 ],
					[ 29.1114325914, 40.8778513665 ],
					[ 29.1110215479, 40.8778466637 ],
					[ 29.1106105733, 40.8778392981 ],
					[ 29.1101996961, 40.8778292719 ],
					[ 29.109788946, 40.8778165852 ],
					[ 29.109378354, 40.8778012392 ],
					[ 29.1089679496, 40.8777832341 ],
					[ 29.1085577638, 40.877762572 ],
					[ 29.108147824, 40.8777392539 ],
					[ 29.107738162, 40.8777132819 ],
					[ 29.1073288065, 40.8776846581 ],
					[ 29.1069197884, 40.8776533845 ],
					[ 29.1065111372, 40.877619463 ],
					[ 29.1061028814, 40.8775828968 ],
					[ 29.1056950521, 40.8775436868 ],
					[ 29.1052876799, 40.8775018379 ],
					[ 29.1048807921, 40.877457352 ],
					[ 29.1044744197, 40.877410233 ],
					[ 29.1040685923, 40.8773604838 ],
					[ 29.1036633384, 40.8773081083 ],
					[ 29.1032586887, 40.8772531104 ],
					[ 29.102854673, 40.8771954937 ],
					[ 29.1024513197, 40.8771352623 ],
					[ 29.1020486584, 40.8770724217 ],
					[ 29.1020838508, 40.8772920188 ],
					[ 29.1021130063, 40.8775121253 ],
					[ 29.1021361119, 40.8777326449 ],
					[ 29.1021531582, 40.8779534828 ],
					[ 29.1021641369, 40.8781745419 ],
					[ 29.1021690446, 40.8783957266 ],
					[ 29.1021678777, 40.8786169405 ],
					[ 29.1021606386, 40.8788380883 ],
					[ 29.1021473274, 40.8790590735 ],
					[ 29.1021279524, 40.8792797999 ],
					[ 29.1021025209, 40.879500172 ],
					[ 29.1020710434, 40.8797200946 ],
					[ 29.1020335345, 40.8799394704 ],
					[ 29.1019900093, 40.880158206 ],
					[ 29.1019404883, 40.880376206 ],
					[ 29.1018849916, 40.8805933742 ],
					[ 29.1018246663, 40.8808058547 ],
					[ 29.1017586212, 40.8810173533 ],
					[ 29.1016868835, 40.8812277801 ],
					[ 29.1016094827, 40.8814370488 ],
					[ 29.1015264522, 40.8816450706 ],
					[ 29.1014378261, 40.8818517575 ],
					[ 29.1013436425, 40.8820570242 ],
					[ 29.1012439393, 40.8822607845 ],
					[ 29.10114587, 40.8824496583 ],
					[ 29.1010430575, 40.8826370751 ],
					[ 29.1009355419, 40.8828229648 ],
					[ 29.1008233596, 40.8830072602 ],
					[ 29.1007333382, 40.8831487923 ],
					[ 29.1006405647, 40.8832892979 ],
					[ 29.1005475885, 40.8834251177 ],
					[ 29.1004520406, 40.8835599052 ],
					[ 29.1003825731, 40.8836706843 ],
					[ 29.1003098058, 40.8837802373 ],
					[ 29.1001952174, 40.8839412444 ],
					[ 29.1000919354, 40.884076064 ],
					[ 29.0999835647, 40.8842085638 ],
					[ 29.099870196, 40.8843386319 ],
					[ 29.0997519243, 40.8844661602 ],
					[ 29.0996288473, 40.8845910421 ],
					[ 29.0995010694, 40.8847131751 ],
					[ 29.0993686953, 40.8848324544 ],
					[ 29.0992318355, 40.8849487829 ],
					[ 29.0990906065, 40.8850620623 ],
					[ 29.0989451245, 40.885172198 ],
					[ 29.0987955095, 40.8852790984 ],
					[ 29.0986418897, 40.8853826742 ],
					[ 29.0984843907, 40.8854828392 ],
					[ 29.0983231443, 40.8855795096 ],
					[ 29.0981582856, 40.8856726038 ],
					[ 29.0979899534, 40.8857620461 ],
					[ 29.0978171851, 40.885848292 ],
					[ 29.0976411867, 40.8859306908 ],
					[ 29.0974621076, 40.8860091707 ],
					[ 29.0972800958, 40.8860836671 ],
					[ 29.0970953088, 40.8861541173 ],
					[ 29.0969079004, 40.8862204604 ],
					[ 29.0967180294, 40.8862826399 ],
					[ 29.0965258577, 40.8863406058 ],
					[ 29.0963372264, 40.8863928056 ],
					[ 29.0961467279, 40.8864409437 ],
					[ 29.0959505816, 40.886485837 ],
					[ 29.095768385, 40.8865230458 ],
					[ 29.0955689156, 40.8865583828 ],
					[ 29.0953681207, 40.886589095 ],
					[ 29.0951661871, 40.8866151524 ],
					[ 29.0949633015, 40.8866365323 ],
					[ 29.0948211402, 40.8866486786 ],
					[ 29.0946786709, 40.886658528 ],
					[ 29.0945359564, 40.8866660755 ],
					[ 29.0943930633, 40.886671318 ],
					[ 29.0942500569, 40.8866742534 ],
					[ 29.094106999, 40.8866748803 ],
					[ 29.0939639559, 40.8866731974 ],
					[ 29.0938209929, 40.8866692071 ],
					[ 29.0936781742, 40.8866629099 ],
					[ 29.0935355637, 40.8866543089 ],
					[ 29.0933932278, 40.8866434083 ],
					[ 29.0932512283, 40.8866302132 ],
					[ 29.0931096315, 40.8866147293 ],
					[ 29.0929685001, 40.8865969635 ],
					[ 29.0928278982, 40.8865769235 ],
					[ 29.0926878898, 40.8865546198 ],
					[ 29.0925485387, 40.8865300609 ],
					[ 29.0924099065, 40.8865032581 ],
					[ 29.0922720572, 40.8864742246 ],
					[ 29.0921350535, 40.8864429725 ],
					[ 29.0919989557, 40.8864095159 ],
					[ 29.0918638264, 40.8863738714 ],
					[ 29.0917297272, 40.886336053 ],
					[ 29.0915967173, 40.8862960792 ],
					[ 29.0914648579, 40.8862539685 ],
					[ 29.0913342083, 40.8862097385 ],
					[ 29.0912048287, 40.8861634094 ],
					[ 29.0910767757, 40.8861150034 ],
					[ 29.0909501083, 40.8860645416 ],
					[ 29.0908248833, 40.8860120461 ],
					[ 29.0907011585, 40.8859575426 ],
					[ 29.090578988, 40.8859010539 ],
					[ 29.0903928054, 40.8858096229 ],
					[ 29.0902106955, 40.8857135844 ],
					[ 29.0900328552, 40.885613042 ],
					[ 29.0898594799, 40.885508106 ],
					[ 29.0896907555, 40.8853988888 ],
					[ 29.0895268678, 40.8852855106 ],
					[ 29.0893679933, 40.8851680936 ],
					[ 29.0892143056, 40.8850467669 ],
					[ 29.0890897306, 40.8849422647 ],
					[ 29.0889690045, 40.884835194 ],
					[ 29.0888522189, 40.8847256339 ],
					[ 29.0887394615, 40.8846136697 ],
					[ 29.088636571, 40.8845056059 ],
					[ 29.0885374351, 40.8843955402 ],
					[ 29.0884085859, 40.8842425648 ],
					[ 29.0882869855, 40.8840862085 ],
					[ 29.088152791, 40.8839352453 ],
					[ 29.0880148888, 40.8837862202 ],
					[ 29.0878547218, 40.8836202873 ],
					[ 29.087689959, 40.883456967 ],
					[ 29.0875206717, 40.8832963345 ],
					[ 29.0873469373, 40.8831384616 ],
					[ 29.0871553596, 40.882971955 ],
					[ 29.0869588344, 40.8828088045 ],
					[ 29.086757466, 40.882649093 ],
					[ 29.0865513554, 40.8824929049 ],
					[ 29.0863406119, 40.8823403193 ],
					[ 29.0861253446, 40.8821914174 ],
					[ 29.0859056652, 40.8820462747 ],
					[ 29.0856816866, 40.8819049676 ],
					[ 29.0854330364, 40.8817555413 ],
					[ 29.0851795812, 40.8816108416 ],
					[ 29.0849214741, 40.8814709579 ],
					[ 29.0846588776, 40.8813359762 ],
					[ 29.0843919495, 40.8812059787 ],
					[ 29.0841208571, 40.8810810459 ],
					[ 29.0838457667, 40.8809612549 ],
					[ 29.0835668455, 40.8808466797 ],
					[ 29.0832830172, 40.8807369202 ],
					[ 29.0829956735, 40.8806325627 ],
					[ 29.0827105376, 40.8805354933 ],
					[ 29.0823999896, 40.8804363742 ],
					[ 29.0821020147, 40.8803477457 ],
					[ 29.0818012987, 40.8802646244 ],
					[ 29.0814980163, 40.8801870602 ],
					[ 29.0811923461, 40.8801150969 ],
					[ 29.0808618112, 40.8800441395 ],
					[ 29.0805289572, 40.8799797315 ],
					[ 29.0801940088, 40.879921918 ],
					[ 29.0798571918, 40.8798707376 ],
					[ 29.0795187348, 40.8798262246 ],
					[ 29.0791788673, 40.8797884097 ],
					[ 29.0788378191, 40.8797573179 ],
					[ 29.0784958211, 40.8797329702 ],
					[ 29.0781531043, 40.8797153836 ],
					[ 29.0778098998, 40.87970457 ],
					[ 29.0774664423, 40.8797005364 ],
					[ 29.0771229619, 40.8797032858 ],
					[ 29.0767796921, 40.8797128154 ],
					[ 29.0764368654, 40.87972912 ],
					[ 29.0760947133, 40.8797521878 ],
					[ 29.0757534673, 40.8797820037 ],
					[ 29.0754133588, 40.8798185478 ],
					[ 29.075074617, 40.8798617942 ],
					[ 29.0747374725, 40.8799117149 ],
					[ 29.0744021534, 40.8799682749 ],
					[ 29.0740688855, 40.8800314364 ],
					[ 29.0737378947, 40.8801011571 ],
					[ 29.0734094048, 40.8801773893 ],
					[ 29.0730836392, 40.8802600817 ],
					[ 29.0727608183, 40.8803491784 ],
					[ 29.0724411587, 40.8804446192 ],
					[ 29.0721248784, 40.8805463381 ],
					[ 29.0718121917, 40.8806542686 ],
					[ 29.0715033096, 40.8807683358 ],
					[ 29.0711984408, 40.8808884631 ],
					[ 29.0708977927, 40.8810145703 ],
					[ 29.0706015671, 40.8811465698 ],
					[ 29.0706344967, 40.8814013777 ],
					[ 29.0706649504, 40.8816563637 ],
					[ 29.0706929259, 40.8819115126 ],
					[ 29.0707184223, 40.8821668107 ],
					[ 29.0707414384, 40.8824222455 ],
					[ 29.0707619734, 40.8826778017 ],
					[ 29.070780025, 40.8829334657 ],
					[ 29.0707955921, 40.883189224 ],
					[ 29.070808675, 40.8834450623 ],
					[ 29.0708192714, 40.883700967 ],
					[ 29.0708273827, 40.8839569237 ],
					[ 29.0708330066, 40.8842129188 ],
					[ 29.0708361434, 40.884468938 ],
					[ 29.0708367932, 40.8847249687 ],
					[ 29.0708349562, 40.8849809956 ],
					[ 29.0708306313, 40.885237006 ],
					[ 29.0708238199, 40.8854929837 ],
					[ 29.070814521, 40.885748918 ],
					[ 29.0708027371, 40.8860047918 ],
					[ 29.070788466, 40.8862605941 ],
					[ 29.0707717115, 40.8865163089 ],
					[ 29.0707524725, 40.8867719226 ],
					[ 29.0707307515, 40.8870274218 ],
					[ 29.0707065476, 40.8872827929 ],
					[ 29.0706798632, 40.8875380215 ],
					[ 29.0706506998, 40.8877930941 ],
					[ 29.0706190598, 40.8880479964 ],
					[ 29.0705849435, 40.888302714 ],
					[ 29.0705483534, 40.888557235 ],
					[ 29.0705092907, 40.8888115435 ],
					[ 29.0704677582, 40.8890656267 ],
					[ 29.0704237582, 40.8893194702 ],
					[ 29.0703772922, 40.8895730607 ],
					[ 29.0703283638, 40.8898263845 ],
					[ 29.0702769757, 40.8900794283 ],
					[ 29.0702231303, 40.8903321766 ],
					[ 29.070166829, 40.890584617 ],
					[ 29.070108078, 40.8908367359 ],
					[ 29.0700468773, 40.8910885189 ],
					[ 29.0699832318, 40.8913399527 ],
					[ 29.0699171454, 40.8915910236 ],
					[ 29.0698486205, 40.8918417173 ],
					[ 29.0697776609, 40.8920920212 ],
					[ 29.0697042715, 40.892341921 ],
					[ 29.0696284548, 40.8925914032 ],
					[ 29.0695502157, 40.8928404551 ],
					[ 29.0694695591, 40.8930890615 ],
					[ 29.0693864877, 40.8933372108 ],
					[ 29.0693010073, 40.8935848876 ],
					[ 29.0692131219, 40.8938320802 ],
					[ 29.0691228375, 40.8940787735 ],
					[ 29.0690301566, 40.8943249548 ],
					[ 29.0689350865, 40.8945706116 ],
					[ 29.0688376321, 40.8948157295 ],
					[ 29.0687377972, 40.8950602949 ],
					[ 29.0686355878, 40.8953042955 ],
					[ 29.0685310101, 40.8955477176 ],
					[ 29.0684240689, 40.8957905469 ],
					[ 29.0683147703, 40.8960327726 ],
					[ 29.0682031205, 40.8962743795 ],
					[ 29.0680891255, 40.8965153551 ],
					[ 29.0679727914, 40.8967556857 ],
					[ 29.0678541244, 40.896995359 ],
					[ 29.0677331305, 40.8972343623 ],
					[ 29.0676098169, 40.8974726822 ],
					[ 29.0674841911, 40.8977103051 ],
					[ 29.0673562578, 40.8979472186 ],
					[ 29.0672260257, 40.8981834092 ],
					[ 29.0670935006, 40.8984188662 ],
					[ 29.0669586912, 40.8986535742 ],
					[ 29.0668216034, 40.8988875216 ],
					[ 29.0666822447, 40.8991206949 ],
					[ 29.0665406234, 40.8993530826 ],
					[ 29.0663967469, 40.8995846721 ],
					[ 29.0662506236, 40.8998154498 ],
					[ 29.0661022595, 40.9000454033 ],
					[ 29.0659516656, 40.90027452 ],
					[ 29.0657988467, 40.9005027892 ],
					[ 29.0656438138, 40.9007301955 ],
					[ 29.0654865739, 40.9009567293 ],
					[ 29.0653271369, 40.901182376 ],
					[ 29.06516551, 40.901407125 ],
					[ 29.0650017016, 40.9016309637 ],
					[ 29.0648357226, 40.9018538796 ],
					[ 29.0646675803, 40.9020758602 ],
					[ 29.0644972842, 40.9022968946 ],
					[ 29.0643248442, 40.9025169695 ],
					[ 29.0641502697, 40.9027360742 ],
					[ 29.0639735694, 40.902954195 ],
					[ 29.0637947527, 40.9031713224 ],
					[ 29.0636138295, 40.9033874418 ],
					[ 29.0634308104, 40.9036025444 ],
					[ 29.0632457052, 40.9038166159 ],
					[ 29.0630585223, 40.9040296463 ],
					[ 29.062869275, 40.9042416241 ],
					[ 29.0626779704, 40.9044525358 ],
					[ 29.0624846207, 40.9046623725 ],
					[ 29.0622892354, 40.9048711208 ],
					[ 29.0620918266, 40.9050787708 ],
					[ 29.0618924027, 40.9052853101 ],
					[ 29.061690977, 40.9054907278 ],
					[ 29.0614875591, 40.9056950133 ],
					[ 29.061282161, 40.9058981549 ],
					[ 29.0610747924, 40.906100141 ],
					[ 29.0608654652, 40.9063009618 ],
					[ 29.0606541904, 40.9065006056 ],
					[ 29.060440981, 40.9066990618 ],
					[ 29.0602258468, 40.9068963196 ],
					[ 29.0600088009, 40.9070923683 ],
					[ 29.0597898531, 40.9072871971 ],
					[ 29.0595690176, 40.9074807954 ],
					[ 29.0593463053, 40.9076731524 ],
					[ 29.0591217294, 40.9078642584 ],
					[ 29.0588952996, 40.9080541025 ],
					[ 29.0586670302, 40.908242675 ],
					[ 29.0584369333, 40.9084299643 ],
					[ 29.058205022, 40.9086159606 ],
					[ 29.0579713071, 40.9088006548 ],
					[ 29.0577358031, 40.9089840365 ],
					[ 29.0574985208, 40.9091660947 ],
					[ 29.0572594758, 40.9093468206 ],
					[ 29.0570186788, 40.9095262045 ],
					[ 29.0567761443, 40.9097042355 ],
					[ 29.0565318842, 40.9098809039 ],
					[ 29.0562859129, 40.9100562016 ],
					[ 29.0560795052, 40.9102336939 ],
					[ 29.0557812683, 40.9105196246 ],
					[ 29.0555378642, 40.9105737696 ],
					[ 29.0560498212, 40.9107235623 ],
					[ 29.0565599459, 40.9108769108 ],
					[ 29.057068196, 40.911033803 ],
					[ 29.0575745301, 40.9111942251 ],
					[ 29.0580789045, 40.9113581633 ],
					[ 29.0585812757, 40.9115256047 ],
					[ 29.0590816035, 40.9116965344 ],
					[ 29.0595798454, 40.9118709388 ],
					[ 29.060075959, 40.9120488031 ],
					[ 29.0605699018, 40.9122301116 ],
					[ 29.0610616338, 40.9124148497 ],
					[ 29.0615511113, 40.9126030016 ],
					[ 29.0620382965, 40.9127945519 ],
					[ 29.062523146, 40.912989484 ],
					[ 29.0630056195, 40.9131877814 ],
					[ 29.0634856759, 40.9133894284 ],
					[ 29.0639632762, 40.9135944068 ],
					[ 29.0644383792, 40.9138027001 ],
					[ 29.064910946, 40.9140142909 ],
					[ 29.0653809354, 40.9142291608 ],
					[ 29.0658483074, 40.9144472916 ],
					[ 29.0663130253, 40.9146686667 ],
					[ 29.066775048, 40.9148932653 ],
					[ 29.0672343366, 40.9151210689 ],
					[ 29.0676908534, 40.9153520602 ],
					[ 29.0681445584, 40.9155862173 ],
					[ 29.0685954163, 40.9158235219 ],
					[ 29.0690433858, 40.916063954 ],
					[ 29.0694884317, 40.9163074934 ],
					[ 29.0699305151, 40.9165541192 ],
					[ 29.0703695983, 40.9168038104 ],
					[ 29.0708056472, 40.917056547 ],
					[ 29.0712386217, 40.917312307 ],
					[ 29.0716684879, 40.9175710686 ],
					[ 29.072095208, 40.9178328108 ],
					[ 29.0725187467, 40.9180975117 ],
					[ 29.0729390676, 40.9183651486 ],
					[ 29.0733561365, 40.9186356988 ],
					[ 29.0737699183, 40.9189091394 ],
					[ 29.0741803764, 40.9191854478 ],
					[ 29.074587479, 40.9194646011 ],
					[ 29.0749911886, 40.9197465757 ],
					[ 29.0753914735, 40.9200313471 ],
					[ 29.0757882995, 40.9203188924 ],
					[ 29.0761816338, 40.9206091864 ],
					[ 29.076571441, 40.9209022052 ],
					[ 29.0769576907, 40.9211979245 ],
					[ 29.0773403488, 40.9214963187 ],
					[ 29.0777193836, 40.9217973633 ],
					[ 29.0780947645, 40.9221010329 ],
					[ 29.0784664575, 40.9224073011 ],
					[ 29.0788344321, 40.9227161434 ],
					[ 29.0791986577, 40.9230275336 ],
					[ 29.0795591038, 40.9233414443 ],
					[ 29.07991574, 40.9236578502 ],
					[ 29.0802685356, 40.9239767249 ],
					[ 29.0806174614, 40.9242980403 ],
					[ 29.0809624881, 40.9246217701 ],
					[ 29.0813035851, 40.924947888 ],
					[ 29.0816407255, 40.925276365 ],
					[ 29.08197388, 40.9256071747 ],
					[ 29.0823030217, 40.9259402883 ],
					[ 29.0826281211, 40.9262756784 ],
					[ 29.0829491514, 40.9266133161 ],
					[ 29.0832660856, 40.9269531741 ],
					[ 29.083578898, 40.9272952227 ],
					[ 29.0838875604, 40.9276394336 ],
					[ 29.0841920483, 40.927985778 ],
					[ 29.0844923347, 40.9283342267 ],
					[ 29.084788395, 40.92868475 ],
					[ 29.0850802048, 40.9290373189 ],
					[ 29.0853677382, 40.9293919034 ],
					[ 29.0856509719, 40.9297484728 ],
					[ 29.0859298812, 40.930106999 ],
					[ 29.0862044429, 40.9304674513 ],
					[ 29.0864746348, 40.930829798 ],
					[ 29.0867404321, 40.9311940101 ],
					[ 29.0870018141, 40.9315600569 ],
					[ 29.0872587585, 40.9319279058 ],
					[ 29.0875112418, 40.9322975278 ],
					[ 29.0877592456, 40.9326688913 ],
					[ 29.0880027463, 40.9330419646 ],
					[ 29.0882417255, 40.933416717 ],
					[ 29.0884761608, 40.9337931159 ],
					[ 29.0887060349, 40.9341711306 ],
					[ 29.0889313256, 40.9345507294 ],
					[ 29.0891520167, 40.934931879 ],
					[ 29.0893680871, 40.9353145494 ],
					[ 29.0895795205, 40.9356987063 ],
					[ 29.0897862973, 40.9360843182 ],
					[ 29.0899884011, 40.9364713524 ],
					[ 29.0901858145, 40.9368597774 ],
					[ 29.09037852, 40.9372495596 ],
					[ 29.0905665027, 40.9376406658 ],
					[ 29.0907497462, 40.9380330642 ],
					[ 29.0909282356, 40.9384267206 ],
					[ 29.0911019533, 40.9388216024 ],
					[ 29.0912708879, 40.9392176772 ],
					[ 29.0914350232, 40.9396149097 ],
					[ 29.0915943452, 40.9400132683 ],
					[ 29.0917488413, 40.9404127187 ],
					[ 29.0918984976, 40.9408132275 ],
					[ 29.0920433014, 40.9412147605 ],
					[ 29.0921832413, 40.9416172841 ],
					[ 29.0923183058, 40.9420207642 ],
					[ 29.0924484809, 40.9424251673 ],
					[ 29.0925737587, 40.9428304601 ],
					[ 29.0926941255, 40.9432366064 ],
					[ 29.0928095743, 40.9436435738 ],
					[ 29.0929200927, 40.9440513271 ],
					[ 29.0930256725, 40.944459832 ],
					[ 29.0931263036, 40.9448690551 ],
					[ 29.0932219792, 40.9452789605 ],
					[ 29.0933126901, 40.9456895146 ],
					[ 29.0933984284, 40.9461006824 ],
					[ 29.0934791875, 40.9465124295 ],
					[ 29.0936488232, 40.9469540491 ],
					[ 29.0939363543, 40.9474031197 ],
					[ 29.0941848637, 40.9477912409 ],
					[ 29.0943679953, 40.9480604751 ],
					[ 29.0945879768, 40.9483608191 ],
					[ 29.0950249349, 40.9488073873 ],
					[ 29.0952669469, 40.9492174812 ],
					[ 29.095269459, 40.949493866 ],
					[ 29.0952285036, 40.9497317907 ],
					[ 29.0950993116, 40.9499880828 ],
					[ 29.0949492531, 40.9502745293 ],
					[ 29.0947321188, 40.9505764869 ],
					[ 29.0943613277, 40.9510859033 ],
					[ 29.0940577937, 40.9514859167 ]
				]
			},
			"properties" : {
				"ISIM_HAT" : "Bostancı-Adalar Ring",
				"TUR_HAT" : "Şehir Hatları",
				"HAT_ROTA" : "Bostancı-Kınalıada-Burgazada-Heybeliada-Büyükada"
			}
		},
		{
			"type" : "Feature",
			"geometry" : {
				"type" : "LineString",
				"coordinates" : [
					[ 29.0256855144, 41.0471764118 ],
					[ 29.0232481483, 41.0454070208 ],
					[ 29.0207213173, 41.0437318536 ],
					[ 29.0178349019, 41.0423064298 ],
					[ 29.0162881434, 41.0418177666 ],
					[ 29.0124417711, 41.0406021785 ],
					[ 29.0109243955, 41.0404673451 ],
					[ 29.0093515814, 41.0405033506 ],
					[ 29.0073618374, 41.0410405055 ],
					[ 29.0068307235, 41.0404329456 ],
					[ 29.0049892905, 41.0389321635 ],
					[ 29.0040237229, 41.0381008515 ],
					[ 29.003057886, 41.0372314613 ],
					[ 29.0001440483, 41.03458706 ],
					[ 28.9987770541, 41.0333463718 ],
					[ 28.993186733, 41.0292906261 ],
					[ 28.9899141083, 41.0266683643 ],
					[ 28.9855234117, 41.0238945373 ],
					[ 28.983476835, 41.0226434156 ],
					[ 28.9825952376, 41.0221044479 ],
					[ 28.9809390835, 41.0210919112 ],
					[ 28.9784016211, 41.0195404551 ],
					[ 28.976521419, 41.018425339 ],
					[ 28.9751598563, 41.0175457041 ]
				]
			},
			"properties" : {
				"ISIM_HAT" : "Ortaköy-Beşiktaş-Eminönü",
				"TUR_HAT" : "Şehir Hatları",
				"HAT_ROTA" : "Ortaköy-Beşiktaş-Eminönü"
			}
		},
		{
			"type" : "Feature",
			"geometry" : {
				"type" : "LineString",
				"coordinates" : [
					[ 29.0227098869, 40.9929933787 ],
					[ 29.0210840949, 40.993058626 ],
					[ 29.0199638195, 40.9931035719 ],
					[ 29.0192763953, 40.9931311461 ],
					[ 29.0188305039, 40.9931405503 ],
					[ 29.0176068456, 40.9931663501 ],
					[ 29.0169946402, 40.993328756 ],
					[ 29.0160374497, 40.9935826711 ],
					[ 29.0152574093, 40.993823753 ],
					[ 29.014098915, 40.9941817892 ],
					[ 29.0133595848, 40.9944102733 ],
					[ 29.0126985823, 40.9946056028 ],
					[ 29.0122601147, 40.9948503693 ],
					[ 29.0120238493, 40.9949822578 ],
					[ 29.0117212996, 40.9951698391 ],
					[ 29.0114414308, 40.9953433556 ],
					[ 29.0111685241, 40.9955125559 ],
					[ 29.0107731185, 40.9957577005 ],
					[ 29.0104552946, 40.9959547434 ],
					[ 29.0096803566, 40.9964357169 ],
					[ 29.0089728031, 40.9968776126 ],
					[ 29.008455338, 40.9972007847 ],
					[ 29.0076571007, 40.9976992954 ],
					[ 29.006983874, 40.9981197248 ],
					[ 29.0064964152, 40.9984085137 ],
					[ 29.0058668314, 40.9987814963 ],
					[ 29.0051150846, 40.9992268407 ],
					[ 29.0048505122, 40.9994534407 ],
					[ 29.0044386468, 40.9998968431 ],
					[ 29.0039533725, 41.0004192674 ],
					[ 29.0035909998, 41.0008093729 ],
					[ 29.0030777312, 41.0013436092 ],
					[ 29.0027047837, 41.0017212141 ],
					[ 29.0021986319, 41.0022212695 ],
					[ 29.0016771804, 41.0027616218 ],
					[ 29.0011980318, 41.003246726 ],
					[ 29.0006732381, 41.0037780321 ],
					[ 29.0004440152, 41.0040100968 ],
					[ 28.9999905929, 41.0045032807 ],
					[ 28.9993709935, 41.005187254 ],
					[ 28.9986891861, 41.0059398799 ],
					[ 28.9982317, 41.0064448711 ],
					[ 28.997885239, 41.0068273013 ],
					[ 28.9973181539, 41.0074532504 ],
					[ 28.9970293908, 41.0077719827 ],
					[ 28.996603008, 41.0082426078 ],
					[ 28.9962594802, 41.0086217754 ],
					[ 28.9957478932, 41.0091864276 ],
					[ 28.9954132669, 41.0095557581 ],
					[ 28.9950852524, 41.009917785 ],
					[ 28.9947372894, 41.0103018229 ],
					[ 28.9940650192, 41.0110437758 ],
					[ 28.9937124076, 41.0114329277 ],
					[ 28.9930452358, 41.0125850144 ],
					[ 28.9923644994, 41.0137604764 ],
					[ 28.9918916487, 41.0145769437 ],
					[ 28.9917291738, 41.0148574841 ],
					[ 28.9909643623, 41.0163417545 ],
					[ 28.9900194614, 41.0176501051 ],
					[ 28.9889837979, 41.0184482341 ],
					[ 28.9879824332, 41.0188150268 ],
					[ 28.9866862048, 41.0192898071 ],
					[ 28.9850808696, 41.0198378492 ],
					[ 28.9807985694, 41.0205311017 ],
					[ 28.9801588115, 41.020486203 ],
					[ 28.9782335839, 41.0203499138 ],
					[ 28.9773966746, 41.0202888338 ],
					[ 28.9746994693, 41.0200919437 ],
					[ 28.9708894864, 41.0204914565 ],
					[ 28.9688843992, 41.0207016561 ],
					[ 28.9661895835, 41.0225536574 ],
					[ 28.9655040434, 41.0234681341 ],
					[ 28.9647136669, 41.0245224214 ],
					[ 28.9635206522, 41.0264323435 ],
					[ 28.9635465353, 41.0280705201 ],
					[ 28.9661732234, 41.0303755474 ],
					[ 28.9641390592, 41.0306226976 ],
					[ 28.9627959721, 41.0307858619 ],
					[ 28.9591679027, 41.0309234576 ],
					[ 28.9586366233, 41.030942264 ],
					[ 28.952664216, 41.0309808513 ],
					[ 28.9520086431, 41.0332820708 ],
					[ 28.9504735195, 41.0356312058 ],
					[ 28.9499014209, 41.0367183347 ],
					[ 28.949197957, 41.0379306103 ],
					[ 28.9489660003, 41.0390499596 ],
					[ 28.9490130062, 41.0400509999 ],
					[ 28.9490991611, 41.0405834165 ],
					[ 28.9470330128, 41.0408905924 ],
					[ 28.9460671634, 41.0412748611 ],
					[ 28.9447481823, 41.0420966329 ],
					[ 28.9431929125, 41.042861234 ],
					[ 28.9421575923, 41.043581806 ],
					[ 28.9411941237, 41.0443250525 ],
					[ 28.9404667924, 41.0454815521 ],
					[ 28.9406835996, 41.0466380307 ],
					[ 28.9378306667, 41.0473149641 ]
				]
			},
			"properties" : {
				"ISIM_HAT" : "Kadıköy-Eyüpsultan",
				"TUR_HAT" : "Şehir Hatları",
				"HAT_ROTA" : "Kadıköy-Kasımpaşa-Fener-Hasköy-Sütlüce-Eyüpsultan"
			}
		},
		{
			"type" : "Feature",
			"geometry" : {
				"type" : "LineString",
				"coordinates" : [
					[ 29.0903133276, 41.134311015 ],
					[ 29.0870446986, 41.1342564197 ],
					[ 29.0837331531, 41.1343957592 ],
					[ 29.080421609, 41.1344866144 ],
					[ 29.0776060325, 41.1347916245 ],
					[ 29.0772072737, 41.1348543375 ],
					[ 29.0769140926, 41.1349512136 ],
					[ 29.0709375858, 41.1373933952 ],
					[ 29.0654462335, 41.1401476172 ],
					[ 29.0650762323, 41.1403331755 ],
					[ 29.0648016041, 41.1405977331 ],
					[ 29.0644609549, 41.1410882081 ],
					[ 29.0628590399, 41.1433945747 ],
					[ 29.0616396188, 41.1466444276 ],
					[ 29.0601575625, 41.149623992 ],
					[ 29.0600206495, 41.1498992292 ],
					[ 29.0599605848, 41.1503254452 ],
					[ 29.0597157585, 41.1532729022 ],
					[ 29.059612136, 41.1567807572 ],
					[ 29.0601951584, 41.1601591856 ],
					[ 29.0594048904, 41.1633435916 ],
					[ 29.0575846542, 41.166269388 ]
				]
			},
			"properties" : {
				"ISIM_HAT" : "Beykoz-Sarıyer",
				"TUR_HAT" : "Şehir Hatları",
				"HAT_ROTA" : "Beykoz-Sarıyer"
			}
		},
		{
			"type" : "Feature",
			"geometry" : {
				"type" : "LineString",
				"coordinates" : [
					[ 29.0226472339, 40.9930129175 ],
					[ 29.0161970403, 40.9931761448 ],
					[ 29.0137940677, 40.9930967385 ],
					[ 29.012954281, 40.9930704132 ],
					[ 29.0116897742, 40.9931434565 ],
					[ 29.0097305414, 40.9932566035 ],
					[ 29.0066913669, 40.993502815 ],
					[ 29.0025526386, 40.9938379715 ],
					[ 29.0004538632, 40.9940827335 ],
					[ 28.9958047271, 40.9946247789 ],
					[ 28.9933511707, 40.9949107614 ],
					[ 28.9910674904, 40.995176894 ],
					[ 28.9898834404, 40.9953148604 ],
					[ 28.9883175047, 40.9954973049 ],
					[ 28.9867734197, 40.9956778176 ],
					[ 28.9854123649, 40.9958386542 ],
					[ 28.9835813268, 40.9960550037 ],
					[ 28.9816864843, 40.9962788599 ],
					[ 28.9805844951, 40.9964090327 ],
					[ 28.9790956555, 40.9965848858 ],
					[ 28.9777677771, 40.9967417099 ],
					[ 28.9762648342, 40.9969191896 ],
					[ 28.9749547221, 40.9970738825 ],
					[ 28.974303521, 40.9971507674 ],
					[ 28.974007831, 40.9972102196 ],
					[ 28.9730116005, 40.9974539913 ],
					[ 28.9714247661, 40.9978422591 ],
					[ 28.9703942767, 40.9980943855 ],
					[ 28.9692220494, 40.9983811772 ],
					[ 28.9681063146, 40.998654134 ],
					[ 28.9665393686, 40.9990374545 ],
					[ 28.965324358, 40.9993346632 ],
					[ 28.9640922491, 40.9996360393 ],
					[ 28.9628320137, 40.9999442779 ],
					[ 28.9618227588, 41.0001755695 ],
					[ 28.9591245316, 41.0007688114 ],
					[ 28.9562672169, 41.0014188099 ],
					[ 28.9574746367, 41.0008562553 ],
					[ 28.958136145, 41.000548039 ],
					[ 28.9593579513, 40.9999787458 ],
					[ 28.9600991774, 40.9996333651 ],
					[ 28.9606644785, 40.9993699528 ],
					[ 28.9611439612, 40.9991465245 ],
					[ 28.9615733839, 40.9989464213 ],
					[ 28.9618056651, 40.9988028265 ],
					[ 28.9618575178, 40.9987347996 ],
					[ 28.9619143159, 40.9986221453 ],
					[ 28.9619693531, 40.9984557438 ],
					[ 28.9619065135, 40.9982322642 ],
					[ 28.9616596351, 40.9973542525 ],
					[ 28.9614974502, 40.9967774379 ],
					[ 28.9610077851, 40.9961550249 ],
					[ 28.9599004987, 40.9947475045 ],
					[ 28.9568488237, 40.9924593 ],
					[ 28.9516034621, 40.9885256728 ],
					[ 28.9370043806, 40.9818232327 ],
					[ 28.9100746719, 40.9734760183 ],
					[ 28.9097775964, 40.973379733 ],
					[ 28.9095899206, 40.9733189041 ],
					[ 28.9094545587, 40.9732750317 ],
					[ 28.9052218202, 40.9726756809 ],
					[ 28.9028875794, 40.972345085 ],
					[ 28.90094874, 40.9720704498 ],
					[ 28.8995469618, 40.9718718678 ],
					[ 28.899408352, 40.9718522313 ],
					[ 28.8992343985, 40.9718275865 ],
					[ 28.8990564831, 40.9718135838 ],
					[ 28.8985875378, 40.9718336143 ],
					[ 28.8975839571, 40.9718785062 ],
					[ 28.8965931086, 40.9719563972 ],
					[ 28.8929262463, 40.9721820485 ],
					[ 28.8868204305, 40.9725575254 ],
					[ 28.8780391192, 40.9730969573 ],
					[ 28.8805357625, 40.972466195 ],
					[ 28.8819128305, 40.9718267886 ],
					[ 28.8820024385, 40.9708633464 ],
					[ 28.8823369201, 40.9700008825 ],
					[ 28.8821564182, 40.968943983 ],
					[ 28.8810229389, 40.9674134209 ],
					[ 28.8796748823, 40.9658828226 ],
					[ 28.87819808, 40.964643844 ],
					[ 28.8700314631, 40.9581990455 ],
					[ 28.8610494554, 40.9523046259 ],
					[ 28.8510374799, 40.9473172911 ],
					[ 28.8450873537, 40.9453421323 ],
					[ 28.8394805505, 40.9437559104 ],
					[ 28.8258636854, 40.9429173918 ],
					[ 28.8141350956, 40.9441535229 ],
					[ 28.8037797953, 40.946037937 ],
					[ 28.7847858123, 40.9495472969 ],
					[ 28.7606419879, 40.9552604259 ],
					[ 28.7387941324, 40.9611675083 ],
					[ 28.7274732384, 40.9656358263 ],
					[ 28.7260487399, 40.9662439649 ],
					[ 28.7245813246, 40.9669169078 ],
					[ 28.722579904, 40.9679144271 ],
					[ 28.7210373862, 40.9686643133 ],
					[ 28.7194090388, 40.9692683737 ],
					[ 28.7182527599, 40.9701154536 ],
					[ 28.7178475009, 40.971092134 ],
					[ 28.7178012824, 40.971105103 ]
				]
			},
			"properties" : {
				"ISIM_HAT" : "Avcılar-Bakırköy-Yenikapı-Kadıköy",
				"TUR_HAT" : "Şehir Hatları",
				"HAT_ROTA" : "Kış sezonunda yapılmaması kararlaştırılmıştır."
			}
		},
		{
			"type" : "Feature",
			"geometry" : {
				"type" : "LineString",
				"coordinates" : [
					[ 29.0940577937, 40.9514859167 ],
					[ 29.0477258494, 40.9409687888 ],
					[ 29.0007072602, 40.9348593372 ],
					[ 28.9757388439, 40.9331012712 ],
					[ 28.951457073, 40.9326400384 ],
					[ 28.9022068856, 40.9337925493 ],
					[ 28.8774959604, 40.9342391134 ],
					[ 28.8527850367, 40.9362418497 ],
					[ 28.8064530933, 40.9433591911 ],
					[ 28.7601211489, 40.9541059163 ],
					[ 28.7368264308, 40.9607425429 ],
					[ 28.7268527707, 40.965648495 ],
					[ 28.7217371943, 40.9681337387 ],
					[ 28.7193081513, 40.9693115175 ],
					[ 28.7183296657, 40.9701434245 ],
					[ 28.717909078, 40.9710725293 ],
					[ 28.7179089733, 40.9710505089 ]
				]
			},
			"properties" : {
				"ISIM_HAT" : "Avcılar - Bostancı",
				"TUR_HAT" : "Şehir Hatları",
				"HAT_ROTA" : "Kış sezonunda yapılmaması kararlaştırılmıştır."
			}
		},
		{
			"type" : "Feature",
			"geometry" : {
				"type" : "LineString",
				"coordinates" : [
					[ 29.0940211207, 40.9515291025 ],
					[ 29.0950995353, 40.949710222 ],
					[ 29.0951013973, 40.9495211329 ],
					[ 29.0950169138, 40.9492426136 ],
					[ 29.0949303346, 40.9490963969 ],
					[ 29.0947054319, 40.9489176485 ],
					[ 29.0942178391, 40.9486746723 ],
					[ 29.0934443708, 40.9485710125 ],
					[ 29.0926494448, 40.9485645945 ],
					[ 29.0910166778, 40.9487462415 ],
					[ 29.0892778825, 40.948860134 ],
					[ 29.0868470218, 40.9489645428 ],
					[ 29.0850081303, 40.9490434921 ],
					[ 29.0830544834, 40.9491273354 ],
					[ 29.0815677131, 40.9491911197 ],
					[ 29.0799267985, 40.9492614951 ],
					[ 29.0786486075, 40.949316297 ],
					[ 29.0663628795, 40.9515046209 ],
					[ 29.0565485724, 40.9543005257 ],
					[ 29.0518450161, 40.9556848279 ],
					[ 29.0470926671, 40.9571539545 ],
					[ 29.04334514, 40.9583122685 ],
					[ 29.0408636136, 40.9591046601 ],
					[ 29.0394550549, 40.9596110953 ],
					[ 29.0387773268, 40.9598547583 ],
					[ 29.0379693692, 40.9602767304 ],
					[ 29.035979104, 40.9613161366 ],
					[ 29.0347018255, 40.9623692637 ],
					[ 29.033697907, 40.96319697 ],
					[ 29.0323128792, 40.9643388419 ],
					[ 29.0315191887, 40.9649931664 ],
					[ 29.0308639742, 40.9655333153 ],
					[ 29.0306413298, 40.965995812 ],
					[ 29.0303168488, 40.9666698438 ],
					[ 29.0293646768, 40.9686476622 ],
					[ 29.0284051395, 40.9713615535 ],
					[ 29.027700093, 40.9733555065 ],
					[ 29.0273992228, 40.9742063639 ],
					[ 29.0269973799, 40.974985554 ],
					[ 29.0263614652, 40.9762185795 ],
					[ 29.0258502723, 40.9772097375 ],
					[ 29.0254308111, 40.9780230087 ],
					[ 29.0251426718, 40.9785816553 ],
					[ 29.0250634293, 40.9789348056 ],
					[ 29.0248116078, 40.9784493004 ],
					[ 29.0246973073, 40.9781718525 ],
					[ 29.0236275478, 40.9769726082 ],
					[ 29.0232986086, 40.9766038434 ],
					[ 29.0232363974, 40.9765340997 ],
					[ 29.0231997533, 40.9765030244 ],
					[ 29.0231493791, 40.9764933113 ],
					[ 29.0230275815, 40.9764922791 ],
					[ 29.0224971715, 40.9764877826 ],
					[ 29.0220374826, 40.9764838838 ],
					[ 29.0216909477, 40.9764809434 ],
					[ 29.0214944938, 40.976505226 ],
					[ 29.0213683679, 40.9765628709 ],
					[ 29.0205895571, 40.9769188195 ],
					[ 29.0191736862, 40.9775659078 ],
					[ 29.0180094939, 40.9787817793 ],
					[ 29.0170626284, 40.9797706332 ],
					[ 29.0160521041, 40.9808259281 ],
					[ 29.0149419825, 40.983546106 ],
					[ 29.0141761926, 40.9854224132 ],
					[ 29.0137875386, 40.9863746322 ],
					[ 29.0135883665, 40.9868626017 ],
					[ 29.0131356932, 40.9879018757 ],
					[ 29.0129867199, 40.9882428077 ],
					[ 29.0058482543, 40.9991134939 ],
					[ 28.998297155, 41.0112993967 ],
					[ 28.9951740033, 41.0153021616 ],
					[ 28.992516522, 41.017313779 ],
					[ 28.9897746418, 41.0187077984 ],
					[ 28.9830705601, 41.0207497732 ],
					[ 28.9765707069, 41.0217608047 ],
					[ 28.9826823006, 41.0234783903 ],
					[ 28.9852059512, 41.0246868345 ],
					[ 28.9865475089, 41.0255443838 ],
					[ 28.9924570475, 41.0302380864 ],
					[ 28.9944955827, 41.0319835541 ],
					[ 28.9946022398, 41.0322700291 ],
					[ 28.9945450354, 41.0324476351 ],
					[ 28.9942842817, 41.0328349159 ],
					[ 28.9936851377, 41.0332025819 ]
				]
			},
			"properties" : {
				"ISIM_HAT" : "Bostancı-Moda-Karaköy-Kabataş",
				"TUR_HAT" : "Şehir Hatları",
				"HAT_ROTA" : "Bostancı-Moda-Karaköy-Kabataş"
			}
		},
		{
			"type" : "Feature",
			"geometry" : {
				"type" : "LineString",
				"coordinates" : [
					[ 29.0939736929, 40.952299269 ],
					[ 29.0937334305, 40.9519736202 ],
					[ 29.0935807673, 40.9516478097 ],
					[ 29.0935625136, 40.9515464118 ],
					[ 29.0936716528, 40.9513209368 ],
					[ 29.0944763662, 40.9508559797 ],
					[ 29.0947185902, 40.9506643065 ],
					[ 29.0949892969, 40.9501125104 ],
					[ 29.0949646104, 40.9499068292 ],
					[ 29.0945841573, 40.9488642842 ],
					[ 29.0935594218, 40.946056061 ],
					[ 29.0907497462, 40.9380330642 ],
					[ 29.0853677382, 40.9293919034 ],
					[ 29.0806101938, 40.9248436558 ],
					[ 29.0773097999, 40.9216879756 ],
					[ 29.0718661938, 40.9184597062 ],
					[ 29.0651284438, 40.9151651184 ],
					[ 29.0592655467, 40.91223425 ],
					[ 29.0555378642, 40.9105737696 ],
					[ 29.0579357825, 40.9085662999 ],
					[ 29.0608050463, 40.906271646 ],
					[ 29.0652252694, 40.9011447782 ],
					[ 29.0690114593, 40.8940519321 ],
					[ 29.0703345762, 40.8893046537 ],
					[ 29.0711209842, 40.8838300964 ],
					[ 29.0715297719, 40.8808415477 ],
					[ 29.0697738824, 40.8802831063 ]
				]
			},
			"properties" : {
				"ISIM_HAT" : "Bostancı-Kınalıada-Burgazada",
				"TUR_HAT" : "Özel Motor",
				"HAT_ROTA" : "Bostancı-Kınalıada-Burgazada"
			}
		},
		{
			"type" : "Feature",
			"geometry" : {
				"type" : "LineString",
				"coordinates" : [
					[ 29.1279760767, 40.8757720135 ],
					[ 29.1275878166, 40.8758745239 ],
					[ 29.1271984175, 40.8759745166 ],
					[ 29.1268079079, 40.8760719836 ],
					[ 29.1264163165, 40.876166918 ],
					[ 29.1260236719, 40.8762593128 ],
					[ 29.1256300016, 40.8763491609 ],
					[ 29.1252353364, 40.8764364572 ],
					[ 29.1248397026, 40.8765211938 ],
					[ 29.1244431312, 40.8766033655 ],
					[ 29.1240456496, 40.8766829662 ],
					[ 29.1236472875, 40.8767599898 ],
					[ 29.1232480736, 40.8768344302 ],
					[ 29.1228480376, 40.8769062822 ],
					[ 29.1224472082, 40.8769755415 ],
					[ 29.1220456138, 40.877042203 ],
					[ 29.1216432842, 40.8771062605 ],
					[ 29.1212402482, 40.8771677098 ],
					[ 29.1208365365, 40.8772265475 ],
					[ 29.1204321789, 40.8772827684 ],
					[ 29.1200272017, 40.8773363681 ],
					[ 29.1196216382, 40.8773873434 ],
					[ 29.1192155146, 40.8774356909 ],
					[ 29.1188088629, 40.8774814062 ],
					[ 29.1184017118, 40.877524486 ],
					[ 29.1179940921, 40.8775649278 ],
					[ 29.1175860314, 40.8776027282 ],
					[ 29.1171775604, 40.8776378839 ],
					[ 29.1167687089, 40.8776703941 ],
					[ 29.1163595056, 40.8777002547 ],
					[ 29.1159499824, 40.8777274648 ],
					[ 29.1155401691, 40.8777520212 ],
					[ 29.1151300932, 40.8777739222 ],
					[ 29.1147197866, 40.8777931673 ],
					[ 29.1143092779, 40.8778097547 ],
					[ 29.1138985981, 40.877823683 ],
					[ 29.1134877769, 40.8778349505 ],
					[ 29.1130768427, 40.8778435576 ],
					[ 29.1126658277, 40.8778495035 ],
					[ 29.1122547604, 40.8778527866 ],
					[ 29.1118436717, 40.8778534081 ],
					[ 29.1114325914, 40.8778513665 ],
					[ 29.1110215479, 40.8778466637 ],
					[ 29.1106105733, 40.8778392981 ],
					[ 29.1101996961, 40.8778292719 ],
					[ 29.109788946, 40.8778165852 ],
					[ 29.109378354, 40.8778012392 ],
					[ 29.1089679496, 40.8777832341 ],
					[ 29.1085577638, 40.877762572 ],
					[ 29.108147824, 40.8777392539 ],
					[ 29.107738162, 40.8777132819 ],
					[ 29.1073288065, 40.8776846581 ],
					[ 29.1069197884, 40.8776533845 ],
					[ 29.1065111372, 40.877619463 ],
					[ 29.1061028814, 40.8775828968 ],
					[ 29.1056950521, 40.8775436868 ],
					[ 29.1052876799, 40.8775018379 ],
					[ 29.1048807921, 40.877457352 ],
					[ 29.1044744197, 40.877410233 ],
					[ 29.1040685923, 40.8773604838 ],
					[ 29.1036633384, 40.8773081083 ],
					[ 29.1032586887, 40.8772531104 ],
					[ 29.102854673, 40.8771954937 ],
					[ 29.1024513197, 40.8771352623 ],
					[ 29.1020486584, 40.8770724217 ],
					[ 29.102087817, 40.8772763725 ],
					[ 29.1021213732, 40.8774808983 ],
					[ 29.102149314, 40.8776859099 ],
					[ 29.1021716263, 40.8778913188 ],
					[ 29.1021883017, 40.8780970351 ],
					[ 29.1021993318, 40.8783029703 ],
					[ 29.102204712, 40.8785090353 ],
					[ 29.1022044398, 40.878715141 ],
					[ 29.1021985164, 40.8789211972 ],
					[ 29.1021869417, 40.879127115 ],
					[ 29.102169724, 40.8793328059 ],
					[ 29.102146868, 40.8795381802 ],
					[ 29.1021183844, 40.8797431486 ],
					[ 29.1020842861, 40.8799476222 ],
					[ 29.1020445874, 40.8801515136 ],
					[ 29.1019993048, 40.8803547331 ],
					[ 29.1019484597, 40.8805571933 ],
					[ 29.1018920721, 40.8807588062 ],
					[ 29.101830167, 40.8809594847 ],
					[ 29.1017627715, 40.8811591415 ],
					[ 29.1016899153, 40.8813576906 ],
					[ 29.1016116291, 40.8815550455 ],
					[ 29.101527946, 40.8817511203 ],
					[ 29.1014389041, 40.8819458313 ],
					[ 29.1013445399, 40.8821390924 ],
					[ 29.101244896, 40.8823308221 ],
					[ 29.1011400152, 40.882520935 ],
					[ 29.1010299423, 40.8827093496 ],
					[ 29.1009147247, 40.8828959852 ],
					[ 29.1007944133, 40.8830807593 ],
					[ 29.1006690589, 40.883263593 ],
					[ 29.1005387185, 40.8834444058 ],
					[ 29.1004036323, 40.883622879 ],
					[ 29.1002636878, 40.8837991817 ],
					[ 29.100118944, 40.8839732389 ],
					[ 29.0999694637, 40.8841449745 ],
					[ 29.0998153108, 40.8843143142 ],
					[ 29.0996565525, 40.8844811855 ],
					[ 29.0994932576, 40.8846455161 ],
					[ 29.0993254958, 40.8848072345 ],
					[ 29.0991887277, 40.884934127 ],
					[ 29.0990492086, 40.8850592833 ],
					[ 29.0989281918, 40.885164527 ],
					[ 29.0988740451, 40.8852054786 ],
					[ 29.0987157715, 40.8853200317 ],
					[ 29.098552663, 40.8854306092 ],
					[ 29.098384892, 40.8855370942 ],
					[ 29.098212638, 40.8856393739 ],
					[ 29.0980349247, 40.8857379601 ],
					[ 29.0978530454, 40.8858320706 ],
					[ 29.0976671984, 40.8859216024 ],
					[ 29.0974775808, 40.8860064607 ],
					[ 29.0972843968, 40.8860865525 ],
					[ 29.0970878564, 40.8861617939 ],
					[ 29.0968881696, 40.886232102 ],
					[ 29.0966855522, 40.8862974017 ],
					[ 29.0964802199, 40.8863576237 ],
					[ 29.0962723967, 40.8864127012 ],
					[ 29.0960623042, 40.8864625767 ],
					[ 29.0958501697, 40.8865071959 ],
					[ 29.0956362206, 40.8865465112 ],
					[ 29.0954206877, 40.8865804793 ],
					[ 29.0952038018, 40.8866090651 ],
					[ 29.0949857981, 40.8866322362 ],
					[ 29.0948441857, 40.8866443374 ],
					[ 29.0947022673, 40.8866541542 ],
					[ 29.0945601049, 40.8866616808 ],
					[ 29.0944177648, 40.8866669151 ],
					[ 29.0942753101, 40.8866698548 ],
					[ 29.094132806, 40.8866704987 ],
					[ 29.0939903155, 40.8866688445 ],
					[ 29.0938479025, 40.8866648955 ],
					[ 29.0937056336, 40.8866586522 ],
					[ 29.0935635703, 40.8866501177 ],
					[ 29.0934217792, 40.8866392952 ],
					[ 29.0932803219, 40.8866261908 ],
					[ 29.0931392635, 40.8866108093 ],
					[ 29.0929986669, 40.8865931586 ],
					[ 29.092858596, 40.8865732462 ],
					[ 29.0927191137, 40.8865510799 ],
					[ 29.0925802838, 40.8865266719 ],
					[ 29.0924421679, 40.8865000317 ],
					[ 29.0923048288, 40.8864711724 ],
					[ 29.0921683279, 40.8864401053 ],
					[ 29.0920327269, 40.8864068462 ],
					[ 29.0918980872, 40.8863714091 ],
					[ 29.0917644703, 40.8863338107 ],
					[ 29.0916319341, 40.8862940676 ],
					[ 29.0915005414, 40.8862521965 ],
					[ 29.0913703486, 40.8862082187 ],
					[ 29.0912414162, 40.8861621525 ],
					[ 29.0911138021, 40.8861140184 ],
					[ 29.0909875639, 40.8860638392 ],
					[ 29.0908627573, 40.886011636 ],
					[ 29.09073944, 40.8859574347 ],
					[ 29.0906176674, 40.8859012571 ],
					[ 29.0904338693, 40.885811238 ],
					[ 29.0902540356, 40.8857167196 ],
					[ 29.0900783572, 40.8856178034 ],
					[ 29.0899070191, 40.8855145944 ],
					[ 29.089740206, 40.8854072023 ],
					[ 29.089578093, 40.8852957409 ],
					[ 29.0894208531, 40.8851803295 ],
					[ 29.089268653, 40.8850610894 ],
					[ 29.0891476844, 40.8849605111 ],
					[ 29.0890303016, 40.8848575145 ],
					[ 29.0889165891, 40.8847521722 ],
					[ 29.0888066288, 40.8846445605 ],
					[ 29.0887146042, 40.8845497096 ],
					[ 29.0886254943, 40.8844532689 ],
					[ 29.0885519563, 40.8843699404 ],
					[ 29.0884249075, 40.8842182308 ],
					[ 29.0882942481, 40.884068298 ],
					[ 29.0881566509, 40.8839165435 ],
					[ 29.0880153565, 40.8837667594 ],
					[ 29.0878571424, 40.8836057513 ],
					[ 29.0876946561, 40.8834472134 ],
					[ 29.0875279652, 40.8832912109 ],
					[ 29.0873571367, 40.8831378085 ],
					[ 29.0871642445, 40.882971902 ],
					[ 29.0869665144, 40.8828093102 ],
					[ 29.086764045, 40.8826501149 ],
					[ 29.0865569373, 40.8824943934 ],
					[ 29.0863452946, 40.8823422258 ],
					[ 29.0861292239, 40.8821936867 ],
					[ 29.085908832, 40.8820488517 ],
					[ 29.0856842294, 40.8819077918 ],
					[ 29.0854334568, 40.8817576661 ],
					[ 29.0851779151, 40.8816122475 ],
					[ 29.0849177574, 40.8814716218 ],
					[ 29.0846531415, 40.8813358758 ],
					[ 29.084384224, 40.881205088 ],
					[ 29.0841111675, 40.8810793401 ],
					[ 29.0838341359, 40.8809587042 ],
					[ 29.0835532953, 40.8808432556 ],
					[ 29.0832688134, 40.8807330613 ],
					[ 29.0829808611, 40.8806281884 ],
					[ 29.0826896119, 40.8805287004 ],
					[ 29.0823952405, 40.8804346562 ],
					[ 29.0820979229, 40.8803461121 ],
					[ 29.0817978374, 40.8802631209 ],
					[ 29.0814951636, 40.8801857336 ],
					[ 29.0811900846, 40.8801139956 ],
					[ 29.0808605116, 40.8800434033 ],
					[ 29.0805286106, 40.8799794037 ],
					[ 29.0801946109, 40.8799220416 ],
					[ 29.079858741, 40.879871356 ],
					[ 29.0795212339, 40.8798273828 ],
					[ 29.0791823217, 40.8797901508 ],
					[ 29.0788422388, 40.8797596873 ],
					[ 29.0785012185, 40.8797360119 ],
					[ 29.0781628961, 40.8797192763 ],
					[ 29.0778241134, 40.8797092219 ],
					[ 29.0774851015, 40.8797058561 ],
					[ 29.0771460893, 40.8797091816 ],
					[ 29.0768153109, 40.8797188815 ],
					[ 29.0766071955, 40.8797277158 ],
					[ 29.0764234291, 40.8797373507 ],
					[ 29.0760813709, 40.8797604877 ],
					[ 29.0757402191, 40.8797903493 ],
					[ 29.0754011486, 40.8798268036 ],
					[ 29.075063434, 40.8798698987 ],
					[ 29.0747272996, 40.8799196069 ],
					[ 29.0743929713, 40.8799758957 ],
					[ 29.0740606725, 40.8800387264 ],
					[ 29.0737306244, 40.8801080566 ],
					[ 29.0734030471, 40.8801838414 ],
					[ 29.0730781617, 40.8802660294 ],
					[ 29.0727561838, 40.8803545647 ],
					[ 29.07243733, 40.8804493896 ],
					[ 29.0721218112, 40.8805504403 ],
					[ 29.0718098416, 40.8806576489 ],
					[ 29.0715016264, 40.8807709444 ],
					[ 29.0711973741, 40.88089025 ],
					[ 29.0708972876, 40.8810154865 ],
					[ 29.0706015671, 40.8811465698 ],
					[ 29.0706353501, 40.8814463043 ],
					[ 29.070665837, 40.8817462427 ],
					[ 29.0706930221, 40.8820463634 ],
					[ 29.0707169069, 40.8823466465 ],
					[ 29.0707374881, 40.8826470696 ],
					[ 29.0707547635, 40.8829476138 ],
					[ 29.0707687334, 40.8832482564 ],
					[ 29.0707793956, 40.8835489769 ],
					[ 29.0707867505, 40.8838497544 ],
					[ 29.070790797, 40.8841505673 ],
					[ 29.0707915342, 40.8844513969 ],
					[ 29.0707889625, 40.8847522195 ],
					[ 29.0707830819, 40.8850530155 ],
					[ 29.0707738929, 40.8853537641 ],
					[ 29.0707613955, 40.8856544437 ],
					[ 29.0707455914, 40.8859550336 ],
					[ 29.0707264818, 40.8862555131 ],
					[ 29.0707040671, 40.8865558606 ],
					[ 29.0706783486, 40.8868560563 ],
					[ 29.070649329, 40.8871560777 ],
					[ 29.070617011, 40.8874559059 ],
					[ 29.0705813947, 40.8877555185 ],
					[ 29.0705424828, 40.8880548946 ],
					[ 29.0705002803, 40.8883540136 ],
					[ 29.0704547874, 40.8886528549 ],
					[ 29.0704060092, 40.8889513977 ],
					[ 29.0703539482, 40.8892496213 ],
					[ 29.0702986082, 40.8895475043 ],
					[ 29.0702399919, 40.8898450267 ],
					[ 29.0701781055, 40.890142167 ],
					[ 29.0701129504, 40.8904389045 ],
					[ 29.0700445339, 40.8907352194 ],
					[ 29.0699728599, 40.8910310902 ],
					[ 29.0698979321, 40.8913264971 ],
					[ 29.0698197568, 40.8916214185 ],
					[ 29.0697383401, 40.8919158337 ],
					[ 29.0696536859, 40.8922097239 ],
					[ 29.0695658002, 40.8925030665 ],
					[ 29.0694746906, 40.8927958428 ],
					[ 29.0693803631, 40.893088032 ],
					[ 29.0692828227, 40.8933796126 ],
					[ 29.0691820781, 40.8936705649 ],
					[ 29.0690781353, 40.893960869 ],
					[ 29.0689710006, 40.8942505052 ],
					[ 29.0688606837, 40.8945394519 ],
					[ 29.0687471895, 40.8948276894 ],
					[ 29.0686305279, 40.8951151979 ],
					[ 29.0685107074, 40.8954019568 ],
					[ 29.0683877341, 40.8956879473 ],
					[ 29.0682616179, 40.8959731486 ],
					[ 29.0681323683, 40.8962575401 ],
					[ 29.0679999928, 40.8965411039 ],
					[ 29.0678645012, 40.8968238183 ],
					[ 29.0677259019, 40.8971056647 ],
					[ 29.0675842071, 40.8973866232 ],
					[ 29.0674394242, 40.8976666741 ],
					[ 29.067291564, 40.8979457986 ],
					[ 29.0671406375, 40.8982239759 ],
					[ 29.0669866545, 40.8985011874 ],
					[ 29.0668296246, 40.8987774131 ],
					[ 29.0666695611, 40.8990526344 ],
					[ 29.0665064739, 40.8993268324 ],
					[ 29.0663403737, 40.8995999873 ],
					[ 29.0661712728, 40.8998720812 ],
					[ 29.0659355048, 40.9002419311 ],
					[ 29.0656941914, 40.9006097167 ],
					[ 29.0654473651, 40.9009753914 ],
					[ 29.0651950575, 40.901338906 ],
					[ 29.0649192116, 40.9017252062 ],
					[ 29.0646371753, 40.9021089261 ],
					[ 29.06445829, 40.9023467403 ],
					[ 29.0641978941, 40.902676344 ],
					[ 29.0638965342, 40.9030477787 ],
					[ 29.0635890511, 40.9034163129 ],
					[ 29.063275493, 40.9037818902 ],
					[ 29.0629559093, 40.9041444524 ],
					[ 29.0626303494, 40.9045039405 ],
					[ 29.0622988651, 40.9048603008 ],
					[ 29.0619615082, 40.9052134752 ],
					[ 29.0616183329, 40.9055634081 ],
					[ 29.0612773162, 40.905902272 ],
					[ 29.0609308438, 40.9062379352 ],
					[ 29.060578965, 40.9065703467 ],
					[ 29.060221735, 40.9068994584 ],
					[ 29.0598592067, 40.9072252183 ],
					[ 29.0594914343, 40.9075475783 ],
					[ 29.0591184742, 40.9078664911 ],
					[ 29.0587403804, 40.9081819065 ],
					[ 29.0583572131, 40.9084937782 ],
					[ 29.0579690273, 40.908802058 ],
					[ 29.057575882, 40.9091067014 ],
					[ 29.0571778372, 40.9094076618 ],
					[ 29.0567749515, 40.909704893 ],
					[ 29.0563672863, 40.9099983503 ],
					[ 29.0559549039, 40.910287991 ],
					[ 29.0555378642, 40.9105737696 ],
					[ 29.0555057815, 40.9109383993 ],
					[ 29.0554661056, 40.9113025984 ],
					[ 29.0554188472, 40.9116662762 ],
					[ 29.0553640183, 40.9120293427 ],
					[ 29.0553016318, 40.912391706 ],
					[ 29.0552317031, 40.9127532764 ],
					[ 29.0551542501, 40.913113962 ],
					[ 29.0550692928, 40.9134736748 ],
					[ 29.0549768503, 40.9138323239 ],
					[ 29.0548769474, 40.9141898204 ],
					[ 29.0547696068, 40.9145460735 ],
					[ 29.0546548579, 40.9149009953 ],
					[ 29.0545327269, 40.9152544966 ],
					[ 29.0544032458, 40.9156064906 ],
					[ 29.0542664467, 40.9159568872 ],
					[ 29.0541223627, 40.9163055995 ],
					[ 29.0539710305, 40.9166525412 ],
					[ 29.0538124869, 40.9169976253 ],
					[ 29.0536467722, 40.9173407647 ],
					[ 29.0534739268, 40.9176818752 ],
					[ 29.0532939956, 40.9180208706 ],
					[ 29.0531070213, 40.9183576656 ],
					[ 29.0529130525, 40.9186921769 ],
					[ 29.0527121367, 40.9190243211 ],
					[ 29.0525043223, 40.9193540139 ],
					[ 29.052289664, 40.9196811747 ],
					[ 29.0520682139, 40.9200057211 ],
					[ 29.0518400276, 40.9203275715 ],
					[ 29.051605162, 40.9206466453 ],
					[ 29.0513636753, 40.9209628637 ],
					[ 29.0511156277, 40.921276147 ],
					[ 29.050861081, 40.9215864173 ],
					[ 29.0506144495, 40.9218769818 ],
					[ 29.0503621177, 40.9221647172 ],
					[ 29.0501041423, 40.9224495593 ],
					[ 29.0498405822, 40.9227314445 ],
					[ 29.0495714941, 40.9230103101 ],
					[ 29.0492969395, 40.9232860937 ],
					[ 29.0490169797, 40.9235587336 ],
					[ 29.0487316774, 40.923828169 ],
					[ 29.0484971378, 40.9240436322 ],
					[ 29.0482591802, 40.924256929 ],
					[ 29.0480178405, 40.9244680292 ],
					[ 29.047773155, 40.9246769022 ],
					[ 29.0474635808, 40.9249340471 ],
					[ 29.0468449574, 40.9254340169 ],
					[ 29.0462171384, 40.9259499804 ],
					[ 29.045609562, 40.9264575446 ],
					[ 29.0450073916, 40.9269688035 ],
					[ 29.0445042021, 40.9274024568 ],
					[ 29.0440049022, 40.9278386911 ],
					[ 29.0435095147, 40.9282774851 ],
					[ 29.0430180624, 40.9287188191 ],
					[ 29.0424387689, 40.9292469441 ],
					[ 29.0418651105, 40.9297785977 ],
					[ 29.0412971246, 40.9303137451 ],
					[ 29.0407348496, 40.9308523536 ],
					[ 29.0401783206, 40.9313943865 ],
					[ 29.039627575, 40.9319398081 ],
					[ 29.0390826489, 40.9324885848 ],
					[ 29.0385435774, 40.9330406789 ],
					[ 29.0380058016, 40.9336008809 ],
					[ 29.0374740552, 40.9341643849 ],
					[ 29.0369483719, 40.9347311543 ],
					[ 29.036428788, 40.9353011508 ],
					[ 29.0359153362, 40.9358743361 ],
					[ 29.0354080527, 40.9364506735 ],
					[ 29.0349069691, 40.9370301248 ],
					[ 29.0344121217, 40.9376126507 ],
					[ 29.0339611414, 40.9381527721 ],
					[ 29.0335155216, 40.9386954471 ],
					[ 29.0330752867, 40.9392406453 ],
					[ 29.0326404622, 40.9397883364 ],
					[ 29.0318012062, 40.9408634663 ],
					[ 29.0313728941, 40.9414177948 ],
					[ 29.030858998, 40.9420929798 ],
					[ 29.0303515035, 40.9427709455 ],
					[ 29.0298692097, 40.9434259451 ],
					[ 29.0293928903, 40.9440834556 ],
					[ 29.0289225709, 40.9447434448 ],
					[ 29.0284582709, 40.9454058834 ],
					[ 29.0280000147, 40.9460707383 ],
					[ 29.0275478232, 40.9467379781 ],
					[ 29.0271017194, 40.9474075709 ],
					[ 29.0266617242, 40.9480794852 ],
					[ 29.0262278584, 40.948753688 ],
					[ 29.0258001428, 40.949430148 ],
					[ 29.0253785982, 40.9501088332 ],
					[ 29.0249632454, 40.9507897094 ],
					[ 29.024554104, 40.9514727464 ],
					[ 29.0241511936, 40.95215791 ],
					[ 29.023754534, 40.9528451683 ],
					[ 29.0233641447, 40.9535344879 ],
					[ 29.022980043, 40.9542258369 ],
					[ 29.0226022486, 40.9549191811 ],
					[ 29.0222307799, 40.9556144883 ],
					[ 29.0218656542, 40.9563117247 ],
					[ 29.0215068888, 40.9570108578 ],
					[ 29.0211545022, 40.9577118529 ],
					[ 29.0208085104, 40.9584146778 ],
					[ 29.0204689309, 40.9591192992 ],
					[ 29.0201357796, 40.9598256814 ],
					[ 29.0198090728, 40.9605337931 ],
					[ 29.0194888265, 40.9612435994 ],
					[ 29.0191750556, 40.9619550661 ],
					[ 29.0188677752, 40.9626681593 ],
					[ 29.0185670013, 40.9633828459 ],
					[ 29.0182727466, 40.9640990908 ],
					[ 29.0179850283, 40.9648168601 ],
					[ 29.017726042, 40.9654786988 ],
					[ 29.017472613, 40.9661417727 ],
					[ 29.0171385509, 40.9670995206 ],
					[ 29.0168080382, 40.9680579774 ],
					[ 29.0163284367, 40.9694687707 ],
					[ 29.0158565284, 40.9708810562 ],
					[ 29.01539232, 40.972294808 ],
					[ 29.014935823, 40.9737100021 ],
					[ 29.0145369331, 40.9749678522 ],
					[ 29.0141441347, 40.9762268035 ],
					[ 29.0137574331, 40.97748684 ],
					[ 29.0133768349, 40.9787479437 ],
					[ 29.0130022465, 40.9800104317 ],
					[ 29.0126337745, 40.9812739539 ],
					[ 29.0122710454, 40.9825398308 ],
					[ 29.0119159751, 40.9838013633 ],
					[ 29.0118548658, 40.9840355527 ],
					[ 29.0118001805, 40.9842706526 ],
					[ 29.011751942, 40.9845065614 ],
					[ 29.0117101699, 40.9847431775 ],
					[ 29.0116748835, 40.9849803993 ],
					[ 29.0116460974, 40.9852181253 ],
					[ 29.0116238253, 40.9854562521 ],
					[ 29.0116080745, 40.9856946769 ],
					[ 29.0115988538, 40.9859332991 ],
					[ 29.0115961673, 40.9861720142 ],
					[ 29.0116000153, 40.9864107205 ],
					[ 29.0116103959, 40.9866493144 ],
					[ 29.0116273059, 40.9868876942 ],
					[ 29.0116507374, 40.9871257571 ],
					[ 29.0116806801, 40.9873634003 ],
					[ 29.0117171214, 40.9876005221 ],
					[ 29.0117535309, 40.9878033393 ],
					[ 29.0117946934, 40.9880056335 ],
					[ 29.0118405992, 40.9882073408 ],
					[ 29.0118912303, 40.9884083979 ],
					[ 29.0119465746, 40.9886087408 ],
					[ 29.0120066116, 40.9888083063 ],
					[ 29.0120713234, 40.9890070311 ],
					[ 29.0121406896, 40.9892048522 ],
					[ 29.0122146885, 40.9894017071 ],
					[ 29.0122932962, 40.9895975335 ],
					[ 29.0123764886, 40.98979227 ],
					[ 29.0124642394, 40.9899858541 ],
					[ 29.0125565198, 40.9901782254 ],
					[ 29.0126533011, 40.9903693223 ],
					[ 29.0127545533, 40.9905590852 ],
					[ 29.0128602441, 40.9907474533 ],
					[ 29.0129886938, 40.9909646792 ],
					[ 29.0131230456, 40.9911798467 ],
					[ 29.0132632428, 40.9913928615 ],
					[ 29.0134092249, 40.9916036341 ],
					[ 29.0135609303, 40.9918120746 ],
					[ 29.0137182939, 40.9920180917 ],
					[ 29.0138812481, 40.992221599 ],
					[ 29.0140497228, 40.9924225088 ],
					[ 29.0142329431, 40.9926310838 ],
					[ 29.014422113, 40.9928365867 ],
					[ 29.0145315636, 40.9929084659 ],
					[ 29.014644708, 40.9929769828 ],
					[ 29.0147613675, 40.9930420288 ],
					[ 29.0148813556, 40.9931034994 ],
					[ 29.0149957504, 40.9931573674 ],
					[ 29.0151127024, 40.9932079858 ],
					[ 29.01523205, 40.9932552848 ],
					[ 29.0153536289, 40.9932992 ],
					[ 29.0154772723, 40.9933396713 ],
					[ 29.0156028112, 40.9933766416 ],
					[ 29.0157300728, 40.9934100624 ],
					[ 29.0158588806, 40.9934398856 ],
					[ 29.0159890595, 40.9934660708 ],
					[ 29.0161204303, 40.9934885832 ],
					[ 29.0162528119, 40.9935073906 ],
					[ 29.0163860226, 40.9935224672 ],
					[ 29.0165198786, 40.9935337925 ],
					[ 29.016654197, 40.9935413514 ],
					[ 29.0167887927, 40.9935451334 ],
					[ 29.0169234814, 40.9935451332 ],
					[ 29.0170983241, 40.9935394828 ],
					[ 29.0172726042, 40.9935274603 ],
					[ 29.0174459195, 40.9935090938 ],
					[ 29.0176178653, 40.9934844248 ],
					[ 29.0177933113, 40.9934524494 ],
					[ 29.0179576051, 40.9934083678 ],
					[ 29.0181227941, 40.9933662511 ],
					[ 29.0182888367, 40.9933261098 ],
					[ 29.0184556933, 40.9932879534 ],
					[ 29.0187147364, 40.9932329779 ],
					[ 29.0189754646, 40.9931827859 ],
					[ 29.0192763953, 40.9931311461 ],
					[ 29.0195791077, 40.9930858779 ],
					[ 29.019883366, 40.9930470188 ],
					[ 29.0201889368, 40.9930145974 ],
					[ 29.0205028074, 40.9929881067 ],
					[ 29.0208175482, 40.9929684092 ],
					[ 29.0211329011, 40.9929555198 ],
					[ 29.0214486118, 40.9929494499 ],
					[ 29.0217644224, 40.9929502045 ],
					[ 29.0220800763, 40.9929577822 ],
					[ 29.022395317, 40.9929721773 ],
					[ 29.0227098869, 40.9929933787 ],
					[ 29.0225199096, 40.993022899 ],
					[ 29.0223309303, 40.9930558932 ],
					[ 29.0221430596, 40.9930923416 ],
					[ 29.0219564071, 40.9931322236 ],
					[ 29.0217710838, 40.9931755148 ],
					[ 29.0215871958, 40.993222191 ],
					[ 29.0214048527, 40.9932722242 ],
					[ 29.0212241595, 40.9933255848 ],
					[ 29.0210452237, 40.9933822422 ],
					[ 29.0208681478, 40.993442163 ],
					[ 29.0206930383, 40.9935053112 ],
					[ 29.0205199954, 40.9935716517 ],
					[ 29.0203491219, 40.9936411448 ],
					[ 29.020180517, 40.99371375 ],
					[ 29.0200142788, 40.993789424 ],
					[ 29.0198505065, 40.9938681235 ],
					[ 29.0197289328, 40.9939293203 ],
					[ 29.0196088495, 40.9939921848 ],
					[ 29.0194902972, 40.9940566955 ],
					[ 29.0193733154, 40.9941228304 ],
					[ 29.0191566254, 40.994252197 ],
					[ 29.0189459391, 40.9943871367 ],
					[ 29.0185044126, 40.9946327402 ],
					[ 29.0180667767, 40.994882311 ],
					[ 29.0176330949, 40.9951358145 ],
					[ 29.0172034295, 40.9953932153 ],
					[ 29.0169351264, 40.9955571785 ],
					[ 29.0166684537, 40.9957226604 ],
					[ 29.0164034247, 40.9958896532 ],
					[ 29.0161400548, 40.996058147 ],
					[ 29.0158783598, 40.9962281313 ],
					[ 29.015618354, 40.996399598 ],
					[ 29.0153600505, 40.9965725365 ],
					[ 29.0151034651, 40.996746937 ],
					[ 29.014838319, 40.9969299495 ],
					[ 29.014575064, 40.9971145235 ],
					[ 29.0143137169, 40.9973006477 ],
					[ 29.0140542945, 40.9974883112 ],
					[ 29.0137968113, 40.9976775026 ],
					[ 29.0135412828, 40.9978682103 ],
					[ 29.0132877259, 40.9980604218 ],
					[ 29.0130361551, 40.9982541264 ],
					[ 29.0127865847, 40.9984493118 ],
					[ 29.0125390327, 40.9986459663 ],
					[ 29.0122935113, 40.9988440784 ],
					[ 29.0120500372, 40.9990436356 ],
					[ 29.011808626, 40.9992446264 ],
					[ 29.01156929, 40.9994470374 ],
					[ 29.0113320446, 40.9996508569 ],
					[ 29.0110969055, 40.9998560726 ],
					[ 29.0108638849, 41.000062672 ],
					[ 29.0106329995, 41.0002706417 ],
					[ 29.0104042614, 41.0004799701 ],
					[ 29.0101776851, 41.0006906448 ],
					[ 29.009953285, 41.0009026514 ],
					[ 29.0097310744, 41.0011159785 ],
					[ 29.0095110666, 41.0013306116 ],
					[ 29.0092932749, 41.0015465394 ],
					[ 29.0090777137, 41.0017637483 ],
					[ 29.0088643951, 41.001982224 ],
					[ 29.0086533313, 41.0022019542 ],
					[ 29.0084445367, 41.0024229245 ],
					[ 29.0082380233, 41.0026451234 ],
					[ 29.0080338045, 41.0028685355 ],
					[ 29.0078318912, 41.0030931477 ],
					[ 29.0076322979, 41.0033189464 ],
					[ 29.0074463724, 41.0035327677 ],
					[ 29.0072625269, 41.0037476187 ],
					[ 29.00708077, 41.0039634878 ],
					[ 29.0069011125, 41.0041803634 ],
					[ 29.0067235641, 41.0043982338 ],
					[ 29.0065481345, 41.0046170866 ],
					[ 29.0063748322, 41.004836911 ],
					[ 29.006203667, 41.0050576937 ],
					[ 29.0060346485, 41.0052794247 ],
					[ 29.0058677865, 41.0055020898 ],
					[ 29.0057030882, 41.0057256792 ],
					[ 29.0055405645, 41.0059501795 ],
					[ 29.0053802229, 41.006175578 ],
					[ 29.0052220717, 41.0064018642 ],
					[ 29.005066122, 41.0066290255 ],
					[ 29.0049123798, 41.0068570484 ],
					[ 29.004622977, 41.0072979025 ],
					[ 29.0043418284, 41.0077418131 ],
					[ 29.0039586767, 41.0083646978 ],
					[ 29.0038061073, 41.0086201532 ],
					[ 29.0036564119, 41.0088765823 ],
					[ 29.0035230125, 41.0091102024 ],
					[ 29.0033919957, 41.0093445958 ],
					[ 29.0032633724, 41.009579749 ],
					[ 29.0031371502, 41.0098156467 ],
					[ 29.0030133338, 41.0100522755 ],
					[ 29.0028919331, 41.0102896221 ],
					[ 29.0027729554, 41.0105276711 ],
					[ 29.0026564069, 41.0107664091 ],
					[ 29.0025432455, 41.0110038013 ],
					[ 29.0024324879, 41.0112418427 ],
					[ 29.0023241377, 41.011480519 ],
					[ 29.0022182024, 41.0117198175 ],
					[ 29.0021146894, 41.0119597231 ],
					[ 29.0020136036, 41.0122002213 ],
					[ 29.00191495, 41.0124412988 ],
					[ 29.0018187372, 41.0126829412 ],
					[ 29.001724969, 41.0129251351 ],
					[ 29.0016336504, 41.0131678651 ],
					[ 29.0015447875, 41.0134111179 ],
					[ 29.0014583866, 41.0136548791 ],
					[ 29.0013744502, 41.0138991333 ],
					[ 29.0012929858, 41.0141438682 ],
					[ 29.0012139983, 41.0143890674 ],
					[ 29.0011374892, 41.0146347176 ],
					[ 29.001063467, 41.0148808044 ],
					[ 29.0009919332, 41.0151273134 ],
					[ 29.0009228927, 41.0153742302 ],
					[ 29.0008563494, 41.0156215396 ],
					[ 29.0007923095, 41.0158692281 ],
					[ 29.0007307732, 41.0161172805 ],
					[ 29.0006717467, 41.0163656823 ],
					[ 29.0006152327, 41.0166144193 ],
					[ 29.0005612349, 41.016863476 ],
					[ 29.0005097547, 41.0171128391 ],
					[ 29.0004607984, 41.0173624942 ],
					[ 29.0004143663, 41.0176124251 ],
					[ 29.0003704609, 41.0178626173 ],
					[ 29.0003290873, 41.0181130576 ],
					[ 29.0002902457, 41.0183637304 ],
					[ 29.0002539399, 41.0186146215 ],
					[ 29.0002087109, 41.0189555478 ],
					[ 29.0001681642, 41.0192968118 ],
					[ 29.0001323038, 41.0196383775 ],
					[ 29.0001011316, 41.0199802063 ],
					[ 29.0000746529, 41.0203222622 ],
					[ 29.0000528697, 41.0206645073 ],
					[ 29.0000357848, 41.0210069067 ],
					[ 29.0000234014, 41.0213494206 ],
					[ 29.0000156498, 41.0216964139 ],
					[ 29.0000127234, 41.0220434491 ],
					[ 29.0000048526, 41.0223172823 ],
					[ 29.0000000438, 41.0225911564 ],
					[ 28.9999983062, 41.0229137414 ],
					[ 29.0000008156, 41.0232363235 ],
					[ 29.0000095246, 41.0236263925 ],
					[ 29.0000244441, 41.0240163533 ],
					[ 29.0000455715, 41.0244061491 ],
					[ 29.0000729042, 41.0247957241 ],
					[ 29.0001033214, 41.0251516611 ],
					[ 29.0001389187, 41.0255073215 ],
					[ 29.000179691, 41.025862663 ],
					[ 29.0002256354, 41.0262176433 ],
					[ 29.0002767443, 41.0265722181 ],
					[ 29.0003330126, 41.0269263441 ],
					[ 29.0003944349, 41.027279979 ],
					[ 29.0004610015, 41.0276330796 ],
					[ 29.0005327057, 41.0279856033 ],
					[ 29.0006095377, 41.0283375069 ],
					[ 29.0006914899, 41.0286887471 ],
					[ 29.0007785511, 41.0290392814 ],
					[ 29.0008707125, 41.0293890675 ],
					[ 29.0009679605, 41.0297380638 ],
					[ 29.0010702853, 41.030086226 ],
					[ 29.0011776732, 41.0304335127 ],
					[ 29.0012925686, 41.0307872682 ],
					[ 29.0014127184, 41.031140021 ],
					[ 29.0015381066, 41.0314917278 ],
					[ 29.0016687185, 41.0318423424 ],
					[ 29.0018045382, 41.0321918205 ],
					[ 29.0019455463, 41.0325401188 ],
					[ 29.0020917268, 41.0328871921 ],
					[ 29.0022430615, 41.033232997 ],
					[ 29.0023995296, 41.0335774891 ],
					[ 29.0025611117, 41.0339206259 ],
					[ 29.0027277896, 41.0342623624 ],
					[ 29.0028995389, 41.0346026549 ],
					[ 29.0030763402, 41.0349414619 ],
					[ 29.0032581715, 41.03527874 ],
					[ 29.0034450074, 41.0356144456 ],
					[ 29.0036368261, 41.0359485372 ],
					[ 29.0038336033, 41.0362809713 ],
					[ 29.0040353134, 41.0366117063 ],
					[ 29.0042419311, 41.0369406995 ],
					[ 29.0044534308, 41.0372679111 ],
					[ 29.004669786, 41.0375932976 ],
					[ 29.0048909674, 41.0379168183 ],
					[ 29.0051169485, 41.0382384323 ],
					[ 29.0053477013, 41.0385580989 ],
					[ 29.0055831945, 41.0388757772 ],
					[ 29.0058234001, 41.0391914274 ],
					[ 29.0060682867, 41.0395050086 ],
					[ 29.006317824, 41.0398164818 ],
					[ 29.0065719805, 41.0401258071 ],
					[ 29.0068307235, 41.0404329456 ],
					[ 29.0070940204, 41.040737858 ],
					[ 29.0073618374, 41.0410405055 ]
				]
			},
			"properties" : {
				"ISIM_HAT" : "Beşiktaş-Adalar",
				"TUR_HAT" : "Şehir Hatları",
				"HAT_ROTA" : "Beşiktaş-Kadıköy-Kınalıada-Burgazada-Heybeliada-Büyükada"
			}
		},
		{
			"type" : "Feature",
			"geometry" : {
				"type" : "LineString",
				"coordinates" : [
					[ 29.0547349839, 41.0811247142 ],
					[ 29.053904532, 41.0797466363 ],
					[ 29.0531605552, 41.0786904873 ],
					[ 29.0526060587, 41.0777702688 ],
					[ 29.0512925113, 41.0750138164 ],
					[ 29.0504715921, 41.0721070299 ],
					[ 29.0499789634, 41.0705101579 ],
					[ 29.0494811988, 41.067568064 ],
					[ 29.0492662317, 41.0662973963 ],
					[ 29.0489121322, 41.0653112592 ],
					[ 29.0473906061, 41.0610736046 ],
					[ 29.0472399511, 41.0606539783 ],
					[ 29.0468626529, 41.0597347915 ],
					[ 29.0465803333, 41.0590469759 ],
					[ 29.0463139019, 41.0583978549 ],
					[ 29.046043573, 41.0577392283 ],
					[ 29.0457947539, 41.0571329929 ],
					[ 29.0455203077, 41.0564643072 ],
					[ 29.0452268363, 41.0557492483 ],
					[ 29.0448703491, 41.0548806297 ],
					[ 29.0446156241, 41.0545457497 ],
					[ 29.044147609, 41.0539304543 ],
					[ 29.0436205969, 41.053237579 ],
					[ 29.0431602247, 41.0526323027 ],
					[ 29.0427587091, 41.0521043973 ],
					[ 29.0418071048, 41.0508531692 ],
					[ 29.0416839364, 41.0506898321 ],
					[ 29.0415582727, 41.0505275869 ],
					[ 29.0414301325, 41.0503664574 ],
					[ 29.041299531, 41.0502064635 ],
					[ 29.0411931219, 41.0500459035 ],
					[ 29.0410713163, 41.049885742 ],
					[ 29.0409396302, 41.0497125877 ],
					[ 29.0408531342, 41.0495988547 ],
					[ 29.0406593951, 41.0494118102 ],
					[ 29.0405121925, 41.0492696949 ],
					[ 29.0403478944, 41.0491110716 ],
					[ 29.040192873, 41.0489614054 ],
					[ 29.0400453134, 41.0488189417 ],
					[ 29.0398919319, 41.0486708564 ],
					[ 29.0397430951, 41.0485271588 ],
					[ 29.0395909935, 41.0483803066 ],
					[ 29.0394748219, 41.0482681441 ],
					[ 29.0393057632, 41.0481049198 ],
					[ 29.0390965127, 41.047902888 ],
					[ 29.0385628381, 41.0473876189 ],
					[ 29.0382277285, 41.0470640612 ],
					[ 29.0379988011, 41.0468430233 ],
					[ 29.0373757277, 41.046241412 ],
					[ 29.0368102124, 41.0456953638 ],
					[ 29.0363209368, 41.0452229218 ],
					[ 29.0358470319, 41.0448465661 ],
					[ 29.035071496, 41.0442306553 ],
					[ 29.0298522378, 41.0400852152 ],
					[ 29.0288873228, 41.0393187418 ],
					[ 29.0279458102, 41.0386828962 ],
					[ 29.0271249684, 41.0381285295 ],
					[ 29.0262061142, 41.0375079506 ],
					[ 29.0250200004, 41.0367068408 ],
					[ 29.0229845411, 41.0353320043 ],
					[ 29.0222530742, 41.0348379174 ],
					[ 29.0210997284, 41.0340588376 ],
					[ 29.0198027015, 41.033182667 ],
					[ 29.0187305043, 41.0321770384 ],
					[ 29.017916073, 41.0314131452 ],
					[ 29.0174921544, 41.0309433912 ],
					[ 29.0171623657, 41.0305779395 ],
					[ 29.0169627653, 41.030356753 ],
					[ 29.0164946152, 41.0297643103 ],
					[ 29.0162353419, 41.0294361947 ],
					[ 29.0159792607, 41.0291121164 ],
					[ 29.0156989094, 41.0287463865 ],
					[ 29.0154936606, 41.0284729975 ],
					[ 29.0152720651, 41.0281778299 ],
					[ 29.0149659918, 41.0277715063 ]
				]
			},
			"properties" : {
				"ISIM_HAT" : "Üsküdar-Aşiyan",
				"TUR_HAT" : "Şehir Hatları",
				"HAT_ROTA" : "Üsküdar-Aşiyan"
			}
		},
		{
			"type" : "Feature",
			"geometry" : {
				"type" : "LineString",
				"coordinates" : [
					[ 29.0514175572, 41.0510321851 ],
					[ 29.0368347495, 41.046895514 ],
					[ 29.0227669271, 41.0415933381 ],
					[ 29.0085274428, 41.0369381482 ],
					[ 28.9988260492, 41.0343083429 ],
					[ 28.9953778787, 41.0334683144 ],
					[ 28.9936851377, 41.0332025819 ]
				]
			},
			"properties" : {
				"ISIM_HAT" : "Çengelköy-Kabataş",
				"TUR_HAT" : "Şehir Hatları",
				"HAT_ROTA" : "Çengelköy-Kabataş"
			}
		},
		{
			"type" : "Feature",
			"geometry" : {
				"type" : "LineString",
				"coordinates" : [
					[ 29.0879039343, 41.1733962313 ],
					[ 29.0862620483, 41.175225167 ],
					[ 29.0851571535, 41.1761839057 ],
					[ 29.0839924699, 41.1771944832 ],
					[ 29.0828321422, 41.1779853278 ],
					[ 29.0818205554, 41.1786747697 ],
					[ 29.0804669824, 41.1794104158 ],
					[ 29.0794459909, 41.1799652874 ],
					[ 29.0791388952, 41.1800960494 ],
					[ 29.0768976738, 41.1810503262 ],
					[ 29.075899556, 41.1813689163 ],
					[ 29.0751996679, 41.1816276668 ],
					[ 29.0752245638, 41.1802495525 ],
					[ 29.075306305, 41.1785778127 ],
					[ 29.0748317925, 41.1764519219 ],
					[ 29.0739147811, 41.174410382 ],
					[ 29.072449519, 41.1723543931 ],
					[ 29.0715879734, 41.1715168961 ],
					[ 29.0706985052, 41.1706522268 ],
					[ 29.0701757222, 41.1702842626 ],
					[ 29.0686108158, 41.1691827562 ],
					[ 29.0666015272, 41.1681517569 ],
					[ 29.0660674445, 41.167933978 ],
					[ 29.0648881339, 41.1675037585 ],
					[ 29.0640912542, 41.1672130418 ],
					[ 29.0632402922, 41.1669977861 ],
					[ 29.0624927909, 41.1668086952 ],
					[ 29.0611961977, 41.1665661916 ],
					[ 29.0602780326, 41.1664384211 ],
					[ 29.0594549265, 41.1663531425 ],
					[ 29.0586916822, 41.1663105499 ],
					[ 29.0575846542, 41.166269388 ],
					[ 29.0577734798, 41.1651543693 ],
					[ 29.0578750408, 41.1645975747 ],
					[ 29.0579813599, 41.1640412879 ],
					[ 29.0580924332, 41.1634855315 ],
					[ 29.0582082564, 41.1629303297 ],
					[ 29.0583288234, 41.1623757049 ],
					[ 29.0584541312, 41.1618216797 ],
					[ 29.0585841722, 41.1612682792 ],
					[ 29.0587189424, 41.1607155249 ],
					[ 29.0588584354, 41.1601634402 ],
					[ 29.0590026449, 41.1596120483 ],
					[ 29.0591515655, 41.1590613719 ],
					[ 29.059305191, 41.158511435 ],
					[ 29.0594635136, 41.1579622593 ],
					[ 29.0596265283, 41.1574138681 ],
					[ 29.0597942262, 41.1568662846 ],
					[ 29.0599666021, 41.1563195323 ],
					[ 29.0601436473, 41.1557736327 ],
					[ 29.0603253553, 41.1552286082 ],
					[ 29.0605117174, 41.1546844839 ],
					[ 29.0607027261, 41.1541412805 ],
					[ 29.0608983737, 41.1535990212 ],
					[ 29.0610986526, 41.1530577285 ],
					[ 29.0613035517, 41.1525174257 ],
					[ 29.0615130659, 41.1519781353 ],
					[ 29.0617271827, 41.1514398787 ],
					[ 29.0619458958, 41.1509026792 ],
					[ 29.0621691953, 41.1503665584 ],
					[ 29.0623970712, 41.1498315404 ],
					[ 29.0626295135, 41.149297646 ],
					[ 29.0628665136, 41.1487648974 ],
					[ 29.0630781678, 41.1482985023 ],
					[ 29.0632933153, 41.1478330212 ],
					[ 29.0635119474, 41.1473684694 ],
					[ 29.063734059, 41.146904861 ],
					[ 29.0639596404, 41.1464422124 ],
					[ 29.0641886877, 41.1459805378 ],
					[ 29.0644211899, 41.1455198514 ],
					[ 29.0646571421, 41.1450601687 ],
					[ 29.0648965354, 41.1446015047 ],
					[ 29.0651393627, 41.1441438729 ],
					[ 29.0653856152, 41.1436872894 ],
					[ 29.0656352855, 41.1432317686 ],
					[ 29.0658883651, 41.1427773248 ],
					[ 29.0661448465, 41.1423239722 ],
					[ 29.0664047211, 41.1418717252 ],
					[ 29.0666679816, 41.1414205999 ],
					[ 29.0669936525, 41.1408718926 ],
					[ 29.0673243306, 41.1403249015 ],
					[ 29.06766, 41.1397796506 ],
					[ 29.0680006447, 41.1392361678 ],
					[ 29.0683462477, 41.1386944771 ],
					[ 29.0686967929, 41.1381546054 ],
					[ 29.0690522632, 41.1376165796 ],
					[ 29.0694126427, 41.1370804228 ],
					[ 29.0696775107, 41.136692116 ],
					[ 29.069944953, 41.1363048189 ],
					[ 29.0702149621, 41.1359185422 ],
					[ 29.0704875332, 41.135533295 ],
					[ 29.0707403369, 41.1352378194 ],
					[ 29.0709864606, 41.134939137 ],
					[ 29.0712258316, 41.1346373355 ],
					[ 29.0714583807, 41.1343325007 ],
					[ 29.0716840414, 41.1340247214 ],
					[ 29.0719027494, 41.1337140862 ],
					[ 29.0721144402, 41.1334006846 ],
					[ 29.0723190532, 41.1330846081 ],
					[ 29.0724333491, 41.1329018982 ],
					[ 29.072545279, 41.1327183533 ],
					[ 29.0726548332, 41.1325339905 ],
					[ 29.0727620006, 41.1323488278 ],
					[ 29.0728667728, 41.1321628829 ],
					[ 29.0729691376, 41.131976174 ],
					[ 29.0730690864, 41.131788718 ],
					[ 29.0731666107, 41.1316005328 ],
					[ 29.0732616995, 41.1314116373 ],
					[ 29.0733543442, 41.1312220486 ],
					[ 29.0734445362, 41.1310317845 ],
					[ 29.0735322671, 41.1308408649 ],
					[ 29.0736175281, 41.1306493058 ],
					[ 29.073700312, 41.1304571271 ],
					[ 29.0737806089, 41.1302643457 ],
					[ 29.0738584138, 41.1300709814 ],
					[ 29.0739477827, 41.1298400371 ],
					[ 29.0740335939, 41.1296083231 ],
					[ 29.0741158374, 41.1293758707 ],
					[ 29.0741945022, 41.1291427115 ],
					[ 29.0742695783, 41.128908877 ],
					[ 29.0743410535, 41.1286743975 ],
					[ 29.0744089189, 41.1284393063 ],
					[ 29.0744731669, 41.1282036342 ],
					[ 29.0745337878, 41.1279674141 ],
					[ 29.0745907727, 41.1277306768 ],
					[ 29.074644114, 41.1274934546 ],
					[ 29.0746938066, 41.1272557798 ],
					[ 29.0747398418, 41.1270176839 ],
					[ 29.0747822143, 41.1267792002 ],
					[ 29.0748209178, 41.1265403593 ],
					[ 29.0748559471, 41.1263011953 ],
					[ 29.0748872983, 41.1260617388 ],
					[ 29.0749149673, 41.125822024 ],
					[ 29.074938949, 41.1255820815 ],
					[ 29.0749592417, 41.1253419446 ],
					[ 29.0749758415, 41.1251016456 ],
					[ 29.0749887467, 41.124861217 ],
					[ 29.074997957, 41.1246206912 ],
					[ 29.0750034684, 41.1243801006 ],
					[ 29.0750052828, 41.1241394776 ],
					[ 29.0750033974, 41.1238988546 ],
					[ 29.0749978155, 41.1236582649 ],
					[ 29.0749885352, 41.1234177409 ],
					[ 29.0749755588, 41.1231773143 ],
					[ 29.0749588892, 41.1229370182 ],
					[ 29.0749385273, 41.1226968843 ],
					[ 29.0749144763, 41.1224569458 ],
					[ 29.0748742421, 41.1221185605 ],
					[ 29.0748266717, 41.1217807195 ],
					[ 29.0747717769, 41.1214435148 ],
					[ 29.0746883658, 41.1211339618 ],
					[ 29.0746001939, 41.1208251648 ],
					[ 29.0745072714, 41.1205171642 ],
					[ 29.0744096131, 41.1202100033 ],
					[ 29.0742869684, 41.1198448323 ],
					[ 29.074157629, 41.1194809849 ],
					[ 29.0740216202, 41.1191185308 ],
					[ 29.0738789685, 41.1187575403 ],
					[ 29.0737297017, 41.1183980821 ],
					[ 29.0735738473, 41.1180402275 ],
					[ 29.0734114368, 41.1176840433 ],
					[ 29.0732425013, 41.1173296001 ],
					[ 29.0730362249, 41.1169164543 ],
					[ 29.0728210835, 41.1165059021 ],
					[ 29.0725971342, 41.1160980536 ],
					[ 29.0723644361, 41.1156930156 ],
					[ 29.0721230535, 41.1152908966 ],
					[ 29.0718730469, 41.1148918024 ],
					[ 29.0716144852, 41.1144958388 ],
					[ 29.071347436, 41.1141031116 ],
					[ 29.071231566, 41.1139374602 ],
					[ 29.0711037567, 41.1138221859 ],
					[ 29.0709538944, 41.113695101 ],
					[ 29.07079867, 41.1135717536 ],
					[ 29.0706382471, 41.113452271 ],
					[ 29.0704727931, 41.1133367796 ],
					[ 29.0703551135, 41.1132590459 ],
					[ 29.0702351544, 41.1131833314 ],
					[ 29.0701129759, 41.1131096743 ],
					[ 29.0699886405, 41.113038113 ],
					[ 29.0698622108, 41.1129686821 ],
					[ 29.0697337495, 41.1129014165 ],
					[ 29.0696033226, 41.1128363517 ],
					[ 29.0694709965, 41.1127735198 ],
					[ 29.0693368361, 41.1127129528 ],
					[ 29.0692009113, 41.1126546801 ],
					[ 29.0690632895, 41.1125987328 ],
					[ 29.0689240393, 41.1125451376 ],
					[ 29.0687832329, 41.112493923 ],
					[ 29.0686409403, 41.1124451139 ],
					[ 29.0684972336, 41.1123987352 ],
					[ 29.0683521864, 41.1123548099 ],
					[ 29.0682058698, 41.1123133611 ],
					[ 29.0680583596, 41.1122744084 ],
					[ 29.0679097282, 41.1122379731 ],
					[ 29.0677600528, 41.1122040728 ],
					[ 29.0676094079, 41.1121727244 ],
					[ 29.0674578709, 41.1121439438 ],
					[ 29.0673055152, 41.1121177451 ],
					[ 29.0671524216, 41.1120941434 ],
					[ 29.0669986639, 41.1120731482 ],
					[ 29.0668443227, 41.112054772 ],
					[ 29.0666894729, 41.1120390225 ],
					[ 29.0665341953, 41.1120259084 ],
					[ 29.0663785684, 41.1120154368 ],
					[ 29.0662226684, 41.1120076128 ],
					[ 29.0660665748, 41.1120024396 ],
					[ 29.0659103687, 41.1119999207 ],
					[ 29.0657541261, 41.1120000566 ],
					[ 29.0655979268, 41.112002848 ],
					[ 29.0654418506, 41.1120082929 ],
					[ 29.0652859749, 41.1120163883 ],
					[ 29.0651303794, 41.1120271312 ],
					[ 29.0649751417, 41.112040515 ],
					[ 29.0648203416, 41.1120565333 ],
					[ 29.0646660566, 41.1120751784 ],
					[ 29.0645123629, 41.1120964412 ],
					[ 29.0643593417, 41.1121203097 ],
					[ 29.0642070669, 41.1121467737 ],
					[ 29.0640556173, 41.1121758176 ],
					[ 29.0639050681, 41.1122074286 ],
					[ 29.0637554957, 41.1122415892 ],
					[ 29.0636069766, 41.112278283 ],
					[ 29.0634595858, 41.1123174926 ],
					[ 29.0633133953, 41.112359196 ],
					[ 29.0631684814, 41.1124033732 ],
					[ 29.063024917, 41.1124500022 ],
					[ 29.0628827741, 41.1124990585 ],
					[ 29.062742123, 41.1125505183 ],
					[ 29.062603038, 41.1126043561 ],
					[ 29.0624655861, 41.1126605427 ],
					[ 29.0623298393, 41.1127190517 ],
					[ 29.0621958632, 41.1127798522 ],
					[ 29.0620637287, 41.1128429141 ],
					[ 29.0619335005, 41.1129082055 ],
					[ 29.0618052445, 41.1129756945 ],
					[ 29.0616790266, 41.1130453449 ],
					[ 29.0615549093, 41.1131171228 ],
					[ 29.061432955, 41.1131909918 ],
					[ 29.0613132274, 41.1132669148 ],
					[ 29.0613518946, 41.1130899282 ],
					[ 29.0613866143, 41.1129124735 ],
					[ 29.0614173776, 41.1127346021 ],
					[ 29.0614441766, 41.1125563644 ],
					[ 29.0614670034, 41.1123778097 ],
					[ 29.0614858502, 41.1121989903 ],
					[ 29.061500714, 41.1120199565 ],
					[ 29.0615115882, 41.1118407579 ],
					[ 29.0615184707, 41.1116614466 ],
					[ 29.0615213609, 41.111482074 ],
					[ 29.0615202559, 41.1113026886 ],
					[ 29.0615151572, 41.1111233437 ],
					[ 29.0615060653, 41.1109440886 ],
					[ 29.0614929844, 41.1107649749 ],
					[ 29.0614759172, 41.1105860528 ],
					[ 29.0614548692, 41.1104073739 ],
					[ 29.0614298454, 41.1102289885 ],
					[ 29.0614008548, 41.1100509471 ],
					[ 29.0613679027, 41.1098733003 ],
					[ 29.0613310014, 41.1096960976 ],
					[ 29.0612901597, 41.1095193904 ],
					[ 29.061245389, 41.1093432284 ],
					[ 29.0611967028, 41.1091676621 ],
					[ 29.0611441158, 41.1089927401 ],
					[ 29.0610876418, 41.1088185131 ],
					[ 29.0610272967, 41.1086450298 ],
					[ 29.0609630977, 41.1084723398 ],
					[ 29.0608950631, 41.1083004911 ],
					[ 29.0608232126, 41.1081295341 ],
					[ 29.0607475669, 41.1079595168 ],
					[ 29.0606681468, 41.1077904862 ],
					[ 29.0605849742, 41.107622491 ],
					[ 29.0604980746, 41.1074555801 ],
					[ 29.0604074713, 41.1072897986 ],
					[ 29.060313191, 41.1071251946 ],
					[ 29.0602152591, 41.106961815 ],
					[ 29.0601137037, 41.106799706 ],
					[ 29.0600085539, 41.1066389128 ],
					[ 29.0598998412, 41.1064794816 ],
					[ 29.0597875934, 41.1063214585 ],
					[ 29.0596718447, 41.1061648862 ],
					[ 29.0595526263, 41.1060098116 ],
					[ 29.0594299736, 41.1058562765 ],
					[ 29.0593039203, 41.1057043253 ],
					[ 29.0591745028, 41.1055540015 ],
					[ 29.0590417562, 41.1054053467 ],
					[ 29.0589057215, 41.1052584037 ],
					[ 29.058766434, 41.1051132149 ],
					[ 29.0586239346, 41.1049698196 ],
					[ 29.0584782634, 41.1048282602 ],
					[ 29.0583294625, 41.1046885758 ],
					[ 29.0581775732, 41.1045508074 ],
					[ 29.0580226388, 41.1044149921 ],
					[ 29.0578647029, 41.1042811689 ],
					[ 29.0577038114, 41.1041493771 ],
					[ 29.0575400089, 41.1040196521 ],
					[ 29.0573733427, 41.1038920329 ],
					[ 29.0572038597, 41.1037665532 ],
					[ 29.0570316071, 41.1036432504 ],
					[ 29.0568566355, 41.103522159 ],
					[ 29.0566789922, 41.1034033137 ],
					[ 29.0564987301, 41.1032867472 ],
					[ 29.0563158988, 41.1031724934 ],
					[ 29.0561305502, 41.103060584 ],
					[ 29.0562765479, 41.1028085429 ],
					[ 29.0564195848, 41.1025555329 ],
					[ 29.0565596488, 41.1023015726 ],
					[ 29.0566967299, 41.1020466828 ],
					[ 29.056830816, 41.1017908841 ],
					[ 29.0569618975, 41.1015341953 ],
					[ 29.0570899644, 41.101276637 ],
					[ 29.057215007, 41.1010182309 ],
					[ 29.0573370144, 41.1007589948 ],
					[ 29.0574559767, 41.1004989511 ],
					[ 29.0575718854, 41.1002381197 ],
					[ 29.0576847318, 41.0999765212 ],
					[ 29.0577945073, 41.0997141761 ],
					[ 29.0579012011, 41.0994511043 ],
					[ 29.0580048081, 41.0991873274 ],
					[ 29.0581053172, 41.0989228659 ],
					[ 29.0582027223, 41.0986577405 ],
					[ 29.0582970148, 41.0983919718 ],
					[ 29.0583881884, 41.0981255815 ],
					[ 29.0584762346, 41.0978585902 ],
					[ 29.0585611472, 41.0975910185 ],
					[ 29.0586429199, 41.0973228872 ],
					[ 29.0587215465, 41.0970542186 ],
					[ 29.0587970196, 41.0967850326 ],
					[ 29.0588693354, 41.0965153515 ],
					[ 29.0589384853, 41.0962451953 ],
					[ 29.0590044667, 41.0959745863 ],
					[ 29.059067272, 41.0957035452 ],
					[ 29.0591268987, 41.0954320936 ],
					[ 29.0591833406, 41.0951602522 ],
					[ 29.0592365938, 41.0948880435 ],
					[ 29.0592866545, 41.0946154872 ],
					[ 29.0593335188, 41.0943426067 ],
					[ 29.0593771818, 41.0940694227 ],
					[ 29.0594176407, 41.0937959559 ],
					[ 29.059454893, 41.0935222288 ],
					[ 29.0594889359, 41.0932482621 ],
					[ 29.0595197657, 41.0929740782 ],
					[ 29.0595473796, 41.0926996988 ],
					[ 29.0595717787, 41.0924251437 ],
					[ 29.0595929566, 41.092150437 ],
					[ 29.0596109156, 41.0918755979 ],
					[ 29.0596256517, 41.0916006495 ],
					[ 29.0596371659, 41.0913256136 ],
					[ 29.0596454556, 41.09105051 ],
					[ 29.0596505204, 41.090775363 ],
					[ 29.0596523614, 41.0905001923 ],
					[ 29.0596509769, 41.0902250195 ],
					[ 29.0596463669, 41.0899498673 ],
					[ 29.0596385333, 41.0896747572 ],
					[ 29.0596274759, 41.0893997099 ],
					[ 29.0596131956, 41.0891247479 ],
					[ 29.0595956934, 41.088849892 ],
					[ 29.0595749702, 41.0885751646 ],
					[ 29.0595510293, 41.0883005866 ],
					[ 29.0595238716, 41.0880261804 ],
					[ 29.0594934992, 41.0877519676 ],
					[ 29.0594599154, 41.087477969 ],
					[ 29.0594231223, 41.0872042062 ],
					[ 29.0593831221, 41.0869307008 ],
					[ 29.059339918, 41.0866574745 ],
					[ 29.0592935158, 41.086384549 ],
					[ 29.0592439163, 41.0861119457 ],
					[ 29.0591911241, 41.0858396855 ],
					[ 29.059128924, 41.0855385193 ],
					[ 29.0590628167, 41.0852378299 ],
					[ 29.0589928111, 41.0849376471 ],
					[ 29.0589189118, 41.0846379978 ],
					[ 29.0588411279, 41.0843389129 ],
					[ 29.058759465, 41.0840404193 ],
					[ 29.0586739334, 41.0837425477 ],
					[ 29.0585845399, 41.0834453262 ],
					[ 29.0584912925, 41.0831487826 ],
					[ 29.0583942015, 41.0828529467 ],
					[ 29.0582932761, 41.0825578466 ],
					[ 29.0581885255, 41.0822635102 ],
					[ 29.05807996, 41.0819699674 ],
					[ 29.0579675911, 41.0816772442 ],
					[ 29.0578514293, 41.0813853705 ],
					[ 29.0577314848, 41.0810943743 ],
					[ 29.0574538058, 41.0806001023 ],
					[ 29.0571723661, 41.0801070514 ],
					[ 29.0568871741, 41.0796152369 ],
					[ 29.0565982389, 41.0791246759 ],
					[ 29.05630557, 41.0786353838 ],
					[ 29.0560091791, 41.0781473777 ],
					[ 29.0557090744, 41.0776606731 ],
					[ 29.0554052664, 41.0771752871 ],
					[ 29.0550977657, 41.0766912359 ],
					[ 29.0547865827, 41.076208534 ],
					[ 29.0544717269, 41.0757271986 ],
					[ 29.0541532088, 41.0752472459 ],
					[ 29.0538310413, 41.0747686923 ],
					[ 29.0535052325, 41.0742915521 ],
					[ 29.0531757943, 41.0738158416 ],
					[ 29.0528427382, 41.073341578 ],
					[ 29.0526077883, 41.0729265422 ],
					[ 29.052376058, 41.0725104716 ],
					[ 29.0521475554, 41.0720933799 ],
					[ 29.0519222885, 41.0716752824 ],
					[ 29.0516411416, 41.0711433823 ],
					[ 29.0513652305, 41.0706099155 ],
					[ 29.0510945704, 41.07007491 ],
					[ 29.050829175, 41.0695383976 ],
					[ 29.0505690615, 41.0690004055 ],
					[ 29.0503142413, 41.0684609652 ],
					[ 29.0500647306, 41.0679201058 ],
					[ 29.0498205418, 41.0673778571 ],
					[ 29.0495816888, 41.0668342498 ],
					[ 29.049348184, 41.0662893139 ],
					[ 29.0491200411, 41.0657430783 ],
					[ 29.0488972716, 41.0651955746 ],
					[ 29.0486798891, 41.0646468318 ],
					[ 29.0484679037, 41.0640968815 ],
					[ 29.0482613281, 41.0635457535 ],
					[ 29.0480601722, 41.0629934787 ],
					[ 29.0478658985, 41.0624442434 ],
					[ 29.0476769837, 41.0618939383 ],
					[ 29.0474934416, 41.0613425921 ],
					[ 29.0473152799, 41.0607902366 ],
					[ 29.0471425099, 41.0602369016 ],
					[ 29.0469751383, 41.0596826159 ],
					[ 29.0468131764, 41.0591274104 ],
					[ 29.0466566319, 41.0585713165 ],
					[ 29.0465055137, 41.0580143632 ],
					[ 29.0463598285, 41.0574565803 ],
					[ 29.0462195864, 41.0568979994 ],
					[ 29.0460847927, 41.0563386504 ],
					[ 29.0459554565, 41.0557785647 ],
					[ 29.045831583, 41.0552177704 ],
					[ 29.0457131799, 41.0546563008 ],
					[ 29.0456002528, 41.054094185 ],
					[ 29.0454928082, 41.0535314534 ],
					[ 29.0453908513, 41.0529681368 ],
					[ 29.0452943888, 41.0524042669 ],
					[ 29.0452034237, 41.0518398724 ],
					[ 29.0451179624, 41.0512749867 ],
					[ 29.0450380093, 41.0507096378 ],
					[ 29.0449635683, 41.0501438581 ],
					[ 29.0448946426, 41.0495776783 ],
					[ 29.0448312376, 41.0490111291 ],
					[ 29.0447733548, 41.0484442411 ],
					[ 29.0447209987, 41.047877045 ],
					[ 29.0446741709, 41.0473095713 ],
					[ 29.0446328732, 41.0467418526 ],
					[ 29.0445971099, 41.0461739177 ],
					[ 29.0445668802, 41.0456057989 ],
					[ 29.0445421884, 41.0450375271 ],
					[ 29.044229956, 41.0450637898 ],
					[ 29.043916995, 41.0450844962 ],
					[ 29.0436034782, 41.0450996351 ],
					[ 29.0432895781, 41.0451091981 ],
					[ 29.0429754686, 41.0451131803 ],
					[ 29.0426613222, 41.0451115786 ],
					[ 29.0423473115, 41.0451043944 ],
					[ 29.0420336101, 41.0450916311 ],
					[ 29.0417203917, 41.0450732971 ],
					[ 29.0414078275, 41.0450494013 ],
					[ 29.0410960909, 41.0450199576 ],
					[ 29.0407853531, 41.0449849818 ],
					[ 29.0404757852, 41.0449444926 ],
					[ 29.0401675593, 41.0448985139 ],
					[ 29.039860843, 41.0448470695 ],
					[ 29.039555807, 41.0447901888 ],
					[ 29.0392526187, 41.044727903 ],
					[ 29.0389514465, 41.044660245 ],
					[ 29.0386524542, 41.044587254 ],
					[ 29.0383558077, 41.0445089701 ],
					[ 29.0380616717, 41.0444254352 ],
					[ 29.0377702063, 41.0443366958 ],
					[ 29.0374815736, 41.0442428008 ],
					[ 29.0371959312, 41.044143803 ],
					[ 29.0369134377, 41.0440397559 ],
					[ 29.0366342481, 41.0439307167 ],
					[ 29.0363585174, 41.0438167461 ],
					[ 29.0360863969, 41.0436979058 ],
					[ 29.0358180356, 41.0435742637 ],
					[ 29.0355535836, 41.0434458849 ],
					[ 29.0352931838, 41.0433128427 ],
					[ 29.0350369813, 41.0431752095 ],
					[ 29.034785118, 41.0430330604 ],
					[ 29.0345377317, 41.0428864749 ],
					[ 29.0342949581, 41.0427355324 ],
					[ 29.0340569328, 41.0425803179 ],
					[ 29.0338237841, 41.0424209154 ],
					[ 29.033595644, 41.0422574142 ],
					[ 29.033372636, 41.0420899026 ],
					[ 29.0331548825, 41.0419184746 ],
					[ 29.0329425047, 41.041743224 ],
					[ 29.0327356199, 41.041564247 ],
					[ 29.0325343409, 41.041381643 ],
					[ 29.032338778, 41.0411955119 ],
					[ 29.0321490416, 41.0410059564 ],
					[ 29.0319652334, 41.0408130818 ],
					[ 29.0317874566, 41.0406169926 ],
					[ 29.0316158083, 41.0404177995 ],
					[ 29.0314503832, 41.0402156096 ],
					[ 29.0312912723, 41.0400105361 ],
					[ 29.0311385631, 41.0398026916 ],
					[ 29.0309923397, 41.0395921902 ],
					[ 29.0308526822, 41.0393791478 ],
					[ 29.0307196685, 41.0391636822 ],
					[ 29.0305933719, 41.0389459121 ],
					[ 29.0304738607, 41.0387259576 ],
					[ 29.0303612019, 41.0385039402 ],
					[ 29.0302554568, 41.0382799809 ],
					[ 29.030156683, 41.0380542046 ],
					[ 29.0300649368, 41.0378267351 ],
					[ 29.0299802663, 41.037597698 ],
					[ 29.0299027195, 41.0373672188 ],
					[ 29.0298323397, 41.037135425 ],
					[ 29.0297691641, 41.0369024446 ],
					[ 29.0293844289, 41.0368808801 ],
					[ 29.0289994889, 41.0368615312 ],
					[ 29.0286143667, 41.0368443973 ],
					[ 29.0282290825, 41.0368294803 ],
					[ 29.0278436612, 41.0368167822 ],
					[ 29.0274581218, 41.0368063015 ],
					[ 29.0270724904, 41.03679804 ],
					[ 29.0266867859, 41.036791999 ],
					[ 29.0263010322, 41.0367881767 ],
					[ 29.0259152517, 41.0367865752 ],
					[ 29.0255294658, 41.0367871937 ],
					[ 29.0251436972, 41.0367900334 ],
					[ 29.0247579683, 41.0367950917 ],
					[ 29.0243723016, 41.0368023707 ],
					[ 29.0239867199, 41.0368118686 ],
					[ 29.0236012432, 41.0368235857 ],
					[ 29.0232158953, 41.0368375204 ],
					[ 29.0228306988, 41.0368536729 ],
					[ 29.0224456763, 41.0368720415 ],
					[ 29.0220608479, 41.0368926256 ],
					[ 29.0216762385, 41.0369154236 ],
					[ 29.0212918673, 41.0369404346 ],
					[ 29.0209077591, 41.0369676572 ],
					[ 29.0205239354, 41.0369970888 ],
					[ 29.0201404176, 41.0370287296 ],
					[ 29.0197572281, 41.0370625753 ],
					[ 29.0193743897, 41.0370986261 ],
					[ 29.0189919236, 41.0371368795 ],
					[ 29.0186098526, 41.037177332 ],
					[ 29.0182281992, 41.037219983 ],
					[ 29.0178469835, 41.037264829 ],
					[ 29.0174662295, 41.0373118675 ],
					[ 29.0170859584, 41.0373610961 ],
					[ 29.0167061918, 41.0374125113 ],
					[ 29.0163269522, 41.0374661106 ],
					[ 29.015948261, 41.0375218915 ],
					[ 29.0155701409, 41.0375798496 ],
					[ 29.0151926132, 41.0376399826 ],
					[ 29.0148156994, 41.0377022869 ],
					[ 29.0144394221, 41.0377667574 ],
					[ 29.0136024358, 41.0379472876 ],
					[ 29.0128524595, 41.038166487 ],
					[ 29.0120663409, 41.0384148908 ],
					[ 29.0113449655, 41.0386802993 ],
					[ 29.0107447955, 41.0389440875 ],
					[ 29.010033123, 41.0392963805 ],
					[ 29.0091958221, 41.0397339294 ],
					[ 29.0086623333, 41.040058114 ],
					[ 29.0080897975, 41.0404677277 ],
					[ 29.0073618374, 41.0410405055 ],
					[ 29.0073128261, 41.0406611609 ],
					[ 29.0071671784, 41.0403025438 ],
					[ 29.0069470973, 41.0398718129 ],
					[ 29.0065959567, 41.0393684795 ],
					[ 29.0062728629, 41.0389923235 ],
					[ 29.0046665783, 41.0376574991 ],
					[ 29.0030214473, 41.0364586552 ],
					[ 29.0020108763, 41.0358645582 ],
					[ 29.0008345215, 41.0353356773 ],
					[ 28.9998592604, 41.0349126772 ],
					[ 28.9989590793, 41.03451891 ],
					[ 28.9980016329, 41.0341675222 ],
					[ 28.9972683146, 41.033975315 ],
					[ 28.9966094162, 41.0338552244 ],
					[ 28.995871774, 41.0336637613 ],
					[ 28.9952290904, 41.0335122373 ],
					[ 28.9949407135, 41.0334412282 ],
					[ 28.9946178226, 41.0333639608 ],
					[ 28.9941860832, 41.0332518788 ],
					[ 28.9936851377, 41.0332025819 ],
					[ 28.9941551006, 41.0327583633 ],
					[ 28.9945596075, 41.0323306755 ],
					[ 28.9947536374, 41.0317520549 ],
					[ 28.9947224109, 41.0313229474 ],
					[ 28.994560369, 41.0308069319 ],
					[ 28.9942288958, 41.0302608486 ],
					[ 28.9923793107, 41.0283708219 ],
					[ 28.990657049, 41.0269928745 ],
					[ 28.9863299854, 41.0241670561 ],
					[ 28.9817090778, 41.02160465 ],
					[ 28.9751598563, 41.0175457041 ]
				]
			},
			"properties" : {
				"ISIM_HAT" : "Boğazdan Geliş-Boğaza Gidiş",
				"TUR_HAT" : "Şehir Hatları",
				"HAT_ROTA" : "Anadolu Kavağı-Rumeli Kavağı-Sarıyer-İstinye-Emirgan-Beylerbeyi-Kuzguncuk-Beşiktaş-Kabataş-Eminönü"
			}
		},
		{
			"type" : "Feature",
			"geometry" : {
				"type" : "LineString",
				"coordinates" : [
					[ 29.0149659918, 41.0277715063 ],
					[ 29.0145555354, 41.0277553462 ],
					[ 29.0141017386, 41.0277409605 ],
					[ 29.013834996, 41.027680392 ],
					[ 29.013374751, 41.0275758835 ],
					[ 29.0127508909, 41.0273325348 ],
					[ 29.0121238944, 41.027093857 ],
					[ 29.0114938215, 41.0268598741 ],
					[ 29.010860735, 41.0266306081 ],
					[ 29.0102246961, 41.0264060819 ],
					[ 29.0095857663, 41.0261863178 ],
					[ 29.008944007, 41.0259713351 ],
					[ 29.0082994819, 41.0257611567 ],
					[ 29.0076522526, 41.025555803 ],
					[ 29.0070023826, 41.0253552926 ],
					[ 29.006349936, 41.0251596456 ],
					[ 29.005694974, 41.0249688816 ],
					[ 29.0050375617, 41.0247830181 ],
					[ 29.004377764, 41.0246020745 ],
					[ 29.0037156425, 41.0244260668 ],
					[ 29.0030512645, 41.0242550133 ],
					[ 29.0023846925, 41.0240889309 ],
					[ 29.0017159917, 41.0239278344 ],
					[ 29.0010452271, 41.0237717398 ],
					[ 29.0003724636, 41.0236206627 ],
					[ 28.9996977688, 41.0234746183 ],
					[ 28.9990212052, 41.0233336204 ],
					[ 28.9983428403, 41.0231976814 ],
					[ 28.9976627391, 41.0230668162 ],
					[ 28.996980969, 41.0229410371 ],
					[ 28.9962975952, 41.0228203563 ],
					[ 28.995612685, 41.0227047842 ],
					[ 28.9949263036, 41.0225943341 ],
					[ 28.9942385195, 41.0224890163 ],
					[ 28.9935493979, 41.0223888397 ],
					[ 28.9928590074, 41.0222938154 ],
					[ 28.9921674131, 41.0222039513 ],
					[ 28.9914746837, 41.0221192578 ],
					[ 28.9907808854, 41.0220397419 ],
					[ 28.990086087, 41.0219654122 ],
					[ 28.989390356, 41.0218962747 ],
					[ 28.9886937586, 41.0218323371 ],
					[ 28.9879963636, 41.0217736054 ],
					[ 28.9872982373, 41.0217200857 ],
					[ 28.9865994496, 41.0216717821 ],
					[ 28.9859000681, 41.0216287005 ],
					[ 28.985200159, 41.0215908444 ],
					[ 28.9844997924, 41.0215582169 ],
					[ 28.9837990345, 41.0215308232 ],
					[ 28.9830979553, 41.0215086638 ],
					[ 28.9844997924, 41.0215582169 ],
					[ 28.9819773773, 41.0215592906 ],
					[ 28.9800157864, 41.0215471885 ],
					[ 28.9776747453, 41.0216165011 ],
					[ 28.9765707069, 41.0217608047 ],
					[ 28.9740817119, 41.0179947227 ]
				]
			},
			"properties" : {
				"ISIM_HAT" : "Üsküdar-Karaköy-Eminönü",
				"TUR_HAT" : "Şehir Hatları",
				"HAT_ROTA" : "Üsküdar-Karaköy-Eminönü"
			}
		},
		{
			"type" : "Feature",
			"geometry" : {
				"type" : "LineString",
				"coordinates" : [
					[ 28.9936851377, 41.0332025819 ],
					[ 28.9944351725, 41.0332941653 ],
					[ 28.9951823629, 41.0334007437 ],
					[ 28.9958481252, 41.033482784 ],
					[ 28.9966335757, 41.0335563323 ],
					[ 28.9975388034, 41.0336156701 ],
					[ 28.9977594481, 41.0336304547 ],
					[ 28.9979725862, 41.0336423137 ],
					[ 28.9982045983, 41.0336543374 ],
					[ 28.9984196463, 41.0336647832 ],
					[ 28.9986572784, 41.0336797128 ],
					[ 28.9988988601, 41.0336832415 ],
					[ 28.9991121273, 41.0336865229 ],
					[ 28.9992839569, 41.0336837272 ],
					[ 28.9994944418, 41.0336838475 ],
					[ 28.9997178549, 41.0336820149 ],
					[ 29.0002310462, 41.0336628522 ],
					[ 29.0005963108, 41.0336209354 ],
					[ 29.0009607096, 41.0335749003 ],
					[ 29.0013241628, 41.033524757 ],
					[ 29.0016865868, 41.0334705175 ],
					[ 29.0020479031, 41.0334121937 ],
					[ 29.0024080304, 41.0333497984 ],
					[ 29.00276689, 41.0332833444 ],
					[ 29.0031244008, 41.0332128481 ],
					[ 29.0034804839, 41.0331383233 ],
					[ 29.0038350594, 41.0330597891 ],
					[ 29.0041880497, 41.0329772611 ],
					[ 29.0045393759, 41.0328907576 ],
					[ 29.0048889605, 41.0328002984 ],
					[ 29.0052367233, 41.0327059038 ],
					[ 29.0055825903, 41.0326075947 ],
					[ 29.0059264827, 41.032505392 ],
					[ 29.006268325, 41.0323993203 ],
					[ 29.0066080409, 41.0322894015 ],
					[ 29.0069455549, 41.0321756601 ],
					[ 29.0072807918, 41.0320581217 ],
					[ 29.0076136761, 41.0319368135 ],
					[ 29.0079441362, 41.0318117611 ],
					[ 29.0082720977, 41.0316829926 ],
					[ 29.0085974866, 41.0315505363 ],
					[ 29.0089202321, 41.031414423 ],
					[ 29.0092402624, 41.031274681 ],
					[ 29.0095575045, 41.031131343 ],
					[ 29.0098718902, 41.03098444 ],
					[ 29.0101833486, 41.0308340055 ],
					[ 29.0104918104, 41.0306800715 ],
					[ 29.0107972072, 41.0305226733 ],
					[ 29.0110994719, 41.0303618456 ],
					[ 29.0113985361, 41.0301976238 ],
					[ 29.0116943338, 41.0300300452 ],
					[ 29.0119868004, 41.0298591461 ],
					[ 29.0122758697, 41.0296849657 ],
					[ 29.012561477, 41.0295075412 ],
					[ 29.0128435599, 41.0293269126 ],
					[ 29.0131220559, 41.0291431209 ],
					[ 29.0133969025, 41.0289562052 ],
					[ 29.0136680397, 41.028766209 ],
					[ 29.0139354063, 41.0285731734 ],
					[ 29.014198942, 41.028377141 ],
					[ 29.0144585903, 41.0281781565 ],
					[ 29.0147142925, 41.0279762634 ],
					[ 29.0149659918, 41.0277715063 ],
					[ 29.0150651222, 41.0279983218 ],
					[ 29.0151696319, 41.0282237488 ],
					[ 29.0152794898, 41.0284477122 ],
					[ 29.0153946578, 41.0286701415 ],
					[ 29.015515099, 41.0288909625 ],
					[ 29.0156407753, 41.0291101046 ],
					[ 29.0157716462, 41.0293274964 ],
					[ 29.0159076676, 41.0295430673 ],
					[ 29.0160487965, 41.0297567474 ],
					[ 29.0161949877, 41.029968467 ],
					[ 29.0163461923, 41.0301781583 ],
					[ 29.0165023625, 41.0303857522 ],
					[ 29.0166634471, 41.0305911819 ],
					[ 29.0168293936, 41.03079438 ],
					[ 29.0170001483, 41.0309952805 ],
					[ 29.0171756564, 41.0311938198 ],
					[ 29.0173558605, 41.0313899316 ],
					[ 29.0175407021, 41.0315835534 ],
					[ 29.0177301216, 41.0317746215 ],
					[ 29.0179240568, 41.0319630741 ],
					[ 29.0181224446, 41.0321488496 ],
					[ 29.0183252215, 41.0323318888 ],
					[ 29.018532322, 41.0325121316 ],
					[ 29.0187436778, 41.0326895198 ],
					[ 29.0189592209, 41.0328639953 ],
					[ 29.0191788809, 41.0330355016 ],
					[ 29.0194025871, 41.0332039821 ],
					[ 29.0196302667, 41.0333693841 ],
					[ 29.0198618455, 41.0335316529 ],
					[ 29.0200972494, 41.0336907356 ],
					[ 29.0203363995, 41.0338465801 ],
					[ 29.0205792204, 41.0339991372 ],
					[ 29.0208256331, 41.0341483566 ],
					[ 29.0210755577, 41.0342941891 ],
					[ 29.0213289113, 41.034436588 ],
					[ 29.0215856128, 41.0345755075 ],
					[ 29.0218455794, 41.034710902 ],
					[ 29.0221087263, 41.0348427274 ],
					[ 29.0223749683, 41.0349709415 ],
					[ 29.0226442181, 41.0350955014 ],
					[ 29.0229163895, 41.0352163684 ],
					[ 29.0231913925, 41.0353335021 ],
					[ 29.0234691386, 41.0354468639 ],
					[ 29.0237495391, 41.0355564189 ],
					[ 29.0240325006, 41.0356621293 ],
					[ 29.0243179318, 41.0357639628 ],
					[ 29.0246057418, 41.0358618853 ],
					[ 29.0248958346, 41.0359558645 ],
					[ 29.0251881178, 41.0360458708 ],
					[ 29.0254824956, 41.0361318744 ],
					[ 29.025778872, 41.0362138485 ],
					[ 29.0260771521, 41.0362917644 ],
					[ 29.0263772389, 41.0363655986 ],
					[ 29.0266790338, 41.0364353261 ],
					[ 29.0269824385, 41.0365009253 ],
					[ 29.027287357, 41.0365623737 ],
					[ 29.0275936871, 41.0366196524 ],
					[ 29.0279013316, 41.0366727418 ],
					[ 29.0282101908, 41.0367216257 ],
					[ 29.0285201614, 41.0367662869 ],
					[ 29.0288311461, 41.0368067121 ],
					[ 29.0291430427, 41.0368428877 ],
					[ 29.029455749, 41.0368748021 ],
					[ 29.0297691641, 41.0369024446 ],
					[ 29.0298573589, 41.0371621878 ],
					[ 29.0299481579, 41.0374214161 ],
					[ 29.030041558, 41.0376801143 ],
					[ 29.0301375533, 41.0379382669 ],
					[ 29.0302361381, 41.0381958596 ],
					[ 29.0303373069, 41.0384528778 ],
					[ 29.0304410526, 41.0387093062 ],
					[ 29.0305473708, 41.0389651295 ],
					[ 29.0306562557, 41.039220334 ],
					[ 29.0307676994, 41.0394749044 ],
					[ 29.030881696, 41.0397288253 ],
					[ 29.0309982399, 41.0399820832 ],
					[ 29.0311173242, 41.0402346627 ],
					[ 29.0312389408, 41.0404865502 ],
					[ 29.031363084, 41.0407377294 ],
					[ 29.0314897457, 41.0409881877 ],
					[ 29.031618919, 41.0412379088 ],
					[ 29.031750597, 41.04148688 ],
					[ 29.0318847716, 41.041735085 ],
					[ 29.0320214347, 41.0419825112 ],
					[ 29.0321605795, 41.042229144 ],
					[ 29.0323021966, 41.0424749682 ],
					[ 29.0324462791, 41.04271997 ],
					[ 29.0325928178, 41.042964136 ],
					[ 29.0327418045, 41.0432074507 ],
					[ 29.0328932312, 41.0434499014 ],
					[ 29.0330470886, 41.0436914737 ],
					[ 29.0332033673, 41.043932153 ],
					[ 29.0333620593, 41.0441719258 ],
					[ 29.0335231553, 41.0444107785 ],
					[ 29.033686646, 41.0446486966 ],
					[ 29.0338525209, 41.0448856664 ],
					[ 29.0341140068, 41.0452506352 ],
					[ 29.0343811486, 41.0456132475 ],
					[ 29.0346539113, 41.0459734544 ],
					[ 29.0349322577, 41.0463312059 ],
					[ 29.0352161481, 41.0466864522 ],
					[ 29.0355055429, 41.0470391443 ],
					[ 29.0358004036, 41.0473892323 ],
					[ 29.0361006893, 41.0477366699 ],
					[ 29.0364298679, 41.0481075635 ],
					[ 29.036765228, 41.0484752706 ],
					[ 29.0371067171, 41.0488397324 ],
					[ 29.0374542789, 41.0492008897 ],
					[ 29.0378078573, 41.0495586854 ],
					[ 29.0381673973, 41.0499130612 ],
					[ 29.0385328413, 41.0502639609 ],
					[ 29.0389041286, 41.050611327 ],
					[ 29.0392193862, 41.0509599537 ],
					[ 29.0395317086, 41.0513100912 ],
					[ 29.0398410853, 41.0516617259 ],
					[ 29.0401475033, 41.0520148424 ],
					[ 29.0404509485, 41.0523694281 ],
					[ 29.0407514093, 41.0527254676 ],
					[ 29.041048875, 41.0530829464 ],
					[ 29.0413433317, 41.0534418508 ],
					[ 29.0416315369, 41.0537981435 ],
					[ 29.0419167789, 41.0541558019 ],
					[ 29.0421990437, 41.0545148108 ],
					[ 29.0424783207, 41.0548751574 ],
					[ 29.0427546006, 41.0552368264 ],
					[ 29.0430278704, 41.0555998041 ],
					[ 29.0432981197, 41.0559640752 ],
					[ 29.0435653378, 41.0563296262 ],
					[ 29.0438295143, 41.0566964425 ],
					[ 29.0440906386, 41.0570645088 ],
					[ 29.0443487002, 41.0574338124 ],
					[ 29.0446036898, 41.0578043361 ],
					[ 29.0448555956, 41.0581760673 ],
					[ 29.0451044083, 41.0585489915 ],
					[ 29.0453501186, 41.0589230916 ],
					[ 29.0455927158, 41.0592983556 ],
					[ 29.0459634936, 41.0598837547 ],
					[ 29.0463266951, 41.0604718704 ],
					[ 29.0466822878, 41.0610626449 ],
					[ 29.0470302366, 41.0616560222 ],
					[ 29.0473705077, 41.0622519452 ],
					[ 29.0477030696, 41.062850358 ],
					[ 29.0480278885, 41.0634512027 ],
					[ 29.048344934, 41.0640544225 ],
					[ 29.0484538217, 41.064437529 ],
					[ 29.0485686366, 41.0648196434 ],
					[ 29.0486893617, 41.0652007133 ],
					[ 29.0488159811, 41.0655806855 ],
					[ 29.0489484768, 41.0659595085 ],
					[ 29.0490868304, 41.0663371298 ],
					[ 29.0492310239, 41.066713498 ],
					[ 29.049381039, 41.0670885616 ],
					[ 29.0495368515, 41.0674622681 ],
					[ 29.0496984433, 41.067834566 ],
					[ 29.0498657914, 41.0682054056 ],
					[ 29.0500388716, 41.0685747353 ],
					[ 29.0502176621, 41.0689425037 ],
					[ 29.0504021376, 41.0693086609 ],
					[ 29.0505922714, 41.0696731563 ],
					[ 29.0507880407, 41.0700359402 ],
					[ 29.0509711343, 41.0703646693 ],
					[ 29.0511588545, 41.0706919009 ],
					[ 29.0513511782, 41.0710175988 ],
					[ 29.0515480858, 41.0713417242 ],
					[ 29.0517495529, 41.0716642408 ],
					[ 29.0519555574, 41.0719851123 ],
					[ 29.0521660761, 41.0723043025 ],
					[ 29.0523810859, 41.0726217734 ],
					[ 29.0526005598, 41.0729374897 ],
					[ 29.0528244759, 41.0732514159 ],
					[ 29.0530528061, 41.0735635159 ],
					[ 29.0532855272, 41.0738737543 ],
					[ 29.0535226101, 41.0741820957 ],
					[ 29.053764029, 41.0744885047 ],
					[ 29.054009756, 41.0747929461 ],
					[ 29.0542597642, 41.0750953861 ],
					[ 29.054446447, 41.0753166333 ],
					[ 29.0546354197, 41.0755367636 ],
					[ 29.0548266706, 41.075755765 ],
					[ 29.0550201905, 41.0759736223 ],
					[ 29.0552159652, 41.0761903236 ],
					[ 29.0554139831, 41.0764058543 ],
					[ 29.0556142325, 41.0766202019 ],
					[ 29.0558167017, 41.0768333525 ],
					[ 29.0559749364, 41.0769482137 ],
					[ 29.0561361125, 41.077060709 ],
					[ 29.05630017, 41.0771707937 ],
					[ 29.0564670439, 41.0772784269 ],
					[ 29.0566366707, 41.0773835675 ],
					[ 29.0568089865, 41.0774861744 ],
					[ 29.0569839243, 41.0775862084 ],
					[ 29.0571614177, 41.077683631 ],
					[ 29.0573413985, 41.0777784048 ],
					[ 29.0575237968, 41.0778704942 ],
					[ 29.0577085429, 41.0779598642 ],
					[ 29.057895566, 41.0780464791 ],
					[ 29.0580847963, 41.0781303061 ],
					[ 29.0582761592, 41.0782113138 ],
					[ 29.0584695814, 41.0782894702 ],
					[ 29.0586649884, 41.0783647457 ],
					[ 29.0588515463, 41.0784332584 ],
					[ 29.0590397496, 41.0784991451 ],
					[ 29.059229532, 41.0785623827 ],
					[ 29.0594208308, 41.0786229508 ],
					[ 29.0596135785, 41.0786808283 ],
					[ 29.0598077097, 41.0787359946 ],
					[ 29.0600031582, 41.0787884305 ],
					[ 29.0601998563, 41.0788381201 ],
					[ 29.0603977364, 41.0788850447 ],
					[ 29.060596731, 41.0789291876 ],
					[ 29.0607967723, 41.0789705356 ],
					[ 29.0609977916, 41.0790090729 ],
					[ 29.0611997187, 41.0790447871 ],
					[ 29.0614024861, 41.0790776661 ],
					[ 29.0616060237, 41.0791076976 ],
					[ 29.0618102613, 41.0791348728 ],
					[ 29.0620151276, 41.0791591803 ],
					[ 29.062220555, 41.0791806134 ],
					[ 29.0624264721, 41.0791991651 ],
					[ 29.0626328076, 41.0792148276 ],
					[ 29.0628394901, 41.0792275968 ],
					[ 29.0630464507, 41.0792374667 ],
					[ 29.0632536167, 41.0792444358 ],
					[ 29.0634609192, 41.0792485008 ],
					[ 29.0636682844, 41.0792496603 ],
					[ 29.063875642, 41.0792479136 ],
					[ 29.0640783271, 41.079260396 ],
					[ 29.0644782824, 41.0793301384 ],
					[ 29.0646222675, 41.0793935914 ],
					[ 29.0646659951, 41.0794183661 ],
					[ 29.0647126936, 41.079452163 ],
					[ 29.0647449813, 41.0794992351 ],
					[ 29.0648688933, 41.0796798856 ],
					[ 29.0647446359, 41.079678805 ],
					[ 29.0646588447, 41.0796895442 ],
					[ 29.0645728102, 41.0797174354 ],
					[ 29.0644754324, 41.0797592885 ],
					[ 29.0644341697, 41.0798132614 ],
					[ 29.0643829791, 41.0798859285 ],
					[ 29.0643351532, 41.0799598963 ],
					[ 29.0642907501, 41.0800350758 ],
					[ 29.0642498237, 41.0801113767 ],
					[ 29.0642124228, 41.0801887066 ],
					[ 29.0641785915, 41.0802669731 ],
					[ 29.064148373, 41.0803460803 ],
					[ 29.0641218018, 41.0804259338 ],
					[ 29.0640989103, 41.0805064376 ],
					[ 29.0640797272, 41.0805874937 ],
					[ 29.0640642742, 41.0806690061 ],
					[ 29.0640525706, 41.0807508739 ],
					[ 29.0640446307, 41.0808330002 ],
					[ 29.0640404633, 41.0809152858 ],
					[ 29.0640400744, 41.0809976319 ],
					[ 29.0640434632, 41.0810799375 ],
					[ 29.0640506275, 41.0811621054 ],
					[ 29.0640615579, 41.0812440346 ],
					[ 29.0640762404, 41.0813256279 ],
					[ 29.0640946586, 41.081406786 ],
					[ 29.064116789, 41.0814874114 ],
					[ 29.0641426054, 41.0815674068 ],
					[ 29.0641720784, 41.0816466755 ],
					[ 29.0642051689, 41.0817251226 ],
					[ 29.0642418401, 41.0818026525 ],
					[ 29.064282047, 41.0818791728 ],
					[ 29.0643257397, 41.0819545906 ],
					[ 29.0643728684, 41.0820288143 ],
					[ 29.0644233736, 41.0821017561 ],
					[ 29.0644771947, 41.0821733266 ],
					[ 29.0645342686, 41.0822434403 ],
					[ 29.0645945253, 41.0823120122 ],
					[ 29.064657892, 41.0823789607 ],
					[ 29.0647242914, 41.0824442031 ],
					[ 29.0647936461, 41.0825076623 ],
					[ 29.0648658703, 41.0825692601 ],
					[ 29.0649408781, 41.0826289247 ],
					[ 29.0650185778, 41.0826865824 ],
					[ 29.0650988763, 41.0827421641 ],
					[ 29.0651816782, 41.0827956022 ],
					[ 29.0652668809, 41.0828468339 ],
					[ 29.065354384, 41.0828957953 ],
					[ 29.0654440814, 41.0829424288 ],
					[ 29.0655358632, 41.0829866777 ],
					[ 29.0656296217, 41.0830284889 ],
					[ 29.0657252411, 41.0830678118 ],
					[ 29.065822609, 41.0831045989 ],
					[ 29.0659216046, 41.0831388067 ],
					[ 29.0660221107, 41.083170392 ],
					[ 29.0661240064, 41.0831993186 ],
					[ 29.0662271673, 41.0832255506 ],
					[ 29.06633147, 41.0832490561 ],
					[ 29.0664367888, 41.0832698082 ],
					[ 29.0665429955, 41.0832877806 ],
					[ 29.0663676701, 41.0834531006 ],
					[ 29.0661947368, 41.0836198588 ],
					[ 29.0660242175, 41.0837880329 ],
					[ 29.0658561314, 41.083957605 ],
					[ 29.0656905002, 41.0841285537 ],
					[ 29.0655273409, 41.0843008585 ],
					[ 29.0653666764, 41.0844745006 ],
					[ 29.0652085225, 41.0846494577 ],
					[ 29.065052901, 41.0848257092 ],
					[ 29.0648998287, 41.0850032346 ],
					[ 29.0647493238, 41.0851820124 ],
					[ 29.0646014045, 41.0853620221 ],
					[ 29.0644560879, 41.0855432413 ],
					[ 29.064313392, 41.0857256485 ],
					[ 29.0641733338, 41.0859092233 ],
					[ 29.0640359303, 41.0860939422 ],
					[ 29.0639011973, 41.0862797848 ],
					[ 29.0637691507, 41.0864667278 ],
					[ 29.0636398062, 41.0866547488 ],
					[ 29.0635131796, 41.0868438264 ],
					[ 29.0633892868, 41.0870339381 ],
					[ 29.0632681399, 41.0872250606 ],
					[ 29.063149756, 41.0874171708 ],
					[ 29.0630341485, 41.0876102471 ],
					[ 29.0629213309, 41.0878042661 ],
					[ 29.0628113165, 41.0879992038 ],
					[ 29.0627041177, 41.0881950386 ],
					[ 29.0625997491, 41.0883917455 ],
					[ 29.0624982229, 41.0885893028 ],
					[ 29.062399549, 41.0887876856 ],
					[ 29.0623037408, 41.0889868713 ],
					[ 29.0622108107, 41.089186835 ],
					[ 29.062120632, 41.0893878636 ],
					[ 29.0620333605, 41.0895896254 ],
					[ 29.0619490073, 41.0897920971 ],
					[ 29.0618675836, 41.0899952525 ],
					[ 29.0617890969, 41.0901990701 ],
					[ 29.0617135569, 41.0904035231 ],
					[ 29.0616409749, 41.0906085891 ],
					[ 29.0615713571, 41.0908142418 ],
					[ 29.0615047134, 41.0910204582 ],
					[ 29.0614410502, 41.0912272128 ],
					[ 29.0613803773, 41.0914344817 ],
					[ 29.0613227, 41.0916422395 ],
					[ 29.0612680256, 41.0918504612 ],
					[ 29.0612163618, 41.0920591234 ],
					[ 29.0611677137, 41.0922681991 ],
					[ 29.0611220876, 41.092477664 ],
					[ 29.0610792384, 41.0926887715 ],
					[ 29.0610394595, 41.0929002227 ],
					[ 29.061002755, 41.0931119916 ],
					[ 29.0609691286, 41.093324053 ],
					[ 29.0609385857, 41.0935363808 ],
					[ 29.060911129, 41.0937489507 ],
					[ 29.0608867625, 41.0939617349 ],
					[ 29.0608654877, 41.09417471 ],
					[ 29.0608469018, 41.0943930943 ],
					[ 29.0608315666, 41.0946116239 ],
					[ 29.0608194862, 41.0948302701 ],
					[ 29.0608106621, 41.0950490058 ],
					[ 29.0608045246, 41.0953015684 ],
					[ 29.0608021909, 41.0955884072 ],
					[ 29.0608043098, 41.0957148991 ],
					[ 29.0608106661, 41.0958413103 ],
					[ 29.0608276406, 41.0960263902 ],
					[ 29.060853695, 41.096210866 ],
					[ 29.0608887923, 41.096394481 ],
					[ 29.0609328852, 41.0965769833 ],
					[ 29.0609859118, 41.0967581195 ],
					[ 29.0610477995, 41.0969376406 ],
					[ 29.061118464, 41.097115298 ],
					[ 29.0611978051, 41.0972908462 ],
					[ 29.0612857158, 41.097464042 ],
					[ 29.0613820744, 41.0976346485 ],
					[ 29.0614867464, 41.0978024277 ],
					[ 29.0615995874, 41.097967148 ],
					[ 29.0617204437, 41.0981285838 ],
					[ 29.0618491459, 41.0982865095 ],
					[ 29.0619855173, 41.0984407095 ],
					[ 29.0621293706, 41.0985909686 ],
					[ 29.0622805053, 41.098737081 ],
					[ 29.0624387146, 41.0988788431 ],
					[ 29.0626037776, 41.0990160604 ],
					[ 29.0627754686, 41.0991485429 ],
					[ 29.0629535484, 41.0992761077 ],
					[ 29.0631377731, 41.0993985788 ],
					[ 29.0633278869, 41.099515786 ],
					[ 29.0635236278, 41.0996275684 ],
					[ 29.0637247254, 41.0997337717 ],
					[ 29.0639309007, 41.0998342487 ],
					[ 29.0641418701, 41.0999288601 ],
					[ 29.0643573426, 41.1000174757 ],
					[ 29.0645770187, 41.1000999732 ],
					[ 29.0648005976, 41.1001762387 ],
					[ 29.0650277678, 41.1002461668 ],
					[ 29.0652582174, 41.1003096605 ],
					[ 29.0651882789, 41.1005734686 ],
					[ 29.0651265367, 41.1008384454 ],
					[ 29.0650730276, 41.1011044443 ],
					[ 29.0650277798, 41.1013713197 ],
					[ 29.0649908182, 41.1016389241 ],
					[ 29.0649621639, 41.1019071101 ],
					[ 29.0649418324, 41.1021757309 ],
					[ 29.064929834, 41.1024446391 ],
					[ 29.0649261771, 41.1027136852 ],
					[ 29.0649308625, 41.1029827234 ],
					[ 29.0649438889, 41.1032516032 ],
					[ 29.0649652478, 41.1035201788 ],
					[ 29.0649949283, 41.1037883015 ],
					[ 29.0650329148, 41.1040558234 ],
					[ 29.0650791855, 41.1043225985 ],
					[ 29.0651337166, 41.104588479 ],
					[ 29.0651964756, 41.1048533187 ],
					[ 29.0652674302, 41.1051169723 ],
					[ 29.0653465409, 41.1053792946 ],
					[ 29.0654337633, 41.105640142 ],
					[ 29.0655290509, 41.10589937 ],
					[ 29.065632351, 41.1061568359 ],
					[ 29.065743606, 41.1064123988 ],
					[ 29.0658627563, 41.1066659168 ],
					[ 29.0659897348, 41.1069172525 ],
					[ 29.0661244733, 41.1071662656 ],
					[ 29.0662668965, 41.1074128206 ],
					[ 29.0664169277, 41.1076567808 ],
					[ 29.0665744821, 41.1078980131 ],
					[ 29.0667394746, 41.1081363827 ],
					[ 29.0669118143, 41.1083717608 ],
					[ 29.0670914068, 41.1086040162 ],
					[ 29.0672782298, 41.1088331153 ],
					[ 29.0674721105, 41.1090588352 ],
					[ 29.067672941, 41.1092810525 ],
					[ 29.0678806101, 41.1094996438 ],
					[ 29.0680950051, 41.1097144894 ],
					[ 29.0683160065, 41.109925471 ],
					[ 29.0685434943, 41.1101324726 ],
					[ 29.0687773417, 41.1103353805 ],
					[ 29.0690174217, 41.1105340819 ],
					[ 29.0692636001, 41.1107284677 ],
					[ 29.0695157427, 41.1109184305 ],
					[ 29.0697737093, 41.1111038665 ],
					[ 29.0700373608, 41.1112846736 ],
					[ 29.0703065487, 41.1114607517 ],
					[ 29.0705811267, 41.111632004 ],
					[ 29.0708609425, 41.1117983356 ],
					[ 29.0710604577, 41.1119121327 ],
					[ 29.0712624258, 41.1120234289 ],
					[ 29.0715139236, 41.1121567406 ],
					[ 29.0717689404, 41.112286174 ],
					[ 29.072081321, 41.1124633685 ],
					[ 29.0723967063, 41.1126374933 ],
					[ 29.0727150442, 41.1128085184 ],
					[ 29.0730362804, 41.1129764162 ],
					[ 29.0734382299, 41.1131800601 ],
					[ 29.0738444427, 41.1133788062 ],
					[ 29.0742548159, 41.1135726049 ],
					[ 29.0746692443, 41.1137614058 ],
					[ 29.0751261909, 41.1139617623 ],
					[ 29.0755877046, 41.1141560424 ],
					[ 29.076053642, 41.1143441873 ],
					[ 29.076523861, 41.11452614 ],
					[ 29.0769982181, 41.1147018434 ],
					[ 29.0774765677, 41.1148712441 ],
					[ 29.0779587639, 41.1150342914 ],
					[ 29.0784446596, 41.1151909345 ],
					[ 29.0788807429, 41.1153251158 ],
					[ 29.0793195408, 41.1154541398 ],
					[ 29.0797609467, 41.1155779729 ],
					[ 29.0802048523, 41.1156965857 ],
					[ 29.080651151, 41.1158099501 ],
					[ 29.0810997334, 41.1159180383 ],
					[ 29.0815504903, 41.1160208233 ],
					[ 29.0820033124, 41.1161182816 ],
					[ 29.0824580892, 41.1162103871 ],
					[ 29.0829147101, 41.1162971201 ],
					[ 29.0833730647, 41.116378457 ],
					[ 29.0838330412, 41.11645438 ],
					[ 29.0842945277, 41.11652487 ],
					[ 29.0847574114, 41.1165899091 ],
					[ 29.0852215816, 41.1166494828 ],
					[ 29.085686923, 41.1167035749 ],
					[ 29.0861533235, 41.1167521737 ],
					[ 29.0866206703, 41.1167952666 ],
					[ 29.0870888478, 41.1168328446 ],
					[ 29.0875577453, 41.1168648959 ],
					[ 29.0880272449, 41.1168914151 ],
					[ 29.0884972359, 41.1169123942 ],
					[ 29.0889676015, 41.1169278295 ],
					[ 29.0894382286, 41.1169377155 ],
					[ 29.0899090028, 41.1169420515 ],
					[ 29.0903798096, 41.1169408355 ],
					[ 29.0908505335, 41.1169340685 ],
					[ 29.09132106, 41.1169217514 ],
					[ 29.0917912758, 41.1169038869 ],
					[ 29.0922610665, 41.1168804803 ],
					[ 29.0927303163, 41.1168515372 ],
					[ 29.0931989132, 41.1168170637 ],
					[ 29.0930557134, 41.1170742563 ],
					[ 29.0929154823, 41.1173323823 ],
					[ 29.0927782284, 41.117591423 ],
					[ 29.0926439627, 41.1178513569 ],
					[ 29.0925126963, 41.118112167 ],
					[ 29.0923844391, 41.1183738308 ],
					[ 29.0922592007, 41.1186363295 ],
					[ 29.0921369911, 41.1188996443 ],
					[ 29.0920178178, 41.1191637537 ],
					[ 29.0919016916, 41.1194286379 ],
					[ 29.0917886202, 41.1196942772 ],
					[ 29.0916786133, 41.119960651 ],
					[ 29.0915716795, 41.1202277404 ],
					[ 29.0914678252, 41.1204955231 ],
					[ 29.0913670602, 41.1207639801 ],
					[ 29.0912693907, 41.1210330917 ],
					[ 29.0911748255, 41.1213028355 ],
					[ 29.0910833707, 41.1215731917 ],
					[ 29.0909950338, 41.1218441406 ],
					[ 29.0909098211, 41.1221156615 ],
					[ 29.0908277402, 41.122387733 ],
					[ 29.0907487971, 41.1226603351 ],
					[ 29.0906729959, 41.1229334473 ],
					[ 29.0906003453, 41.1232070481 ],
					[ 29.0905308478, 41.1234811167 ],
					[ 29.0904645122, 41.1237556334 ],
					[ 29.09040134, 41.1240305766 ],
					[ 29.0903413386, 41.1243059257 ],
					[ 29.090284512, 41.1245816591 ],
					[ 29.0902308641, 41.1248577562 ],
					[ 29.0901803987, 41.125134197 ],
					[ 29.0901331209, 41.1254109593 ],
					[ 29.0900890336, 41.1256880231 ],
					[ 29.0900481393, 41.1259653661 ],
					[ 29.0900104419, 41.1262429684 ],
					[ 29.0899759455, 41.1265208075 ],
					[ 29.0899446514, 41.1267988646 ],
					[ 29.0899165625, 41.1270771172 ],
					[ 29.0898916802, 41.1273555437 ],
					[ 29.0898700073, 41.1276341234 ],
					[ 29.0898515452, 41.1279128356 ],
					[ 29.0898362955, 41.1281916587 ],
					[ 29.0898242586, 41.128470572 ],
					[ 29.0898154371, 41.1287495539 ],
					[ 29.0898098302, 41.1290285837 ],
					[ 29.0898074383, 41.1293076389 ],
					[ 29.0898082627, 41.1295866996 ],
					[ 29.0898123028, 41.1298657444 ],
					[ 29.0898195588, 41.1301447524 ],
					[ 29.0898300299, 41.1304237012 ],
					[ 29.089843714, 41.1307025709 ],
					[ 29.0898606126, 41.1309813399 ],
					[ 29.0898807225, 41.1312599866 ],
					[ 29.0899040429, 41.1315384903 ],
					[ 29.0899305729, 41.1318168302 ],
					[ 29.0899603092, 41.1320949847 ],
					[ 29.0899932499, 41.1323729322 ],
					[ 29.0900293927, 41.132650652 ],
					[ 29.0900687358, 41.1329281242 ],
					[ 29.0901112746, 41.1332053254 ],
					[ 29.0901570072, 41.1334822366 ],
					[ 29.090205929, 41.1337588362 ],
					[ 29.0902580369, 41.1340351026 ],
					[ 29.0903133276, 41.134311015 ]
				]
			},
			"properties" : {
				"ISIM_HAT" : "Boğazdan Geliş-Boğaza Gidiş",
				"TUR_HAT" : "Şehir Hatları",
				"HAT_ROTA" : "Kabataş-Üsküdar-Kuzguncuk-Küçüksu-Anadolu Hisarı-Kanlıca-Paşabahçe-Beykoz"
			}
		},
		{
			"type" : "Feature",
			"geometry" : {
				"type" : "LineString",
				"coordinates" : [
					[ 29.0149659918, 41.0277715063 ],
					[ 29.0139590276, 41.0281915221 ],
					[ 29.0123087661, 41.028624095 ],
					[ 29.0097978893, 41.0287514503 ],
					[ 29.0083681744, 41.0285256442 ],
					[ 29.0075956181, 41.0284036209 ],
					[ 28.9953596177, 41.0258249634 ],
					[ 28.992129133, 41.0248468969 ],
					[ 28.9867773254, 41.0232263128 ],
					[ 28.9818645916, 41.0217677664 ],
					[ 28.9815467433, 41.0216736336 ],
					[ 28.9788326095, 41.0212148434 ],
					[ 28.9784271975, 41.0212203307 ],
					[ 28.9775999975, 41.0212315221 ],
					[ 28.9770351902, 41.0214729841 ],
					[ 28.9765707069, 41.0217608047 ],
					[ 28.9764591774, 41.0214766682 ],
					[ 28.9761023846, 41.0209584166 ],
					[ 28.9746357513, 41.0206945331 ],
					[ 28.9721144765, 41.0208402351 ],
					[ 28.9695588673, 41.020752813 ],
					[ 28.9675182452, 41.0217273965 ],
					[ 28.966735045, 41.0226951303 ],
					[ 28.9658123607, 41.0238351676 ],
					[ 28.9653424364, 41.0259428693 ],
					[ 28.964987308, 41.0270096467 ],
					[ 28.9650441719, 41.0280764046 ],
					[ 28.9655725888, 41.0289992026 ],
					[ 28.9661732234, 41.0303755474 ],
					[ 28.9652995905, 41.0305420868 ],
					[ 28.9628104272, 41.0310969069 ],
					[ 28.9606549607, 41.0311108113 ],
					[ 28.9593337453, 41.0311108741 ],
					[ 28.9578445558, 41.0310433926 ],
					[ 28.9542798312, 41.0308666339 ],
					[ 28.952664216, 41.0309808513 ],
					[ 28.9525150405, 41.0321182771 ],
					[ 28.9520086431, 41.0332820708 ],
					[ 28.9509057151, 41.03417392 ],
					[ 28.9493324695, 41.0348382595 ],
					[ 28.9494193992, 41.0352799284 ],
					[ 28.9494766306, 41.0376424702 ],
					[ 28.9490991611, 41.0405834165 ],
					[ 28.9480506259, 41.0408948841 ],
					[ 28.9469421944, 41.0410592624 ],
					[ 28.944816008, 41.0408057824 ],
					[ 28.941669223, 41.0440445875 ],
					[ 28.9408549027, 41.0456790988 ],
					[ 28.9408280015, 41.0461828664 ],
					[ 28.9406835996, 41.0466380307 ],
					[ 28.9391522411, 41.0468174919 ],
					[ 28.9378306667, 41.0473149641 ]
				]
			},
			"properties" : {
				"ISIM_HAT" : "Üsküdar-Eyüpsultan (Haliç Hattı)",
				"TUR_HAT" : "Şehir Hatları",
				"HAT_ROTA" : "Üsküdar-Karaköy-Kasımpaşa-Fener-Balat-Hasköy-Ayvansaray-Sütlüce-Eyüpsultan"
			}
		},
		{
			"type" : "Feature",
			"geometry" : {
				"type" : "LineString",
				"coordinates" : [
					[ 29.0256744762, 41.047170978 ],
					[ 29.0218413378, 41.0419323975 ],
					[ 29.0189523378, 41.0372113276 ],
					[ 29.014976782, 41.0277681724 ],
					[ 29.010052269, 41.0277315063 ],
					[ 29.0057714854, 41.0259141911 ],
					[ 29.0038242127, 41.0246979388 ],
					[ 29.0025635866, 41.022931251 ],
					[ 29.0010723005, 41.0204338563 ],
					[ 29.0011367198, 41.0134311278 ],
					[ 29.001687314, 41.012444061 ],
					[ 29.002254747, 41.0114297105 ],
					[ 29.0026893802, 41.0106516223 ],
					[ 29.0070131057, 41.0037989728 ],
					[ 29.0095129757, 41.0001195005 ],
					[ 29.0108407297, 40.9985190642 ],
					[ 29.0202249038, 40.9925287721 ],
					[ 29.0216222908, 40.9916827412 ]
				]
			},
			"properties" : {
				"ISIM_HAT" : "Ortaköy-Üsküdar-Kadıköy",
				"TUR_HAT" : "Şehir Hatları",
				"HAT_ROTA" : "Ortaköy-Üsküdar-Kadıköy"
			}
		},
		{
			"type" : "Feature",
			"geometry" : {
				"type" : "LineString",
				"coordinates" : [
					[ 29.054705, 41.0811012532 ],
					[ 29.0556402761, 41.0806532184 ],
					[ 29.0560877647, 41.0804603366 ],
					[ 29.0566017241, 41.0802977774 ],
					[ 29.0574561625, 41.0800600979 ],
					[ 29.0589567911, 41.0797032695 ],
					[ 29.0594032066, 41.0796374461 ],
					[ 29.0602315866, 41.0795270554 ],
					[ 29.0609946058, 41.0794167501 ],
					[ 29.061187718, 41.0793950772 ],
					[ 29.0613830684, 41.0793761694 ],
					[ 29.0615989704, 41.0793552713 ],
					[ 29.0624748773, 41.0793198525 ],
					[ 29.0628600491, 41.0793475642 ],
					[ 29.0631029401, 41.0793862519 ],
					[ 29.0632950606, 41.0794168521 ],
					[ 29.0635641625, 41.0794655109 ],
					[ 29.0639479262, 41.0795285666 ],
					[ 29.0642797551, 41.0795830882 ],
					[ 29.0645610652, 41.0796293091 ],
					[ 29.0648688933, 41.0796798856 ],
					[ 29.0645954557, 41.0800672201 ],
					[ 29.0645271215, 41.0803061026 ],
					[ 29.0646370924, 41.0808358168 ],
					[ 29.0648972676, 41.0813170047 ],
					[ 29.0652432722, 41.0818386245 ],
					[ 29.0657711803, 41.0824277605 ],
					[ 29.0665429955, 41.0832877806 ],
					[ 29.0653988337, 41.0832157604 ],
					[ 29.0642495137, 41.0830516771 ],
					[ 29.0634435103, 41.082918242 ],
					[ 29.0619602487, 41.082647329 ],
					[ 29.0605735466, 41.0823925879 ],
					[ 29.0590688281, 41.0821014542 ],
					[ 29.0582574598, 41.0819437569 ],
					[ 29.0574782775, 41.081745623 ],
					[ 29.0560057444, 41.0813938334 ],
					[ 29.054705, 41.0811012532 ]
				]
			},
			"properties" : {
				"ISIM_HAT" : "Aşiyan-Anadolu Hisarı-Küçüksu",
				"TUR_HAT" : "Şehir Hatları",
				"HAT_ROTA" : "Aşiyan-Anadolu Hisarı-Küçüksu"
			}
		}
	]
}