{
	"type" : "FeatureCollection",
	"name" : "rayli_sistem_istasyon_verisi",
	"features" : [
		{
			"type" : "Feature",
			"geometry" : {
				"type" : "MultiPolygon",
				"coordinates" : [
					[
						[
							[ 28.8963482972, 41.0679480303 ],
							[ 28.8960666934, 41.0681657164 ],
							[ 28.8960213544, 41.0681312728 ],
							[ 28.8963054707, 41.0679163743 ],
							[ 28.8963482972, 41.0679480303 ]
						]
					],
					[
						[
							[ 28.8948046344, 41.0690979345 ],
							[ 28.8947621271, 41.0690634905 ],
							[ 28.8950266973, 41.0688660975 ],
							[ 28.8950359493, 41.0688662187 ],
							[ 28.8951668524, 41.0687705112 ],
							[ 28.8952081808, 41.068802888 ],
							[ 28.8948046344, 41.0690979345 ]
						]
					]
				]
			},
			"properties" : {
				"ISTASYON" : "Ali Fuat Başgil",
				"PROJE_ADI" : "T4 Topkapı - Mescid-i Selam Tramvay Hattı",
				"PROJE_ASAMA" : "Mevcut Hattaki İstasyon",
				"HAT_TURU" : "Tramvay",
				"MUDURLUK" : "Avrupa Yakası Raylı Sistemler Müdürlüğü"
			}
		},
		{
			"type" : "Feature",
			"geometry" : {
				"type" : "Polygon",
				"coordinates" : [
					[
						[ 28.8818543323, 41.0055661342 ],
						[ 28.8818296114, 41.0056083032 ],
						[ 28.8816482421, 41.0058913639 ],
						[ 28.8815540487, 41.0060307463 ],
						[ 28.8815131059, 41.0060150794 ],
						[ 28.881564967, 41.0059338462 ],
						[ 28.8817066165, 41.0057235303 ],
						[ 28.8818215152, 41.0055534141 ],
						[ 28.8818543323, 41.0055661342 ]
					]
				]
			},
			"properties" : {
				"ISTASYON" : "Mehmet Akif",
				"PROJE_ADI" : "T1 Kabataş - Bağcılar Tramvay Hattı",
				"PROJE_ASAMA" : "Mevcut Hattaki İstasyon",
				"HAT_TURU" : "Tramvay",
				"MUDURLUK" : "Avrupa Yakası Raylı Sistemler Müdürlüğü"
			}
		},
		{
			"type" : "Feature",
			"geometry" : {
				"type" : "Polygon",
				"coordinates" : [
					[
						[ 28.8808446042, 41.0113059003 ],
						[ 28.8807332593, 41.0118166908 ],
						[ 28.8806732134, 41.0118091806 ],
						[ 28.8807845588, 41.0112983901 ],
						[ 28.8808446042, 41.0113059003 ]
					]
				]
			},
			"properties" : {
				"ISTASYON" : "Merter Tekstil Merkezi",
				"PROJE_ADI" : "T1 Kabataş - Bağcılar Tramvay Hattı",
				"PROJE_ASAMA" : "Mevcut Hattaki İstasyon",
				"HAT_TURU" : "Tramvay",
				"MUDURLUK" : "Avrupa Yakası Raylı Sistemler Müdürlüğü"
			}
		},
		{
			"type" : "Feature",
			"geometry" : {
				"type" : "MultiPolygon",
				"coordinates" : [
					[
						[
							[ 28.8760138994, 40.9965253247 ],
							[ 28.8760061836, 40.9966111108 ],
							[ 28.8748068737, 40.996549181 ],
							[ 28.8748145922, 40.9964633959 ],
							[ 28.8760138994, 40.9965253247 ]
						]
					],
					[
						[
							[ 28.8760007459, 40.9966715133 ],
							[ 28.8759930289, 40.9967572986 ],
							[ 28.8747931985, 40.9966953429 ],
							[ 28.8748009159, 40.9966095577 ],
							[ 28.8760007459, 40.9966715133 ]
						]
					]
				]
			},
			"properties" : {
				"ISTASYON" : "Bakırköy",
				"PROJE_ADI" : "M1A Yenikapı - Atatürk Havalimanı Metro Hattı",
				"PROJE_ASAMA" : "Mevcut Hattaki İstasyon",
				"HAT_TURU" : "Metro",
				"MUDURLUK" : "Avrupa Yakası Raylı Sistemler Müdürlüğü"
			}
		},
		{
			"type" : "Feature",
			"geometry" : {
				"type" : "Polygon",
				"coordinates" : [
					[
						[ 28.8372054705, 40.9895415453 ],
						[ 28.8371150944, 40.9896284021 ],
						[ 28.8361900252, 40.9890607357 ],
						[ 28.8362670272, 40.9889889369 ],
						[ 28.8372054705, 40.9895415453 ]
					]
				]
			},
			"properties" : {
				"ISTASYON" : "Yenibosna",
				"PROJE_ADI" : "M1A Yenikapı - Atatürk Havalimanı Metro Hattı",
				"PROJE_ASAMA" : "Mevcut Hattaki İstasyon",
				"HAT_TURU" : "Metro",
				"MUDURLUK" : "Avrupa Yakası Raylı Sistemler Müdürlüğü"
			}
		},
		{
			"type" : "Feature",
			"geometry" : {
				"type" : "Polygon",
				"coordinates" : [
					[
						[ 29.0313790771, 41.1401795995 ],
						[ 29.0311645057, 41.140381325 ],
						[ 29.0294938841, 41.139365727 ],
						[ 29.0297084572, 41.1391640046 ],
						[ 29.0313790771, 41.1401795995 ]
					]
				]
			},
			"properties" : {
				"ISTASYON" : "Hacıosman",
				"PROJE_ADI" : "M2 Yenikapı Seyrantepe - Hacıosman Metro Hattı",
				"PROJE_ASAMA" : "Mevcut Hattaki İstasyon",
				"HAT_TURU" : "Metro",
				"MUDURLUK" : "Avrupa Yakası Raylı Sistemler Müdürlüğü"
			}
		},
		{
			"type" : "Feature",
			"geometry" : {
				"type" : "Polygon",
				"coordinates" : [
					[
						[ 28.960051191, 41.013069818 ],
						[ 28.9597097379, 41.0130808599 ],
						[ 28.9596183709, 41.0114598452 ],
						[ 28.9599598251, 41.0114488025 ],
						[ 28.960051191, 41.013069818 ]
					]
				]
			},
			"properties" : {
				"ISTASYON" : "Vezneciler - İstanbul Ünv.",
				"PROJE_ADI" : "M2 Yenikapı Seyrantepe - Hacıosman Metro Hattı",
				"PROJE_ASAMA" : "Mevcut Hattaki İstasyon",
				"HAT_TURU" : "Metro",
				"MUDURLUK" : "Avrupa Yakası Raylı Sistemler Müdürlüğü"
			}
		},
		{
			"type" : "Feature",
			"geometry" : {
				"type" : "Polygon",
				"coordinates" : [
					[
						[ 28.8053281265, 41.0701263408 ],
						[ 28.7994985677, 41.0752639515 ],
						[ 28.7991662412, 41.0750237983 ],
						[ 28.799946004, 41.0744129502 ],
						[ 28.7998192602, 41.0743312059 ],
						[ 28.8048546331, 41.0698190856 ],
						[ 28.8053281265, 41.0701263408 ]
					]
				]
			},
			"properties" : {
				"ISTASYON" : "İkitelli Sanayi",
				"PROJE_ADI" : "M3 Kirazlı - Başakşehir/Metrokent Metro Hattı",
				"PROJE_ASAMA" : "Mevcut Hattaki İstasyon",
				"HAT_TURU" : "Metro",
				"MUDURLUK" : "Avrupa Yakası Raylı Sistemler Müdürlüğü"
			}
		},
		{
			"type" : "Feature",
			"geometry" : {
				"type" : "Polygon",
				"coordinates" : [
					[
						[ 28.8016377452, 41.1091406756 ],
						[ 28.8013399609, 41.1091415375 ],
						[ 28.8013241219, 41.1060354194 ],
						[ 28.8016217482, 41.1060345504 ],
						[ 28.8016377452, 41.1091406756 ]
					]
				]
			},
			"properties" : {
				"ISTASYON" : "Metrokent",
				"PROJE_ADI" : "M3 Kirazlı - Başakşehir/Metrokent Metro Hattı",
				"PROJE_ASAMA" : "Mevcut Hattaki İstasyon",
				"HAT_TURU" : "Metro",
				"MUDURLUK" : "Avrupa Yakası Raylı Sistemler Müdürlüğü"
			}
		},
		{
			"type" : "Feature",
			"geometry" : {
				"type" : "Polygon",
				"coordinates" : [
					[
						[ 28.8359664834, 41.0395388892 ],
						[ 28.8362670543, 41.0395756154 ],
						[ 28.8359171949, 41.0411711424 ],
						[ 28.8356165713, 41.041137007 ],
						[ 28.8359664834, 41.0395388892 ]
					]
				]
			},
			"properties" : {
				"ISTASYON" : "Yeni Mahalle",
				"PROJE_ADI" : "M3 Kirazlı - Başakşehir/Metrokent Metro Hattı",
				"PROJE_ASAMA" : "Mevcut Hattaki İstasyon",
				"HAT_TURU" : "Metro",
				"MUDURLUK" : "Avrupa Yakası Raylı Sistemler Müdürlüğü"
			}
		},
		{
			"type" : "Feature",
			"geometry" : {
				"type" : "Polygon",
				"coordinates" : [
					[
						[ 28.7967278463, 41.087402808 ],
						[ 28.7970248361, 41.0874803086 ],
						[ 28.7962951069, 41.0890043313 ],
						[ 28.7960048924, 41.0889268987 ],
						[ 28.7967278463, 41.087402808 ]
					]
				]
			},
			"properties" : {
				"ISTASYON" : "Siteler",
				"PROJE_ADI" : "M3 Kirazlı - Başakşehir/Metrokent Metro Hattı",
				"PROJE_ASAMA" : "Mevcut Hattaki İstasyon",
				"HAT_TURU" : "Metro",
				"MUDURLUK" : "Avrupa Yakası Raylı Sistemler Müdürlüğü"
			}
		},
		{
			"type" : "Feature",
			"geometry" : {
				"type" : "Polygon",
				"coordinates" : [
					[
						[ 28.8300682429, 41.0533880163 ],
						[ 28.8303451897, 41.0533534123 ],
						[ 28.8310096105, 41.0564003752 ],
						[ 28.8307326512, 41.0564349807 ],
						[ 28.8300682429, 41.0533880163 ]
					]
				]
			},
			"properties" : {
				"ISTASYON" : "Mahmutbey",
				"PROJE_ADI" : "M3 Kirazlı - Başakşehir/Metrokent Metro Hattı",
				"PROJE_ASAMA" : "Mevcut Hattaki İstasyon",
				"HAT_TURU" : "Metro",
				"MUDURLUK" : "Avrupa Yakası Raylı Sistemler Müdürlüğü"
			}
		},
		{
			"type" : "Feature",
			"geometry" : {
				"type" : "Polygon",
				"coordinates" : [
					[
						[ 29.0693729644, 40.9948493067 ],
						[ 29.0691039249, 40.9944769072 ],
						[ 29.0720792819, 40.9932428764 ],
						[ 29.0723483323, 40.9936152675 ],
						[ 29.0693729644, 40.9948493067 ]
					]
				]
			},
			"properties" : {
				"ISTASYON" : "Göztepe",
				"PROJE_ADI" : "M4 Kadıköy - SGH Metro Hattı",
				"PROJE_ASAMA" : "Mevcut Hattaki İstasyon",
				"HAT_TURU" : "Metro",
				"MUDURLUK" : "Anadolu Yakası Raylı Sistemler Müdürlüğü"
			}
		},
		{
			"type" : "Feature",
			"geometry" : {
				"type" : "Polygon",
				"coordinates" : [
					[
						[ 29.1203696589, 40.9499622901 ],
						[ 29.1229225041, 40.9479604398 ],
						[ 29.1229256162, 40.9479627273 ],
						[ 29.1230033039, 40.9479019485 ],
						[ 29.1233309423, 40.9481427002 ],
						[ 29.1232532546, 40.9482034791 ],
						[ 29.123256368, 40.9482057666 ],
						[ 29.1206972988, 40.9502030491 ],
						[ 29.1203696589, 40.9499622901 ]
					]
				]
			},
			"properties" : {
				"ISTASYON" : "Küçükyalı",
				"PROJE_ADI" : "M4 Kadıköy - SGH Metro Hattı",
				"PROJE_ASAMA" : "Mevcut Hattaki İstasyon",
				"HAT_TURU" : "Metro",
				"MUDURLUK" : "Anadolu Yakası Raylı Sistemler Müdürlüğü"
			}
		},
		{
			"type" : "Feature",
			"geometry" : {
				"type" : "Polygon",
				"coordinates" : [
					[
						[ 29.1909970953, 40.9135558428 ],
						[ 29.1936151587, 40.9126973306 ],
						[ 29.1937995425, 40.9130209077 ],
						[ 29.1911814686, 40.9138794249 ],
						[ 29.1909970953, 40.9135558428 ]
					]
				]
			},
			"properties" : {
				"ISTASYON" : "Soğanlık",
				"PROJE_ADI" : "M4 Kadıköy - SGH Metro Hattı",
				"PROJE_ASAMA" : "Mevcut Hattaki İstasyon",
				"HAT_TURU" : "Metro",
				"MUDURLUK" : "Anadolu Yakası Raylı Sistemler Müdürlüğü"
			}
		},
		{
			"type" : "Feature",
			"geometry" : {
				"type" : "Polygon",
				"coordinates" : [
					[
						[ 29.0285638923, 40.9879786486 ],
						[ 29.0285404999, 40.9879818236 ],
						[ 29.0284881245, 40.9877602531 ],
						[ 29.0285115168, 40.9877570781 ],
						[ 29.0285638923, 40.9879786486 ]
					]
				]
			},
			"properties" : {
				"ISTASYON" : "Bahariye",
				"PROJE_ADI" : "T3 Kadıköy - Moda Nostaljik Tramvay Hattı",
				"PROJE_ASAMA" : "Mevcut Hattaki İstasyon",
				"HAT_TURU" : "Tramvay",
				"MUDURLUK" : "Anadolu Yakası Raylı Sistemler Müdürlüğü"
			}
		},
		{
			"type" : "Feature",
			"geometry" : {
				"type" : "Polygon",
				"coordinates" : [
					[
						[ 29.0143869983, 41.0758469762 ],
						[ 29.0131323871, 41.0777476812 ],
						[ 29.0129962799, 41.0776958777 ],
						[ 29.014250991, 41.0757952111 ],
						[ 29.0143869983, 41.0758469762 ]
					]
				]
			},
			"properties" : {
				"ISTASYON" : "Levent",
				"PROJE_ADI" : "M2 Yenikapı Seyrantepe - Hacıosman Metro Hattı",
				"PROJE_ASAMA" : "Mevcut Hattaki İstasyon",
				"HAT_TURU" : "Metro",
				"MUDURLUK" : "Avrupa Yakası Raylı Sistemler Müdürlüğü"
			}
		},
		{
			"type" : "Feature",
			"geometry" : {
				"type" : "MultiPolygon",
				"coordinates" : [
					[
						[
							[ 28.9539237357, 41.0096240566 ],
							[ 28.9542749042, 41.0096306542 ],
							[ 28.9542725788, 41.0096424018 ],
							[ 28.9539208335, 41.0096493417 ],
							[ 28.953569087, 41.0096562804 ],
							[ 28.9535725661, 41.009617458 ],
							[ 28.9539237357, 41.0096240566 ]
						]
					],
					[
						[
							[ 28.9542789836, 41.0095575186 ],
							[ 28.9542785372, 41.0095730499 ],
							[ 28.9535569155, 41.0095593095 ],
							[ 28.953558056, 41.009521341 ],
							[ 28.9542789836, 41.0095575186 ]
						]
					]
				]
			},
			"properties" : {
				"ISTASYON" : "Aksaray",
				"PROJE_ADI" : "Kabataş - Bağcılar Tramvayı",
				"PROJE_ASAMA" : "Mevcut Hattaki İstasyon",
				"HAT_TURU" : "Tramvay",
				"MUDURLUK" : "Avrupa Yakası Raylı Sistemler Müdürlüğü"
			}
		},
		{
			"type" : "Feature",
			"geometry" : {
				"type" : "Polygon",
				"coordinates" : [
					[
						[ 28.919860719, 41.0192857818 ],
						[ 28.9198482571, 41.0193233294 ],
						[ 28.9190412115, 41.0191696875 ],
						[ 28.9190536726, 41.0191321399 ],
						[ 28.919860719, 41.0192857818 ]
					]
				]
			},
			"properties" : {
				"ISTASYON" : "Topkapı",
				"PROJE_ADI" : "T1 Kabataş - Bağcılar Tramvay Hattı",
				"PROJE_ASAMA" : "Mevcut Hattaki İstasyon",
				"HAT_TURU" : "Tramvay",
				"MUDURLUK" : "Avrupa Yakası Raylı Sistemler Müdürlüğü"
			}
		},
		{
			"type" : "Feature",
			"geometry" : {
				"type" : "MultiPolygon",
				"coordinates" : [
					[
						[
							[ 28.9106324028, 41.0533427686 ],
							[ 28.9106099063, 41.0534234931 ],
							[ 28.9105982215, 41.0534649781 ],
							[ 28.9105111556, 41.0536562839 ],
							[ 28.9104499706, 41.0536403278 ],
							[ 28.9105089662, 41.0535107001 ],
							[ 28.9105368025, 41.0534118779 ],
							[ 28.9105591361, 41.0533325944 ],
							[ 28.9106324028, 41.0533427686 ]
						]
					],
					[
						[
							[ 28.9101095081, 41.0545166838 ],
							[ 28.9099724199, 41.0548178909 ],
							[ 28.9099366861, 41.0548976166 ],
							[ 28.9098757552, 41.0548768714 ],
							[ 28.9099947494, 41.0546154202 ],
							[ 28.910003066, 41.0546123519 ],
							[ 28.9100532803, 41.0545020206 ],
							[ 28.9101095081, 41.0545166838 ]
						]
					]
				]
			},
			"properties" : {
				"ISTASYON" : "Uluyol-Bereç",
				"PROJE_ADI" : "T4 Topkapı - Mescid-i Selam Tramvay Hattı",
				"PROJE_ASAMA" : "Mevcut Hattaki İstasyon",
				"HAT_TURU" : "Tramvay",
				"MUDURLUK" : "Avrupa Yakası Raylı Sistemler Müdürlüğü"
			}
		},
		{
			"type" : "Feature",
			"geometry" : {
				"type" : "MultiPolygon",
				"coordinates" : [
					[
						[
							[ 28.9079033325, 41.0042055849 ],
							[ 28.9078990316, 41.004223544 ],
							[ 28.9071561561, 41.0041413736 ],
							[ 28.9071605635, 41.0041206512 ],
							[ 28.9079033325, 41.0042055849 ]
						]
					],
					[
						[
							[ 28.9078922949, 41.0042809723 ],
							[ 28.9078869102, 41.0043004248 ],
							[ 28.9071580797, 41.004225736 ],
							[ 28.9071633829, 41.0042018706 ],
							[ 28.9078922949, 41.0042809723 ]
						]
					]
				]
			},
			"properties" : {
				"ISTASYON" : "Akşemsettin",
				"PROJE_ADI" : "T1 Kabataş - Bağcılar Tramvay Hattı",
				"PROJE_ASAMA" : "Mevcut Hattaki İstasyon",
				"HAT_TURU" : "Tramvay",
				"MUDURLUK" : "Avrupa Yakası Raylı Sistemler Müdürlüğü"
			}
		},
		{
			"type" : "Feature",
			"geometry" : {
				"type" : "Polygon",
				"coordinates" : [
					[
						[ 28.8961151807, 41.048542384 ],
						[ 28.8960946977, 41.0485983991 ],
						[ 28.8960832713, 41.0486032987 ],
						[ 28.8959671073, 41.0485870388 ],
						[ 28.8956620884, 41.0485325762 ],
						[ 28.89545649, 41.0484894874 ],
						[ 28.8952508919, 41.0484463992 ],
						[ 28.8950335142, 41.0483926464 ],
						[ 28.8949374942, 41.0483666747 ],
						[ 28.8949328779, 41.0483605038 ],
						[ 28.8949541047, 41.0483024566 ],
						[ 28.8949621348, 41.0482990129 ],
						[ 28.895716436, 41.0484570969 ],
						[ 28.8961109017, 41.0485366649 ],
						[ 28.8961151807, 41.048542384 ]
					]
				]
			},
			"properties" : {
				"ISTASYON" : "Kocatepe",
				"PROJE_ADI" : "M1A Yenikapı - Atatürk Havalimanı Metro Hattı",
				"PROJE_ASAMA" : "Mevcut Hattaki İstasyon",
				"HAT_TURU" : "Metro",
				"MUDURLUK" : "Avrupa Yakası Raylı Sistemler Müdürlüğü"
			}
		},
		{
			"type" : "Feature",
			"geometry" : {
				"type" : "MultiPolygon",
				"coordinates" : [
					[
						[
							[ 28.8885359492, 41.0721079233 ],
							[ 28.8882058662, 41.0723125964 ],
							[ 28.8881648129, 41.072275198 ],
							[ 28.8884173956, 41.0721164052 ],
							[ 28.8884765897, 41.0720803054 ],
							[ 28.8884976078, 41.0720691618 ],
							[ 28.8885359492, 41.0721079233 ]
						]
					],
					[
						[
							[ 28.8869096732, 41.0731868257 ],
							[ 28.8868666524, 41.0731494079 ],
							[ 28.8871272249, 41.0729684951 ],
							[ 28.8871364662, 41.0729688635 ],
							[ 28.8872689565, 41.0728786298 ],
							[ 28.8873087494, 41.0729120913 ],
							[ 28.8869096732, 41.0731868257 ]
						]
					]
				]
			},
			"properties" : {
				"ISTASYON" : "Taşköprü",
				"PROJE_ADI" : "T4 Topkapı - Mescid-i Selam Tramvay Hattı",
				"PROJE_ASAMA" : "Mevcut Hattaki İstasyon",
				"HAT_TURU" : "Tramvay",
				"MUDURLUK" : "Avrupa Yakası Raylı Sistemler Müdürlüğü"
			}
		},
		{
			"type" : "Feature",
			"geometry" : {
				"type" : "MultiPolygon",
				"coordinates" : [
					[
						[
							[ 28.864007389, 41.0929069756 ],
							[ 28.8638371074, 41.0937529489 ],
							[ 28.8638160452, 41.0937501867 ],
							[ 28.8639829621, 41.0929042325 ],
							[ 28.864007389, 41.0929069756 ]
						]
					],
					[
						[
							[ 28.8641978489, 41.0919362309 ],
							[ 28.8640318521, 41.0927822946 ],
							[ 28.864007411, 41.0927795504 ],
							[ 28.8641750414, 41.0919336704 ],
							[ 28.8641978489, 41.0919362309 ]
						]
					]
				]
			},
			"properties" : {
				"ISTASYON" : "Hacı Şükrü",
				"PROJE_ADI" : "T4 Topkapı - Mescid-i Selam Tramvay Hattı",
				"PROJE_ASAMA" : "Mevcut Hattaki İstasyon",
				"HAT_TURU" : "Tramvay",
				"MUDURLUK" : "Avrupa Yakası Raylı Sistemler Müdürlüğü"
			}
		},
		{
			"type" : "Feature",
			"geometry" : {
				"type" : "Polygon",
				"coordinates" : [
					[
						[ 28.8610158462, 41.1053452897 ],
						[ 28.8602191561, 41.107023029 ],
						[ 28.8601959097, 41.1070167139 ],
						[ 28.8609926016, 41.105338974 ],
						[ 28.8610158462, 41.1053452897 ]
					]
				]
			},
			"properties" : {
				"ISTASYON" : "Sultançifliği",
				"PROJE_ADI" : "T4 Topkapı - Mescid-i Selam Tramvay Hattı",
				"PROJE_ASAMA" : "Mevcut Hattaki İstasyon",
				"HAT_TURU" : "Tramvay",
				"MUDURLUK" : "Avrupa Yakası Raylı Sistemler Müdürlüğü"
			}
		},
		{
			"type" : "Feature",
			"geometry" : {
				"type" : "MultiPolygon",
				"coordinates" : [
					[
						[
							[ 28.8582455576, 41.1110526443 ],
							[ 28.8578556455, 41.1118555272 ],
							[ 28.8578324581, 41.1118490862 ],
							[ 28.8582223705, 41.1110462034 ],
							[ 28.8582455576, 41.1110526443 ]
						]
					],
					[
						[
							[ 28.8577900086, 41.1119906788 ],
							[ 28.8574000234, 41.112793688 ],
							[ 28.8573768358, 41.1127872469 ],
							[ 28.8577668212, 41.1119842378 ],
							[ 28.8577900086, 41.1119906788 ]
						]
					]
				]
			},
			"properties" : {
				"ISTASYON" : "Cebeci",
				"PROJE_ADI" : "T4 Topkapı - Mescid-i Selam Tramvay Hattı",
				"PROJE_ASAMA" : "Mevcut Hattaki İstasyon",
				"HAT_TURU" : "Tramvay",
				"MUDURLUK" : "Avrupa Yakası Raylı Sistemler Müdürlüğü"
			}
		},
		{
			"type" : "Feature",
			"geometry" : {
				"type" : "Polygon",
				"coordinates" : [
					[
						[ 28.9737605529, 41.0287445417 ],
						[ 28.9735302822, 41.0289358485 ],
						[ 28.9719376971, 41.0278365205 ],
						[ 28.9721679709, 41.0276452159 ],
						[ 28.9737605529, 41.0287445417 ]
					]
				]
			},
			"properties" : {
				"ISTASYON" : "Şişhane - Zemin İstanbul",
				"PROJE_ADI" : "M2 Yenikapı Seyrantepe - Hacıosman Metro Hattı",
				"PROJE_ASAMA" : "Mevcut Hattaki İstasyon",
				"HAT_TURU" : "Metro",
				"MUDURLUK" : "Avrupa Yakası Raylı Sistemler Müdürlüğü"
			}
		},
		{
			"type" : "Feature",
			"geometry" : {
				"type" : "Polygon",
				"coordinates" : [
					[
						[ 28.9525905707, 41.0056720453 ],
						[ 28.9524892259, 41.0059567578 ],
						[ 28.9502497268, 41.0054992707 ],
						[ 28.9503510805, 41.0052145603 ],
						[ 28.9525905707, 41.0056720453 ]
					]
				]
			},
			"properties" : {
				"ISTASYON" : "Yenikapı",
				"PROJE_ADI" : "M2 Yenikapı Seyrantepe - Hacıosman Metro Hattı",
				"PROJE_ASAMA" : "Mevcut Hattaki İstasyon",
				"HAT_TURU" : "Metro",
				"MUDURLUK" : "Avrupa Yakası Raylı Sistemler Müdürlüğü"
			}
		},
		{
			"type" : "Feature",
			"geometry" : {
				"type" : "Polygon",
				"coordinates" : [
					[
						[ 28.9486138364, 41.0117413442 ],
						[ 28.9485621387, 41.0117730678 ],
						[ 28.9485667056, 41.0117773425 ],
						[ 28.9476406638, 41.0123450394 ],
						[ 28.9475662458, 41.0122753888 ],
						[ 28.9476197975, 41.0122425606 ],
						[ 28.9476152395, 41.0122383184 ],
						[ 28.9485391824, 41.0116718614 ],
						[ 28.9486138364, 41.0117413442 ]
					]
				]
			},
			"properties" : {
				"ISTASYON" : "Aksaray",
				"PROJE_ADI" : "M1A Yenikapı - Atatürk Havalimanı Metro Hattı",
				"PROJE_ASAMA" : "Mevcut Hattaki İstasyon",
				"HAT_TURU" : "Metro",
				"MUDURLUK" : "Avrupa Yakası Raylı Sistemler Müdürlüğü"
			}
		},
		{
			"type" : "Feature",
			"geometry" : {
				"type" : "Polygon",
				"coordinates" : [
					[
						[ 28.879149514, 41.0429842312 ],
						[ 28.8790215699, 41.0431295789 ],
						[ 28.8778340941, 41.0425303919 ],
						[ 28.8779620409, 41.0423850446 ],
						[ 28.879149514, 41.0429842312 ]
					]
				]
			},
			"properties" : {
				"ISTASYON" : "Menderes",
				"PROJE_ADI" : "M1B Yenikapı - Kirazlı  Metro Hattı",
				"PROJE_ASAMA" : "Mevcut Hattaki İstasyon",
				"HAT_TURU" : "Metro",
				"MUDURLUK" : "Avrupa Yakası Raylı Sistemler Müdürlüğü"
			}
		},
		{
			"type" : "Feature",
			"geometry" : {
				"type" : "Polygon",
				"coordinates" : [
					[
						[ 28.8712576757, 41.0370425312 ],
						[ 28.8710993434, 41.0371695613 ],
						[ 28.8700183808, 41.0363970969 ],
						[ 28.8701767133, 41.0362700683 ],
						[ 28.8712576757, 41.0370425312 ]
					]
				]
			},
			"properties" : {
				"ISTASYON" : "Üçyüzlü",
				"PROJE_ADI" : "M1B Yenikapı - Kirazlı  Metro Hattı",
				"PROJE_ASAMA" : "Mevcut Hattaki İstasyon",
				"HAT_TURU" : "Metro",
				"MUDURLUK" : "Avrupa Yakası Raylı Sistemler Müdürlüğü"
			}
		},
		{
			"type" : "Feature",
			"geometry" : {
				"type" : "Polygon",
				"coordinates" : [
					[
						[ 28.7683332884, 41.079570372 ],
						[ 28.7662109252, 41.0797876624 ],
						[ 28.7661935014, 41.0796902068 ],
						[ 28.7683158616, 41.0794729176 ],
						[ 28.7683332884, 41.079570372 ]
					]
				]
			},
			"properties" : {
				"ISTASYON" : "Olimpiyat",
				"PROJE_ADI" : "Bağcılar - Olimpiyatköy Metrosu",
				"PROJE_ASAMA" : "Mevcut Hattaki İstasyon",
				"HAT_TURU" : "Metro",
				"MUDURLUK" : "Avrupa Yakası Raylı Sistemler Müdürlüğü"
			}
		},
		{
			"type" : "Feature",
			"geometry" : {
				"type" : "Polygon",
				"coordinates" : [
					[
						[ 28.7683109527, 41.0794454644 ],
						[ 28.7661885935, 41.0796627535 ],
						[ 28.7661570996, 41.0794866069 ],
						[ 28.7682794532, 41.0792693174 ],
						[ 28.7683109527, 41.0794454644 ]
					]
				]
			},
			"properties" : {
				"ISTASYON" : "Olimpiyat",
				"PROJE_ADI" : "Bağcılar - Olimpiyatköy Metrosu",
				"PROJE_ASAMA" : "Mevcut Hattaki İstasyon",
				"HAT_TURU" : "Metro",
				"MUDURLUK" : "Avrupa Yakası Raylı Sistemler Müdürlüğü"
			}
		},
		{
			"type" : "Feature",
			"geometry" : {
				"type" : "Polygon",
				"coordinates" : [
					[
						[ 29.020588888, 40.9897699794 ],
						[ 29.0208782764, 40.98950546 ],
						[ 29.0233219857, 40.9910345564 ],
						[ 29.0230250726, 40.9913059444 ],
						[ 29.020761612, 40.9898842611 ],
						[ 29.0207059862, 40.9898717316 ],
						[ 29.0206854323, 40.9898306217 ],
						[ 29.020588888, 40.9897699794 ]
					]
				]
			},
			"properties" : {
				"ISTASYON" : "Kadıköy",
				"PROJE_ADI" : "M4 Kadıköy - SGH Metro Hattı",
				"PROJE_ASAMA" : "Mevcut Hattaki İstasyon",
				"HAT_TURU" : "Metro",
				"MUDURLUK" : "Anadolu Yakası Raylı Sistemler Müdürlüğü"
			}
		},
		{
			"type" : "Feature",
			"geometry" : {
				"type" : "Polygon",
				"coordinates" : [
					[
						[ 28.993642868, 41.0650173572 ],
						[ 28.9934091384, 41.0652055765 ],
						[ 28.9917046033, 41.0639927469 ],
						[ 28.9919383429, 41.0638045239 ],
						[ 28.993642868, 41.0650173572 ]
					]
				]
			},
			"properties" : {
				"ISTASYON" : "Şişli",
				"PROJE_ADI" : "M2 Yenikapı Seyrantepe - Hacıosman Metro Hattı",
				"PROJE_ASAMA" : "Mevcut Hattaki İstasyon",
				"HAT_TURU" : "Metro",
				"MUDURLUK" : "Avrupa Yakası Raylı Sistemler Müdürlüğü"
			}
		},
		{
			"type" : "Feature",
			"geometry" : {
				"type" : "MultiPolygon",
				"coordinates" : [
					[
						[
							[ 28.9669285117, 41.0089893518 ],
							[ 28.9663420147, 41.0090959562 ],
							[ 28.9663047816, 41.0090999534 ],
							[ 28.966297995, 41.0090793624 ],
							[ 28.9666228949, 41.0090195727 ],
							[ 28.9669477943, 41.0089597812 ],
							[ 28.967050328, 41.0089363972 ],
							[ 28.96707049, 41.0089766296 ],
							[ 28.9670641406, 41.0089820654 ],
							[ 28.9670261841, 41.0089943314 ],
							[ 28.9670102529, 41.0089724339 ],
							[ 28.9669285117, 41.0089893518 ]
						]
					],
					[
						[
							[ 28.9665509749, 41.0091537735 ],
							[ 28.9663960334, 41.0091675629 ],
							[ 28.9663179321, 41.0091743397 ],
							[ 28.9663139536, 41.0091593504 ],
							[ 28.9664103473, 41.0091419593 ],
							[ 28.9666712868, 41.0090942111 ],
							[ 28.9669322247, 41.0090464622 ],
							[ 28.9669833248, 41.0090359348 ],
							[ 28.9669942657, 41.0090371494 ],
							[ 28.9670037614, 41.009068479 ],
							[ 28.9668552467, 41.0091011854 ],
							[ 28.9668591186, 41.0091143305 ],
							[ 28.9668026895, 41.0091228021 ],
							[ 28.9668018969, 41.0091073344 ],
							[ 28.9665509749, 41.0091537735 ]
						]
					]
				]
			},
			"properties" : {
				"ISTASYON" : "Beyazıt",
				"PROJE_ADI" : "T1 Kabataş - Bağcılar Tramvay Hattı",
				"PROJE_ASAMA" : "Mevcut Hattaki İstasyon",
				"HAT_TURU" : "Tramvay",
				"MUDURLUK" : "Avrupa Yakası Raylı Sistemler Müdürlüğü"
			}
		},
		{
			"type" : "Feature",
			"geometry" : {
				"type" : "MultiPolygon",
				"coordinates" : [
					[
						[
							[ 28.960179384, 41.0096280991 ],
							[ 28.959425839, 41.0096373127 ],
							[ 28.9594254864, 41.0096204353 ],
							[ 28.9601794404, 41.0096109012 ],
							[ 28.960179384, 41.0096280991 ]
						]
					],
					[
						[
							[ 28.9601819842, 41.0095541252 ],
							[ 28.9594259756, 41.0095629015 ],
							[ 28.9594272063, 41.0095405907 ],
							[ 28.9601816563, 41.0095394451 ],
							[ 28.9601819842, 41.0095541252 ]
						]
					]
				]
			},
			"properties" : {
				"ISTASYON" : "Üniversite-Laleli",
				"PROJE_ADI" : "T1 Kabataş - Bağcılar Tramvay Hattı",
				"PROJE_ASAMA" : "Mevcut Hattaki İstasyon",
				"HAT_TURU" : "Tramvay",
				"MUDURLUK" : "Avrupa Yakası Raylı Sistemler Müdürlüğü"
			}
		},
		{
			"type" : "Feature",
			"geometry" : {
				"type" : "MultiPolygon",
				"coordinates" : [
					[
						[
							[ 28.9096012457, 41.010660267 ],
							[ 28.90957774, 41.0106634302 ],
							[ 28.9095199837, 41.0100999599 ],
							[ 28.9095458053, 41.0100997991 ],
							[ 28.9096012457, 41.010660267 ]
						]
					],
					[
						[
							[ 28.9095025038, 41.0106693825 ],
							[ 28.9094694232, 41.0106714467 ],
							[ 28.9094172696, 41.0101142865 ],
							[ 28.9094441027, 41.0101125415 ],
							[ 28.9095025038, 41.0106693825 ]
						]
					]
				]
			},
			"properties" : {
				"ISTASYON" : "Merkezefendi",
				"PROJE_ADI" : "T1 Kabataş - Bağcılar Tramvay Hattı",
				"PROJE_ASAMA" : "Mevcut Hattaki İstasyon",
				"HAT_TURU" : "Tramvay",
				"MUDURLUK" : "Avrupa Yakası Raylı Sistemler Müdürlüğü"
			}
		},
		{
			"type" : "Feature",
			"geometry" : {
				"type" : "Polygon",
				"coordinates" : [
					[
						[ 28.9073683609, 41.0569907931 ],
						[ 28.9065356866, 41.0575888076 ],
						[ 28.9065111253, 41.0575692126 ],
						[ 28.9073438044, 41.0569711955 ],
						[ 28.9073683609, 41.0569907931 ]
					]
				]
			},
			"properties" : {
				"ISTASYON" : "Sağmalcılar-Pancar Motor",
				"PROJE_ADI" : "T4 Topkapı - Mescid-i Selam Tramvay Hattı",
				"PROJE_ASAMA" : "Mevcut Hattaki İstasyon",
				"HAT_TURU" : "Tramvay",
				"MUDURLUK" : "Avrupa Yakası Raylı Sistemler Müdürlüğü"
			}
		},
		{
			"type" : "Feature",
			"geometry" : {
				"type" : "MultiPolygon",
				"coordinates" : [
					[
						[
							[ 28.8902415154, 41.0017893386 ],
							[ 28.8902297615, 41.0018748609 ],
							[ 28.8890465621, 41.001781526 ],
							[ 28.8890583174, 41.001696004 ],
							[ 28.8902415154, 41.0017893386 ]
						]
					],
					[
						[
							[ 28.8902656768, 41.0016167256 ],
							[ 28.8902538993, 41.0017022458 ],
							[ 28.8890702077, 41.0016086733 ],
							[ 28.8890819879, 41.0015231532 ],
							[ 28.8902656768, 41.0016167256 ]
						]
					]
				]
			},
			"properties" : {
				"ISTASYON" : "Zeytinburnu",
				"PROJE_ADI" : "M1A Yenikapı - Atatürk Havalimanı Metro Hattı",
				"PROJE_ASAMA" : "Mevcut Hattaki İstasyon",
				"HAT_TURU" : "Metro",
				"MUDURLUK" : "Avrupa Yakası Raylı Sistemler Müdürlüğü"
			}
		},
		{
			"type" : "Feature",
			"geometry" : {
				"type" : "MultiPolygon",
				"coordinates" : [
					[
						[
							[ 28.8833815631, 41.0748769617 ],
							[ 28.8829952276, 41.0750308558 ],
							[ 28.8829655262, 41.0749877444 ],
							[ 28.8833529132, 41.074836253 ],
							[ 28.8833815631, 41.0748769617 ]
						]
					],
					[
						[
							[ 28.8819234393, 41.07544608 ],
							[ 28.8813864921, 41.0756637881 ],
							[ 28.8813545276, 41.0756184681 ],
							[ 28.8815947898, 41.0755158295 ],
							[ 28.8817382856, 41.0754627725 ],
							[ 28.881895938, 41.0754061619 ],
							[ 28.8819234393, 41.07544608 ]
						]
					]
				]
			},
			"properties" : {
				"ISTASYON" : "Karadeniz",
				"PROJE_ADI" : "T4 Topkapı - Mescid-i Selam Tramvay Hattı",
				"PROJE_ASAMA" : "Mevcut Hattaki İstasyon",
				"HAT_TURU" : "Tramvay",
				"MUDURLUK" : "Avrupa Yakası Raylı Sistemler Müdürlüğü"
			}
		},
		{
			"type" : "Feature",
			"geometry" : {
				"type" : "MultiPolygon",
				"coordinates" : [
					[
						[
							[ 28.8719179779, 41.0842439185 ],
							[ 28.8712658968, 41.084942617 ],
							[ 28.8712482514, 41.084933249 ],
							[ 28.8718979573, 41.0842332956 ],
							[ 28.8719179779, 41.0842439185 ]
						]
					],
					[
						[
							[ 28.8726969171, 41.0834035922 ],
							[ 28.8720475402, 41.0841037283 ],
							[ 28.8720277768, 41.0840932429 ],
							[ 28.8726768858, 41.0833929801 ],
							[ 28.8726969171, 41.0834035922 ]
						]
					]
				]
			},
			"properties" : {
				"ISTASYON" : "Cumhuriyet Mah.",
				"PROJE_ADI" : "T4 Topkapı - Mescid-i Selam Tramvay Hattı",
				"PROJE_ASAMA" : "Mevcut Hattaki İstasyon",
				"HAT_TURU" : "Tramvay",
				"MUDURLUK" : "Avrupa Yakası Raylı Sistemler Müdürlüğü"
			}
		},
		{
			"type" : "Feature",
			"geometry" : {
				"type" : "MultiPolygon",
				"coordinates" : [
					[
						[
							[ 28.8635258522, 41.0239006647 ],
							[ 28.8634244862, 41.0239802558 ],
							[ 28.8633387027, 41.0240585868 ],
							[ 28.8633106942, 41.024100143 ],
							[ 28.8632358013, 41.0242109736 ],
							[ 28.8631889167, 41.0242802471 ],
							[ 28.8631664413, 41.0243305281 ],
							[ 28.8631349779, 41.0243223533 ],
							[ 28.8631571832, 41.0242733357 ],
							[ 28.8632500254, 41.0241298478 ],
							[ 28.8633116674, 41.0240435548 ],
							[ 28.8634013165, 41.02396244 ],
							[ 28.8635015533, 41.0238818635 ],
							[ 28.8635258522, 41.0239006647 ]
						]
					],
					[
						[
							[ 28.8642268665, 41.0234064861 ],
							[ 28.8637281065, 41.02376052 ],
							[ 28.8637019126, 41.0237393536 ],
							[ 28.8639216699, 41.0235833641 ],
							[ 28.8641414274, 41.0234273742 ],
							[ 28.8642009292, 41.0233854682 ],
							[ 28.8642268665, 41.0234064861 ]
						]
					]
				]
			},
			"properties" : {
				"ISTASYON" : "Yavuz Selim Camii",
				"PROJE_ADI" : "T1 Kabataş - Bağcılar Tramvay Hattı",
				"PROJE_ASAMA" : "Mevcut Hattaki İstasyon",
				"HAT_TURU" : "Tramvay",
				"MUDURLUK" : "Avrupa Yakası Raylı Sistemler Müdürlüğü"
			}
		},
		{
			"type" : "Feature",
			"geometry" : {
				"type" : "Polygon",
				"coordinates" : [
					[
						[ 28.8607050308, 41.0333397906 ],
						[ 28.8606614918, 41.0333446979 ],
						[ 28.8605973369, 41.032829285 ],
						[ 28.8606408756, 41.0328243767 ],
						[ 28.8607050308, 41.0333397906 ]
					]
				]
			},
			"properties" : {
				"ISTASYON" : "Bağcılar",
				"PROJE_ADI" : "T1 Kabataş - Bağcılar Tramvay Hattı",
				"PROJE_ASAMA" : "Mevcut Hattaki İstasyon",
				"HAT_TURU" : "Tramvay",
				"MUDURLUK" : "Avrupa Yakası Raylı Sistemler Müdürlüğü"
			}
		},
		{
			"type" : "Feature",
			"geometry" : {
				"type" : "Polygon",
				"coordinates" : [
					[
						[ 28.8516748583, 41.115920012 ],
						[ 28.8508755463, 41.1165251323 ],
						[ 28.8508517121, 41.1165071238 ],
						[ 28.8516510722, 41.1159020402 ],
						[ 28.8516748583, 41.115920012 ]
					]
				]
			},
			"properties" : {
				"ISTASYON" : "Mescid-i Selam",
				"PROJE_ADI" : "T4 Topkapı - Mescid-i Selam Tramvay Hattı",
				"PROJE_ASAMA" : "Mevcut Hattaki İstasyon",
				"HAT_TURU" : "Tramvay",
				"MUDURLUK" : "Avrupa Yakası Raylı Sistemler Müdürlüğü"
			}
		},
		{
			"type" : "Feature",
			"geometry" : {
				"type" : "Polygon",
				"coordinates" : [
					[
						[ 28.829103714, 40.9868231766 ],
						[ 28.8290526762, 40.9868938108 ],
						[ 28.827998223, 40.986459643 ],
						[ 28.8280463504, 40.9863918916 ],
						[ 28.829103714, 40.9868231766 ]
					]
				]
			},
			"properties" : {
				"ISTASYON" : "Dünya  Ticaret Merkezi",
				"PROJE_ADI" : "M1A Yenikapı - Atatürk Havalimanı Metro Hattı",
				"PROJE_ASAMA" : "Mevcut Hattaki İstasyon",
				"HAT_TURU" : "Metro",
				"MUDURLUK" : "Avrupa Yakası Raylı Sistemler Müdürlüğü"
			}
		},
		{
			"type" : "Feature",
			"geometry" : {
				"type" : "Polygon",
				"coordinates" : [
					[
						[ 28.8267894242, 41.0644694377 ],
						[ 28.8253683231, 41.0656816903 ],
						[ 28.8251369142, 41.0655263412 ],
						[ 28.8265580603, 41.064314073 ],
						[ 28.8267894242, 41.0644694377 ]
					]
				]
			},
			"properties" : {
				"ISTASYON" : "İstoç",
				"PROJE_ADI" : "M3 Kirazlı - Başakşehir/Metrokent Metro Hattı",
				"PROJE_ASAMA" : "Mevcut Hattaki İstasyon",
				"HAT_TURU" : "Metro",
				"MUDURLUK" : "Avrupa Yakası Raylı Sistemler Müdürlüğü"
			}
		},
		{
			"type" : "Feature",
			"geometry" : {
				"type" : "Polygon",
				"coordinates" : [
					[
						[ 28.9671534939, 41.0230530735 ],
						[ 28.9669897758, 41.0231443496 ],
						[ 28.965683547, 41.0218020134 ],
						[ 28.9658386472, 41.0217155431 ],
						[ 28.9671534939, 41.0230530735 ]
					]
				]
			},
			"properties" : {
				"ISTASYON" : "Haliç",
				"PROJE_ADI" : "M2 Yenikapı Seyrantepe - Hacıosman Metro Hattı",
				"PROJE_ASAMA" : "Mevcut Hattaki İstasyon",
				"HAT_TURU" : "Metro",
				"MUDURLUK" : "Avrupa Yakası Raylı Sistemler Müdürlüğü"
			}
		},
		{
			"type" : "Feature",
			"geometry" : {
				"type" : "Polygon",
				"coordinates" : [
					[
						[ 28.8572516296, 41.0345679945 ],
						[ 28.855115078, 41.0346636159 ],
						[ 28.8550992964, 41.0344613893 ],
						[ 28.8572358415, 41.0343657682 ],
						[ 28.8572516296, 41.0345679945 ]
					]
				]
			},
			"properties" : {
				"ISTASYON" : "Bağcılar",
				"PROJE_ADI" : "M1B Yenikapı - Kirazlı  Metro Hattı",
				"PROJE_ASAMA" : "Mevcut Hattaki İstasyon",
				"HAT_TURU" : "Metro",
				"MUDURLUK" : "Avrupa Yakası Raylı Sistemler Müdürlüğü"
			}
		},
		{
			"type" : "Feature",
			"geometry" : {
				"type" : "Polygon",
				"coordinates" : [
					[
						[ 29.1041774646, 40.9653074958 ],
						[ 29.1041766045, 40.9653026645 ],
						[ 29.1058320557, 40.9634891616 ],
						[ 29.1065270449, 40.9638536868 ],
						[ 29.1048653328, 40.9656682919 ],
						[ 29.1041774646, 40.9653074958 ]
					]
				]
			},
			"properties" : {
				"ISTASYON" : "Bostancı",
				"PROJE_ADI" : "M4 Kadıköy - SGH Metro Hattı",
				"PROJE_ASAMA" : "Mevcut Hattaki İstasyon",
				"HAT_TURU" : "Metro",
				"MUDURLUK" : "Anadolu Yakası Raylı Sistemler Müdürlüğü"
			}
		},
		{
			"type" : "Feature",
			"geometry" : {
				"type" : "Polygon",
				"coordinates" : [
					[
						[ 29.2101252717, 40.9070623627 ],
						[ 29.2123915397, 40.9059323641 ],
						[ 29.2126448092, 40.9062236069 ],
						[ 29.2103811369, 40.9073566186 ],
						[ 29.2101252717, 40.9070623627 ]
					]
				]
			},
			"properties" : {
				"ISTASYON" : "Kartal",
				"PROJE_ADI" : "M4 Kadıköy - SGH Metro Hattı",
				"PROJE_ASAMA" : "Mevcut Hattaki İstasyon",
				"HAT_TURU" : "Metro",
				"MUDURLUK" : "Anadolu Yakası Raylı Sistemler Müdürlüğü"
			}
		},
		{
			"type" : "Feature",
			"geometry" : {
				"type" : "Polygon",
				"coordinates" : [
					[
						[ 29.0371359953, 41.0820763858 ],
						[ 29.0371963667, 41.0820316642 ],
						[ 29.0379455734, 41.0826107059 ],
						[ 29.037885202, 41.0826554269 ],
						[ 29.0371359953, 41.0820763858 ]
					]
				]
			},
			"properties" : {
				"ISTASYON" : "Etiler",
				"PROJE_ADI" : "M6 Levent - Boğaziçi Ünv./Hisarüstü Metro Hattı",
				"PROJE_ASAMA" : "Mevcut Hattaki İstasyon",
				"HAT_TURU" : "Metro",
				"MUDURLUK" : "Avrupa Yakası Raylı Sistemler Müdürlüğü"
			}
		},
		{
			"type" : "Feature",
			"geometry" : {
				"type" : "Polygon",
				"coordinates" : [
					[
						[ 29.1523910104, 41.0314923267 ],
						[ 29.1523486062, 41.031476511 ],
						[ 29.1524692358, 41.0312910547 ],
						[ 29.1524148351, 41.0312707638 ],
						[ 29.1524933275, 41.031150088 ],
						[ 29.1526378087, 41.0309279598 ],
						[ 29.1526506088, 41.0309327336 ],
						[ 29.1527346119, 41.0309640644 ],
						[ 29.1529196766, 41.0310330887 ],
						[ 29.1529620794, 41.0310489042 ],
						[ 29.1529339716, 41.031092118 ],
						[ 29.1530208864, 41.0311245344 ],
						[ 29.1530287212, 41.0311379996 ],
						[ 29.152839375, 41.0314291066 ],
						[ 29.1527391071, 41.0313917088 ],
						[ 29.1526184781, 41.0315771663 ],
						[ 29.152576075, 41.0315613507 ],
						[ 29.1523910104, 41.0314923267 ]
					]
				]
			},
			"properties" : {
				"ISTASYON" : "Parseller",
				"PROJE_ADI" : "M8 Bostancı - Dudullu Metro Hattı",
				"PROJE_ASAMA" : "Mevcut Hattaki İstasyon",
				"HAT_TURU" : "Metro",
				"MUDURLUK" : "Anadolu Yakası Raylı Sistemler Müdürlüğü"
			}
		},
		{
			"type" : "Feature",
			"geometry" : {
				"type" : "Polygon",
				"coordinates" : [
					[
						[ 29.1007349187, 41.016335098 ],
						[ 29.1006664757, 41.0159170761 ],
						[ 29.1029197101, 41.0157203009 ],
						[ 29.102983932, 41.0161421372 ],
						[ 29.1007306833, 41.0163389144 ],
						[ 29.1007349187, 41.016335098 ]
					]
				]
			},
			"properties" : {
				"ISTASYON" : "Atakent",
				"PROJE_ADI" : "M12 Göztepe-Ümraniye Metro Hattı",
				"PROJE_ASAMA" : "İnşaat Aşamasında",
				"HAT_TURU" : "Metro",
				"MUDURLUK" : "Anadolu Yakası Raylı Sistemler Müdürlüğü"
			}
		},
		{
			"type" : "Feature",
			"geometry" : {
				"type" : "MultiPolygon",
				"coordinates" : [
					[
						[
							[ 29.1269384887, 40.9797031054 ],
							[ 29.1269470924, 40.9797061664 ],
							[ 29.1269112446, 40.9797640362 ],
							[ 29.1266601143, 40.9796746901 ],
							[ 29.1266623469, 40.9796710872 ],
							[ 29.1264542376, 40.9795970465 ],
							[ 29.1264545411, 40.9795965572 ],
							[ 29.1263223815, 40.979549538 ],
							[ 29.1263277324, 40.9795869555 ],
							[ 29.1262557293, 40.9795928687 ],
							[ 29.1262456293, 40.9795222309 ],
							[ 29.1261929375, 40.9795034839 ],
							[ 29.1262002484, 40.9794916831 ],
							[ 29.1261641087, 40.9794788253 ],
							[ 29.1261626368, 40.9794782372 ],
							[ 29.1261612376, 40.9794775544 ],
							[ 29.1261599217, 40.9794767819 ],
							[ 29.1261586992, 40.9794759258 ],
							[ 29.1261575793, 40.9794749925 ],
							[ 29.1261565706, 40.9794739891 ],
							[ 29.1261556808, 40.9794729233 ],
							[ 29.1261549165, 40.9794718031 ],
							[ 29.1261542837, 40.9794706371 ],
							[ 29.1261537872, 40.9794694342 ],
							[ 29.1261534307, 40.9794682035 ],
							[ 29.1261532169, 40.9794669545 ],
							[ 29.1261531475, 40.9794656965 ],
							[ 29.126153223, 40.9794644392 ],
							[ 29.1261534429, 40.9794631921 ],
							[ 29.1261538054, 40.9794619647 ],
							[ 29.1261543078, 40.9794607664 ],
							[ 29.1261549462, 40.9794596063 ],
							[ 29.1261557159, 40.9794584933 ],
							[ 29.1261566109, 40.9794574357 ],
							[ 29.1261576245, 40.9794564417 ],
							[ 29.1261587489, 40.9794555187 ],
							[ 29.1261599756, 40.9794546739 ],
							[ 29.1261612952, 40.9794539137 ],
							[ 29.1261626977, 40.9794532438 ],
							[ 29.1261641724, 40.9794526693 ],
							[ 29.1261657081, 40.9794521947 ],
							[ 29.1261672931, 40.9794518234 ],
							[ 29.1261689154, 40.9794515585 ],
							[ 29.1261705625, 40.9794514018 ],
							[ 29.1261722221, 40.9794513545 ],
							[ 29.1261738813, 40.9794514171 ],
							[ 29.1261755277, 40.9794515891 ],
							[ 29.1261771486, 40.979451869 ],
							[ 29.1261787318, 40.9794522549 ],
							[ 29.1261802652, 40.9794527437 ],
							[ 29.1262164049, 40.9794656015 ],
							[ 29.1262237158, 40.9794538006 ],
							[ 29.1262364941, 40.9794583466 ],
							[ 29.1262356337, 40.9794523278 ],
							[ 29.1262026329, 40.9792215268 ],
							[ 29.1262073281, 40.9792209285 ],
							[ 29.1262694836, 40.979213011 ],
							[ 29.1262741777, 40.9792124127 ],
							[ 29.1263076367, 40.9794464146 ],
							[ 29.1263132475, 40.9794856538 ],
							[ 29.1264853193, 40.9795468739 ],
							[ 29.1264856216, 40.9795463845 ],
							[ 29.1266937307, 40.9796204251 ],
							[ 29.1266959633, 40.9796168213 ],
							[ 29.1269384887, 40.9797031054 ]
						]
					],
					[
						[
							[ 29.125947996, 40.9787920393 ],
							[ 29.1259485043, 40.9787924187 ],
							[ 29.1259486655, 40.9787925387 ],
							[ 29.1259509434, 40.9787942362 ],
							[ 29.1258931835, 40.9788387624 ],
							[ 29.1258628991, 40.9788621066 ],
							[ 29.1258522469, 40.9788703189 ],
							[ 29.1257499563, 40.9789491702 ],
							[ 29.1257432929, 40.9789543072 ],
							[ 29.12567382, 40.9789025455 ],
							[ 29.1257283199, 40.9788605331 ],
							[ 29.1257389721, 40.9788523216 ],
							[ 29.1258237106, 40.9787869998 ],
							[ 29.1258814705, 40.9787424747 ],
							[ 29.1258839107, 40.9787442923 ],
							[ 29.125884419, 40.9787446716 ],
							[ 29.1259514697, 40.9786929835 ],
							[ 29.1259519956, 40.9786933756 ],
							[ 29.1260885455, 40.9785881134 ],
							[ 29.1260574689, 40.9785781412 ],
							[ 29.1260898217, 40.9785202335 ],
							[ 29.126091675, 40.9785169167 ],
							[ 29.1264483424, 40.9786313643 ],
							[ 29.1264453573, 40.9786367066 ],
							[ 29.1264832123, 40.9786488533 ],
							[ 29.1264834909, 40.9786483548 ],
							[ 29.1266155461, 40.9786907284 ],
							[ 29.1266175942, 40.978687062 ],
							[ 29.1268522728, 40.9787623644 ],
							[ 29.1268610258, 40.9787651734 ],
							[ 29.126828137, 40.9788240426 ],
							[ 29.126819384, 40.9788212344 ],
							[ 29.1265847039, 40.9787459311 ],
							[ 29.126586752, 40.9787422656 ],
							[ 29.1264546967, 40.9786998928 ],
							[ 29.1264549766, 40.9786993933 ],
							[ 29.1264171216, 40.9786872466 ],
							[ 29.1264141366, 40.9786925889 ],
							[ 29.126377957, 40.9786809798 ],
							[ 29.1263722191, 40.9787177387 ],
							[ 29.1262850968, 40.978709928 ],
							[ 29.126293829, 40.9786539842 ],
							[ 29.1261753649, 40.9786159715 ],
							[ 29.126014522, 40.9787399609 ],
							[ 29.1260150467, 40.9787403521 ],
							[ 29.125947996, 40.9787920393 ]
						]
					]
				]
			},
			"properties" : {
				"ISTASYON" : "Kayışdağı",
				"PROJE_ADI" : "M8 Bostancı - Dudullu Metro Hattı",
				"PROJE_ASAMA" : "Mevcut Hattaki İstasyon",
				"HAT_TURU" : "Metro",
				"MUDURLUK" : "Anadolu Yakası Raylı Sistemler Müdürlüğü"
			}
		},
		{
			"type" : "Feature",
			"geometry" : {
				"type" : "Polygon",
				"coordinates" : [
					[
						[ 29.0991051618, 40.9774311103 ],
						[ 29.0991486037, 40.9773434316 ],
						[ 29.0993499133, 40.97740072 ],
						[ 29.099400019, 40.9772995901 ],
						[ 29.0991970397, 40.9772456735 ],
						[ 29.0992404813, 40.9771579956 ],
						[ 29.0994417904, 40.9772152839 ],
						[ 29.1004939769, 40.9775147075 ],
						[ 29.1005840769, 40.9775403467 ],
						[ 29.1005406356, 40.9776280259 ],
						[ 29.1004505367, 40.9776023867 ],
						[ 29.1004021022, 40.9777001453 ],
						[ 29.1004922012, 40.9777257846 ],
						[ 29.1004487609, 40.9778134629 ],
						[ 29.1003586618, 40.9777878236 ],
						[ 29.0991051618, 40.9774311103 ]
					]
				]
			},
			"properties" : {
				"ISTASYON" : "Kozyatağı",
				"PROJE_ADI" : "M8 Bostancı - Dudullu Metro Hattı",
				"PROJE_ASAMA" : "Mevcut Hattaki İstasyon",
				"HAT_TURU" : "Metro",
				"MUDURLUK" : "Anadolu Yakası Raylı Sistemler Müdürlüğü"
			}
		},
		{
			"type" : "Feature",
			"geometry" : {
				"type" : "Polygon",
				"coordinates" : [
					[
						[ 28.8759053378, 41.0799652425 ],
						[ 28.8753887773, 41.0805206589 ],
						[ 28.8753408532, 41.080491906 ],
						[ 28.8758525914, 41.0799391099 ],
						[ 28.8759053378, 41.0799652425 ]
					]
				]
			},
			"properties" : {
				"ISTASYON" : "Metris",
				"PROJE_ADI" : "T4 Topkapı - Mescid-i Selam Tramvay Hattı",
				"PROJE_ASAMA" : "Mevcut Hattaki İstasyon",
				"HAT_TURU" : "Tramvay",
				"MUDURLUK" : "Avrupa Yakası Raylı Sistemler Müdürlüğü"
			}
		},
		{
			"type" : "Feature",
			"geometry" : {
				"type" : "MultiPolygon",
				"coordinates" : [
					[
						[
							[ 28.8630513014, 41.0989231761 ],
							[ 28.8629880224, 41.0997658874 ],
							[ 28.8629632759, 41.0997648301 ],
							[ 28.8630278545, 41.0989221497 ],
							[ 28.8630513014, 41.0989231761 ]
						]
					],
					[
						[
							[ 28.8629798708, 41.0998738389 ],
							[ 28.862941415, 41.100717546 ],
							[ 28.8629167209, 41.1007172239 ],
							[ 28.8629552122, 41.0998727861 ],
							[ 28.8629798708, 41.0998738389 ]
						]
					]
				]
			},
			"properties" : {
				"ISTASYON" : "Yenimahalle",
				"PROJE_ADI" : "T4 Topkapı - Mescid-i Selam Tramvay Hattı",
				"PROJE_ASAMA" : "Mevcut Hattaki İstasyon",
				"HAT_TURU" : "Tramvay",
				"MUDURLUK" : "Avrupa Yakası Raylı Sistemler Müdürlüğü"
			}
		},
		{
			"type" : "Feature",
			"geometry" : {
				"type" : "Polygon",
				"coordinates" : [
					[
						[ 29.0218973278, 41.1080995892 ],
						[ 29.0218413063, 41.1083549523 ],
						[ 29.0197001277, 41.108086211 ],
						[ 29.0197561559, 41.1078308535 ],
						[ 29.0218973278, 41.1080995892 ]
					]
				]
			},
			"properties" : {
				"ISTASYON" : "İTÜ Ayazağa",
				"PROJE_ADI" : "M2 Yenikapı Seyrantepe - Hacıosman Metro Hattı",
				"PROJE_ASAMA" : "Mevcut Hattaki İstasyon",
				"HAT_TURU" : "Metro",
				"MUDURLUK" : "Avrupa Yakası Raylı Sistemler Müdürlüğü"
			}
		},
		{
			"type" : "Feature",
			"geometry" : {
				"type" : "Polygon",
				"coordinates" : [
					[
						[ 29.1649480614, 40.9211144904 ],
						[ 29.1675788176, 40.9203242328 ],
						[ 29.1677497281, 40.9206520443 ],
						[ 29.1651195637, 40.9214421245 ],
						[ 29.1649480614, 40.9211144904 ]
					]
				]
			},
			"properties" : {
				"ISTASYON" : "Esenkent",
				"PROJE_ADI" : "M4 Kadıköy - SGH Metro Hattı",
				"PROJE_ASAMA" : "Mevcut Hattaki İstasyon",
				"HAT_TURU" : "Metro",
				"MUDURLUK" : "Anadolu Yakası Raylı Sistemler Müdürlüğü"
			}
		},
		{
			"type" : "Feature",
			"geometry" : {
				"type" : "Polygon",
				"coordinates" : [
					[
						[ 29.0426620351, 41.0024367742 ],
						[ 29.0463786221, 41.0017503096 ],
						[ 29.0465113706, 41.0021627602 ],
						[ 29.0427947616, 41.0028492297 ],
						[ 29.0426620351, 41.0024367742 ]
					]
				]
			},
			"properties" : {
				"ISTASYON" : "Acıbadem",
				"PROJE_ADI" : "M4 Kadıköy - SGH Metro Hattı",
				"PROJE_ASAMA" : "Mevcut Hattaki İstasyon",
				"HAT_TURU" : "Metro",
				"MUDURLUK" : "Anadolu Yakası Raylı Sistemler Müdürlüğü"
			}
		},
		{
			"type" : "Feature",
			"geometry" : {
				"type" : "Polygon",
				"coordinates" : [
					[
						[ 29.0235804546, 40.9909619677 ],
						[ 29.0235611478, 40.990972469 ],
						[ 29.0233879047, 40.9907896109 ],
						[ 29.0234072103, 40.9907791096 ],
						[ 29.0235804546, 40.9909619677 ]
					]
				]
			},
			"properties" : {
				"ISTASYON" : "İskele",
				"PROJE_ADI" : "T3 Kadıköy - Moda Nostaljik Tramvay Hattı",
				"PROJE_ASAMA" : "Mevcut Hattaki İstasyon",
				"HAT_TURU" : "Tramvay",
				"MUDURLUK" : "Anadolu Yakası Raylı Sistemler Müdürlüğü"
			}
		},
		{
			"type" : "Feature",
			"geometry" : {
				"type" : "Polygon",
				"coordinates" : [
					[
						[ 28.9870136723, 41.0365817483 ],
						[ 28.9866121635, 41.0367911494 ],
						[ 28.9865804378, 41.0367565836 ],
						[ 28.9869821395, 41.0365470834 ],
						[ 28.9870136723, 41.0365817483 ]
					]
				]
			},
			"properties" : {
				"ISTASYON" : "Taksim",
				"PROJE_ADI" : "Taksim - Kabataş Finiküleri",
				"PROJE_ASAMA" : "Mevcut Hattaki İstasyon",
				"HAT_TURU" : "Metro",
				"MUDURLUK" : "Avrupa Yakası Raylı Sistemler Müdürlüğü"
			}
		},
		{
			"type" : "Feature",
			"geometry" : {
				"type" : "MultiPolygon",
				"coordinates" : [
					[
						[
							[ 28.9474714745, 41.0098698243 ],
							[ 28.9474759653, 41.0098841021 ],
							[ 28.9474594554, 41.0098870813 ],
							[ 28.946733566, 41.0100502138 ],
							[ 28.9467249029, 41.0100187002 ],
							[ 28.9468592651, 41.0099826849 ],
							[ 28.9472040386, 41.0099050327 ],
							[ 28.9474469363, 41.0098550833 ],
							[ 28.9474714745, 41.0098698243 ]
						]
					],
					[
						[
							[ 28.947507028, 41.0099400925 ],
							[ 28.9475189205, 41.0099784455 ],
							[ 28.9471094145, 41.0100665403 ],
							[ 28.9467712733, 41.0101412678 ],
							[ 28.9467565777, 41.0101034699 ],
							[ 28.9471607969, 41.0100132939 ],
							[ 28.9474953842, 41.0099389956 ],
							[ 28.947507028, 41.0099400925 ]
						]
					]
				]
			},
			"properties" : {
				"ISTASYON" : "Yusufpaşa",
				"PROJE_ADI" : "T1 Kabataş - Bağcılar Tramvay Hattı",
				"PROJE_ASAMA" : "Mevcut Hattaki İstasyon",
				"HAT_TURU" : "Tramvay",
				"MUDURLUK" : "Avrupa Yakası Raylı Sistemler Müdürlüğü"
			}
		},
		{
			"type" : "Feature",
			"geometry" : {
				"type" : "Polygon",
				"coordinates" : [
					[
						[ 28.9287893707, 41.0340209157 ],
						[ 28.9277360829, 41.0343655887 ],
						[ 28.9277221479, 41.0343411481 ],
						[ 28.928775233, 41.0339961213 ],
						[ 28.9287893707, 41.0340209157 ]
					]
				]
			},
			"properties" : {
				"ISTASYON" : "Şehitlik",
				"PROJE_ADI" : "T4 Topkapı - Mescid-i Selam Tramvay Hattı",
				"PROJE_ASAMA" : "Mevcut Hattaki İstasyon",
				"HAT_TURU" : "Tramvay",
				"MUDURLUK" : "Avrupa Yakası Raylı Sistemler Müdürlüğü"
			}
		},
		{
			"type" : "Feature",
			"geometry" : {
				"type" : "MultiPolygon",
				"coordinates" : [
					[
						[
							[ 28.9256498644, 41.0221385992 ],
							[ 28.9256235212, 41.0221567424 ],
							[ 28.9254878307, 41.0220437357 ],
							[ 28.9254746381, 41.0220528215 ],
							[ 28.9254026539, 41.0219928709 ],
							[ 28.925367472, 41.0220171005 ],
							[ 28.9253435711, 41.0220012929 ],
							[ 28.925331841, 41.0220114656 ],
							[ 28.9252781143, 41.0219759313 ],
							[ 28.9253527747, 41.0219111818 ],
							[ 28.9252344005, 41.0218125957 ],
							[ 28.92520921, 41.0218116899 ],
							[ 28.9248636885, 41.0215239225 ],
							[ 28.9248900473, 41.0215057688 ],
							[ 28.9256498644, 41.0221385992 ]
						]
					],
					[
						[
							[ 28.9256017128, 41.0218687339 ],
							[ 28.9255533383, 41.0219020503 ],
							[ 28.9256333216, 41.0219686629 ],
							[ 28.9256201278, 41.0219777496 ],
							[ 28.9257393029, 41.022077002 ],
							[ 28.9257079843, 41.0220985718 ],
							[ 28.9249481502, 41.0214657524 ],
							[ 28.92497947, 41.0214441828 ],
							[ 28.9254481647, 41.0218345327 ],
							[ 28.9255177296, 41.0217987892 ],
							[ 28.9256017128, 41.0218687339 ]
						]
					]
				]
			},
			"properties" : {
				"ISTASYON" : "Fetihkapı",
				"PROJE_ADI" : "T4 Topkapı - Mescid-i Selam Tramvay Hattı",
				"PROJE_ASAMA" : "Mevcut Hattaki İstasyon",
				"HAT_TURU" : "Tramvay",
				"MUDURLUK" : "Avrupa Yakası Raylı Sistemler Müdürlüğü"
			}
		},
		{
			"type" : "Feature",
			"geometry" : {
				"type" : "Polygon",
				"coordinates" : [
					[
						[ 28.9078343738, 41.0408221667 ],
						[ 28.9066580936, 41.0409543681 ],
						[ 28.9066441263, 41.0408831202 ],
						[ 28.9078204052, 41.0407509189 ],
						[ 28.9078343738, 41.0408221667 ]
					]
				]
			},
			"properties" : {
				"ISTASYON" : "Sağmalcılar",
				"PROJE_ADI" : "M1A Yenikapı - Atatürk Havalimanı Metro Hattı",
				"PROJE_ASAMA" : "Mevcut Hattaki İstasyon",
				"HAT_TURU" : "Metro",
				"MUDURLUK" : "Avrupa Yakası Raylı Sistemler Müdürlüğü"
			}
		},
		{
			"type" : "Feature",
			"geometry" : {
				"type" : "MultiPolygon",
				"coordinates" : [
					[
						[
							[ 28.8947979358, 41.0408021981 ],
							[ 28.8947029456, 41.0408112242 ],
							[ 28.8944591141, 41.0394680943 ],
							[ 28.8945534321, 41.0394586846 ],
							[ 28.8947979358, 41.0408021981 ]
						]
					],
					[
						[
							[ 28.8946699618, 41.0408146735 ],
							[ 28.8945746271, 41.0408250982 ],
							[ 28.8943301279, 41.0394815834 ],
							[ 28.894424954, 41.0394716663 ],
							[ 28.8946699618, 41.0408146735 ]
						]
					]
				]
			},
			"properties" : {
				"ISTASYON" : "Otogar",
				"PROJE_ADI" : "M1A Yenikapı - Atatürk Havalimanı Metro Hattı",
				"PROJE_ASAMA" : "Mevcut Hattaki İstasyon",
				"HAT_TURU" : "Metro",
				"MUDURLUK" : "Avrupa Yakası Raylı Sistemler Müdürlüğü"
			}
		},
		{
			"type" : "Feature",
			"geometry" : {
				"type" : "Polygon",
				"coordinates" : [
					[
						[ 28.8675142724, 41.0875062206 ],
						[ 28.8667424507, 41.0879317153 ],
						[ 28.8665449605, 41.088040587 ],
						[ 28.8663529957, 41.0881549765 ],
						[ 28.8662525649, 41.0882191007 ],
						[ 28.8661399192, 41.0882951577 ],
						[ 28.8660268219, 41.088376285 ],
						[ 28.8660018663, 41.0883569701 ],
						[ 28.8661157647, 41.0882752799 ],
						[ 28.8663301163, 41.0881342397 ],
						[ 28.8665218619, 41.0880182723 ],
						[ 28.8667191324, 41.0879075031 ],
						[ 28.8671050443, 41.0876947569 ],
						[ 28.8674909539, 41.0874820085 ],
						[ 28.8675142724, 41.0875062206 ]
					]
				]
			},
			"properties" : {
				"ISTASYON" : "50.Yıl",
				"PROJE_ADI" : "T4 Topkapı - Mescid-i Selam Tramvay Hattı",
				"PROJE_ASAMA" : "Mevcut Hattaki İstasyon",
				"HAT_TURU" : "Tramvay",
				"MUDURLUK" : "Avrupa Yakası Raylı Sistemler Müdürlüğü"
			}
		},
		{
			"type" : "Feature",
			"geometry" : {
				"type" : "MultiPolygon",
				"coordinates" : [
					[
						[
							[ 28.8466821182, 40.9913728075 ],
							[ 28.845496905, 40.9914625875 ],
							[ 28.8454927717, 40.9914312567 ],
							[ 28.846677511, 40.9913378937 ],
							[ 28.8466821182, 40.9913728075 ]
						]
					],
					[
						[
							[ 28.8466687637, 40.9912715978 ],
							[ 28.8454859202, 40.9913611979 ],
							[ 28.8454813147, 40.9913262841 ],
							[ 28.8466641564, 40.991236684 ],
							[ 28.8466687637, 40.9912715978 ]
						]
					]
				]
			},
			"properties" : {
				"ISTASYON" : "Ataköy - Şirinevler",
				"PROJE_ADI" : "M1A Yenikapı - Atatürk Havalimanı Metro Hattı",
				"PROJE_ASAMA" : "Mevcut Hattaki İstasyon",
				"HAT_TURU" : "Metro",
				"MUDURLUK" : "Avrupa Yakası Raylı Sistemler Müdürlüğü"
			}
		},
		{
			"type" : "Feature",
			"geometry" : {
				"type" : "Polygon",
				"coordinates" : [
					[
						[ 28.8439539389, 41.1221766866 ],
						[ 28.8436728775, 41.1227484186 ],
						[ 28.8436394006, 41.1227390082 ],
						[ 28.8439204564, 41.1221672744 ],
						[ 28.8439539389, 41.1221766866 ]
					]
				]
			},
			"properties" : {
				"ISTASYON" : "Habibler",
				"PROJE_ADI" : "T4 Topkapı - Mescid-i Selam Tramvay Hattı",
				"PROJE_ASAMA" : "Mevcut Hattaki İstasyon",
				"HAT_TURU" : "Tramvay",
				"MUDURLUK" : "Avrupa Yakası Raylı Sistemler Müdürlüğü"
			}
		},
		{
			"type" : "Feature",
			"geometry" : {
				"type" : "Polygon",
				"coordinates" : [
					[
						[ 29.0058445014, 41.095085267 ],
						[ 29.0055295227, 41.0951203253 ],
						[ 29.0052176957, 41.0935169225 ],
						[ 29.0055326669, 41.0934818641 ],
						[ 29.0058445014, 41.095085267 ]
					]
				]
			},
			"properties" : {
				"ISTASYON" : "Sanayi",
				"PROJE_ADI" : "Yenikapı - Hacıosman Metro Hattı",
				"PROJE_ASAMA" : "Mevcut Hattaki İstasyon",
				"HAT_TURU" : "Metro",
				"MUDURLUK" : "Avrupa Yakası Raylı Sistemler Müdürlüğü"
			}
		},
		{
			"type" : "Feature",
			"geometry" : {
				"type" : "Polygon",
				"coordinates" : [
					[
						[ 29.0054912549, 41.0951245845 ],
						[ 29.0051527228, 41.0951622639 ],
						[ 29.0048409072, 41.0935588585 ],
						[ 29.0051794288, 41.0935211816 ],
						[ 29.0054912549, 41.0951245845 ]
					]
				]
			},
			"properties" : {
				"ISTASYON" : "Sanayi",
				"PROJE_ADI" : "Yenikapı - Hacıosman Metro Hattı",
				"PROJE_ASAMA" : "Mevcut Hattaki İstasyon",
				"HAT_TURU" : "Metro",
				"MUDURLUK" : "Avrupa Yakası Raylı Sistemler Müdürlüğü"
			}
		},
		{
			"type" : "Feature",
			"geometry" : {
				"type" : "Polygon",
				"coordinates" : [
					[
						[ 28.9505316236, 41.0060350387 ],
						[ 28.9504158215, 41.0060347883 ],
						[ 28.9504194865, 41.0051465164 ],
						[ 28.9505382586, 41.0051470622 ],
						[ 28.9505316236, 41.0060350387 ]
					]
				]
			},
			"properties" : {
				"ISTASYON" : "Yenikapı",
				"PROJE_ADI" : "M1A Yenikapı - Atatürk Havalimanı Metro Hattı",
				"PROJE_ASAMA" : "Mevcut Hattaki İstasyon",
				"HAT_TURU" : "Metro",
				"MUDURLUK" : "Avrupa Yakası Raylı Sistemler Müdürlüğü"
			}
		},
		{
			"type" : "Feature",
			"geometry" : {
				"type" : "Polygon",
				"coordinates" : [
					[
						[ 28.7877292297, 41.0744770274 ],
						[ 28.7853698255, 41.0747105236 ],
						[ 28.7853312607, 41.0744873405 ],
						[ 28.787690657, 41.074253845 ],
						[ 28.7877292297, 41.0744770274 ]
					]
				]
			},
			"properties" : {
				"ISTASYON" : "Ziya  Mahallesi",
				"PROJE_ADI" : "M9 Bahariye - Olimpiyat Metro Hattı",
				"PROJE_ASAMA" : "Mevcut Hattaki İstasyon",
				"HAT_TURU" : "Metro",
				"MUDURLUK" : "Avrupa Yakası Raylı Sistemler Müdürlüğü"
			}
		},
		{
			"type" : "Feature",
			"geometry" : {
				"type" : "Polygon",
				"coordinates" : [
					[
						[ 28.7908465474, 41.0969119908 ],
						[ 28.7911517332, 41.0968663538 ],
						[ 28.7917224661, 41.0984351437 ],
						[ 28.7914355893, 41.0984879498 ],
						[ 28.7908465474, 41.0969119908 ]
					]
				]
			},
			"properties" : {
				"ISTASYON" : "Başak Konutları",
				"PROJE_ADI" : "M3 Kirazlı - Başakşehir/Metrokent Metro Hattı",
				"PROJE_ASAMA" : "Mevcut Hattaki İstasyon",
				"HAT_TURU" : "Metro",
				"MUDURLUK" : "Avrupa Yakası Raylı Sistemler Müdürlüğü"
			}
		},
		{
			"type" : "Feature",
			"geometry" : {
				"type" : "Polygon",
				"coordinates" : [
					[
						[ 29.1456825419, 40.930780053 ],
						[ 29.1479908945, 40.9288714086 ],
						[ 29.1483337599, 40.9291094119 ],
						[ 29.1460142141, 40.9310206915 ],
						[ 29.1456825419, 40.930780053 ]
					]
				]
			},
			"properties" : {
				"ISTASYON" : "Huzurevi",
				"PROJE_ADI" : "M4 Kadıköy - SGH Metro Hattı",
				"PROJE_ASAMA" : "Mevcut Hattaki İstasyon",
				"HAT_TURU" : "Metro",
				"MUDURLUK" : "Anadolu Yakası Raylı Sistemler Müdürlüğü"
			}
		},
		{
			"type" : "Feature",
			"geometry" : {
				"type" : "Polygon",
				"coordinates" : [
					[
						[ 29.0247859642, 41.0773204264 ],
						[ 29.0247772981, 41.0773840164 ],
						[ 29.0237120757, 41.0773009313 ],
						[ 29.0237120844, 41.0773008243 ],
						[ 29.0237207369, 41.0772373414 ],
						[ 29.0247859642, 41.0773204264 ]
					]
				]
			},
			"properties" : {
				"ISTASYON" : "Nispetiye",
				"PROJE_ADI" : "M6 Levent - Boğaziçi Ünv./Hisarüstü Metro Hattı",
				"PROJE_ASAMA" : "Mevcut Hattaki İstasyon",
				"HAT_TURU" : "Metro",
				"MUDURLUK" : "Avrupa Yakası Raylı Sistemler Müdürlüğü"
			}
		},
		{
			"type" : "Feature",
			"geometry" : {
				"type" : "Polygon",
				"coordinates" : [
					[
						[ 29.0208289455, 40.9883363025 ],
						[ 29.0206970938, 40.9885380117 ],
						[ 29.0206757983, 40.9885300194 ],
						[ 29.0208076489, 40.9883283094 ],
						[ 29.0208289455, 40.9883363025 ]
					]
				]
			},
			"properties" : {
				"ISTASYON" : "Damga Sk.",
				"PROJE_ADI" : "T3 Kadıköy - Moda Nostaljik Tramvay Hattı",
				"PROJE_ASAMA" : "Mevcut Hattaki İstasyon",
				"HAT_TURU" : "Tramvay",
				"MUDURLUK" : "Anadolu Yakası Raylı Sistemler Müdürlüğü"
			}
		},
		{
			"type" : "Feature",
			"geometry" : {
				"type" : "Polygon",
				"coordinates" : [
					[
						[ 29.0122020986, 41.0693977083 ],
						[ 29.0121373114, 41.0695008568 ],
						[ 29.0096463436, 41.0686011754 ],
						[ 29.0097111601, 41.0684979331 ],
						[ 29.0122020986, 41.0693977083 ]
					]
				]
			},
			"properties" : {
				"ISTASYON" : "Gayrettepe",
				"PROJE_ADI" : "M2 Yenikapı Seyrantepe - Hacıosman Metro Hattı",
				"PROJE_ASAMA" : "Mevcut Hattaki İstasyon",
				"HAT_TURU" : "Metro",
				"MUDURLUK" : "Avrupa Yakası Raylı Sistemler Müdürlüğü"
			}
		},
		{
			"type" : "Feature",
			"geometry" : {
				"type" : "Polygon",
				"coordinates" : [
					[
						[ 29.0076045396, 41.0852803697 ],
						[ 29.0069057451, 41.0868161763 ],
						[ 29.0065829812, 41.0867321055 ],
						[ 29.0072816767, 41.0851962731 ],
						[ 29.0076045396, 41.0852803697 ]
					]
				]
			},
			"properties" : {
				"ISTASYON" : "4. Levent",
				"PROJE_ADI" : "M2 Yenikapı Seyrantepe - Hacıosman Metro Hattı",
				"PROJE_ASAMA" : "Mevcut Hattaki İstasyon",
				"HAT_TURU" : "Metro",
				"MUDURLUK" : "Avrupa Yakası Raylı Sistemler Müdürlüğü"
			}
		},
		{
			"type" : "Feature",
			"geometry" : {
				"type" : "MultiPolygon",
				"coordinates" : [
					[
						[
							[ 28.9818120418, 41.0273386382 ],
							[ 28.9817995011, 41.0273562372 ],
							[ 28.981148481, 41.0271353742 ],
							[ 28.9811609949, 41.02711782 ],
							[ 28.9818120418, 41.0273386382 ]
						]
					],
					[
						[
							[ 28.9805682999, 41.0268719616 ],
							[ 28.9805533552, 41.0268884488 ],
							[ 28.9799371039, 41.0266163345 ],
							[ 28.9799520158, 41.0265998894 ],
							[ 28.9805682999, 41.0268719616 ]
						]
					]
				]
			},
			"properties" : {
				"ISTASYON" : "Tophane",
				"PROJE_ADI" : "T1 Kabataş - Bağcılar Tramvay Hattı",
				"PROJE_ASAMA" : "Mevcut Hattaki İstasyon",
				"HAT_TURU" : "Tramvay",
				"MUDURLUK" : "Avrupa Yakası Raylı Sistemler Müdürlüğü"
			}
		},
		{
			"type" : "Feature",
			"geometry" : {
				"type" : "Polygon",
				"coordinates" : [
					[
						[ 28.9446525835, 41.0106287994 ],
						[ 28.9439554436, 41.010809222 ],
						[ 28.9439449364, 41.0107858493 ],
						[ 28.9446402539, 41.0106066077 ],
						[ 28.9446525835, 41.0106287994 ]
					]
				]
			},
			"properties" : {
				"ISTASYON" : "Haseki",
				"PROJE_ADI" : "T1 Kabataş - Bağcılar Tramvay Hattı",
				"PROJE_ASAMA" : "Mevcut Hattaki İstasyon",
				"HAT_TURU" : "Tramvay",
				"MUDURLUK" : "Avrupa Yakası Raylı Sistemler Müdürlüğü"
			}
		},
		{
			"type" : "Feature",
			"geometry" : {
				"type" : "Polygon",
				"coordinates" : [
					[
						[ 28.9343210773, 41.0310665862 ],
						[ 28.9342631014, 41.0311452155 ],
						[ 28.93375359, 41.031806418 ],
						[ 28.9337235949, 41.0318450285 ],
						[ 28.9336304381, 41.0318035317 ],
						[ 28.9336604467, 41.0317648934 ],
						[ 28.9341722042, 41.0311046918 ],
						[ 28.9342372522, 41.0310294991 ],
						[ 28.9343210773, 41.0310665862 ]
					]
				]
			},
			"properties" : {
				"ISTASYON" : "Edirnekapı",
				"PROJE_ADI" : "T4 Topkapı - Mescid-i Selam Tramvay Hattı",
				"PROJE_ASAMA" : "Mevcut Hattaki İstasyon",
				"HAT_TURU" : "Tramvay",
				"MUDURLUK" : "Avrupa Yakası Raylı Sistemler Müdürlüğü"
			}
		},
		{
			"type" : "Feature",
			"geometry" : {
				"type" : "MultiPolygon",
				"coordinates" : [
					[
						[
							[ 28.9003249506, 41.0202085035 ],
							[ 28.9000142377, 41.0210751282 ],
							[ 28.8999665104, 41.0210653127 ],
							[ 28.9002772252, 41.0201986881 ],
							[ 28.9003249506, 41.0202085035 ]
						]
					],
					[
						[
							[ 28.9004579172, 41.0202358488 ],
							[ 28.9001472059, 41.0211024739 ],
							[ 28.9000994786, 41.0210926584 ],
							[ 28.9004101906, 41.0202260334 ],
							[ 28.9004579172, 41.0202358488 ]
						]
					]
				]
			},
			"properties" : {
				"ISTASYON" : "Davutpaşa - YTÜ",
				"PROJE_ADI" : "M1A Yenikapı - Atatürk Havalimanı Metro Hattı",
				"PROJE_ASAMA" : "Mevcut Hattaki İstasyon",
				"HAT_TURU" : "Metro",
				"MUDURLUK" : "Avrupa Yakası Raylı Sistemler Müdürlüğü"
			}
		},
		{
			"type" : "Feature",
			"geometry" : {
				"type" : "Polygon",
				"coordinates" : [
					[
						[ 28.8890089657, 41.0370818405 ],
						[ 28.8886610773, 41.0371251124 ],
						[ 28.8884890537, 41.0371269479 ],
						[ 28.8883543021, 41.0371188796 ],
						[ 28.8882133575, 41.0371104407 ],
						[ 28.8879108888, 41.0370634928 ],
						[ 28.8879187594, 41.0369485887 ],
						[ 28.8882627899, 41.0369946238 ],
						[ 28.8884171738, 41.0370081978 ],
						[ 28.888595427, 41.0370099161 ],
						[ 28.8888112547, 41.0369908129 ],
						[ 28.8889747795, 41.0369704739 ],
						[ 28.8890089657, 41.0370818405 ]
					]
				]
			},
			"properties" : {
				"ISTASYON" : "Esenler",
				"PROJE_ADI" : "M1A Yenikapı - Atatürk Havalimanı Metro Hattı",
				"PROJE_ASAMA" : "Mevcut Hattaki İstasyon",
				"HAT_TURU" : "Metro",
				"MUDURLUK" : "Avrupa Yakası Raylı Sistemler Müdürlüğü"
			}
		},
		{
			"type" : "Feature",
			"geometry" : {
				"type" : "Polygon",
				"coordinates" : [
					[
						[ 28.8432477317, 41.0311457914 ],
						[ 28.8434798784, 41.0312132145 ],
						[ 28.8422777613, 41.0334732612 ],
						[ 28.8420750178, 41.0333627348 ],
						[ 28.8432477317, 41.0311457914 ]
					]
				]
			},
			"properties" : {
				"ISTASYON" : "Kirazlı",
				"PROJE_ADI" : "M3 Kirazlı - Başakşehir/Metrokent Metro Hattı",
				"PROJE_ASAMA" : "Mevcut Hattaki İstasyon",
				"HAT_TURU" : "Metro",
				"MUDURLUK" : "Avrupa Yakası Raylı Sistemler Müdürlüğü"
			}
		},
		{
			"type" : "Feature",
			"geometry" : {
				"type" : "Polygon",
				"coordinates" : [
					[
						[ 28.7969947652, 41.0804183474 ],
						[ 28.7973019382, 41.0803655372 ],
						[ 28.797821523, 41.0819521331 ],
						[ 28.7975210247, 41.0820075607 ],
						[ 28.7969947652, 41.0804183474 ]
					]
				]
			},
			"properties" : {
				"ISTASYON" : "Turgut Özal",
				"PROJE_ADI" : "M3 Kirazlı - Başakşehir/Metrokent Metro Hattı",
				"PROJE_ASAMA" : "Mevcut Hattaki İstasyon",
				"HAT_TURU" : "Metro",
				"MUDURLUK" : "Avrupa Yakası Raylı Sistemler Müdürlüğü"
			}
		},
		{
			"type" : "Feature",
			"geometry" : {
				"type" : "Polygon",
				"coordinates" : [
					[
						[ 29.089347716, 40.9857086485 ],
						[ 29.0889767005, 40.9853905451 ],
						[ 29.0914278367, 40.983748864 ],
						[ 29.0917988563, 40.9840669597 ],
						[ 29.089347716, 40.9857086485 ]
					]
				]
			},
			"properties" : {
				"ISTASYON" : "Yenisahra",
				"PROJE_ADI" : "M4 Kadıköy - SGH Metro Hattı",
				"PROJE_ASAMA" : "Mevcut Hattaki İstasyon",
				"HAT_TURU" : "Metro",
				"MUDURLUK" : "Anadolu Yakası Raylı Sistemler Müdürlüğü"
			}
		},
		{
			"type" : "Feature",
			"geometry" : {
				"type" : "Polygon",
				"coordinates" : [
					[
						[ 29.0305063672, 41.0013188721 ],
						[ 29.0305060096, 41.0013189465 ],
						[ 29.0296542872, 40.9989771732 ],
						[ 29.0301244464, 40.9988784705 ],
						[ 29.0309785964, 41.0012201221 ],
						[ 29.0305063672, 41.0013188721 ]
					]
				]
			},
			"properties" : {
				"ISTASYON" : "Ayrılık Çeşmesi",
				"PROJE_ADI" : "M4 Kadıköy - SGH Metro Hattı",
				"PROJE_ASAMA" : "Mevcut Hattaki İstasyon",
				"HAT_TURU" : "Metro",
				"MUDURLUK" : "Anadolu Yakası Raylı Sistemler Müdürlüğü"
			}
		},
		{
			"type" : "Feature",
			"geometry" : {
				"type" : "Polygon",
				"coordinates" : [
					[
						[ 29.0214637556, 40.9851368149 ],
						[ 29.0212009937, 40.9852417985 ],
						[ 29.0211899109, 40.98522587 ],
						[ 29.0214526728, 40.9851208864 ],
						[ 29.0214637556, 40.9851368149 ]
					]
				]
			},
			"properties" : {
				"ISTASYON" : "Mühürdar",
				"PROJE_ADI" : "T3 Kadıköy - Moda Nostaljik Tramvay Hattı",
				"PROJE_ASAMA" : "Mevcut Hattaki İstasyon",
				"HAT_TURU" : "Tramvay",
				"MUDURLUK" : "Anadolu Yakası Raylı Sistemler Müdürlüğü"
			}
		},
		{
			"type" : "Feature",
			"geometry" : {
				"type" : "Polygon",
				"coordinates" : [
					[
						[ 28.992752601, 41.0344725748 ],
						[ 28.9927296082, 41.0344825118 ],
						[ 28.9927066165, 41.0344924498 ],
						[ 28.9922849958, 41.0340438652 ],
						[ 28.9923262733, 41.0340227561 ],
						[ 28.992752601, 41.0344725748 ]
					]
				]
			},
			"properties" : {
				"ISTASYON" : "Kabataş",
				"PROJE_ADI" : "Kabataş - Bağcılar Tramvayı",
				"PROJE_ASAMA" : "Mevcut Hattaki İstasyon",
				"HAT_TURU" : "Tramvay",
				"MUDURLUK" : "Avrupa Yakası Raylı Sistemler Müdürlüğü"
			}
		},
		{
			"type" : "Feature",
			"geometry" : {
				"type" : "Polygon",
				"coordinates" : [
					[
						[ 28.9924963906, 41.0338128024 ],
						[ 28.992073373, 41.0340334595 ],
						[ 28.9920376213, 41.0339941614 ],
						[ 28.99246064, 41.0337735045 ],
						[ 28.9924963906, 41.0338128024 ]
					]
				]
			},
			"properties" : {
				"ISTASYON" : "Kabataş",
				"PROJE_ADI" : "Taksim - Kabataş Finiküleri",
				"PROJE_ASAMA" : "Mevcut Hattaki İstasyon",
				"HAT_TURU" : "Metro",
				"MUDURLUK" : "Avrupa Yakası Raylı Sistemler Müdürlüğü"
			}
		},
		{
			"type" : "Feature",
			"geometry" : {
				"type" : "Polygon",
				"coordinates" : [
					[
						[ 28.9870654419, 41.036638659 ],
						[ 28.9866637411, 41.0368481595 ],
						[ 28.9866322072, 41.0368134945 ],
						[ 28.9870339079, 41.0366039932 ],
						[ 28.9870654419, 41.036638659 ]
					]
				]
			},
			"properties" : {
				"ISTASYON" : "Taksim",
				"PROJE_ADI" : "Taksim - Kabataş Finiküleri",
				"PROJE_ASAMA" : "Mevcut Hattaki İstasyon",
				"HAT_TURU" : "Metro",
				"MUDURLUK" : "Avrupa Yakası Raylı Sistemler Müdürlüğü"
			}
		},
		{
			"type" : "Feature",
			"geometry" : {
				"type" : "Polygon",
				"coordinates" : [
					[
						[ 28.9784877524, 41.012354142 ],
						[ 28.9784829209, 41.0124050345 ],
						[ 28.9784770945, 41.0124222164 ],
						[ 28.9784407611, 41.0124176821 ],
						[ 28.9784469721, 41.01237561 ],
						[ 28.9784385807, 41.0122700309 ],
						[ 28.978340608, 41.0119271676 ],
						[ 28.9783448266, 41.0119218744 ],
						[ 28.9783706261, 41.0119170246 ],
						[ 28.9783859171, 41.0119207168 ],
						[ 28.9784641723, 41.0122190856 ],
						[ 28.978476876, 41.012267443 ],
						[ 28.9784831017, 41.0122999843 ],
						[ 28.9784877524, 41.012354142 ]
					]
				]
			},
			"properties" : {
				"ISTASYON" : "Gülhane",
				"PROJE_ADI" : "T1 Kabataş - Bağcılar Tramvay Hattı",
				"PROJE_ASAMA" : "Mevcut Hattaki İstasyon",
				"HAT_TURU" : "Tramvay",
				"MUDURLUK" : "Avrupa Yakası Raylı Sistemler Müdürlüğü"
			}
		},
		{
			"type" : "Feature",
			"geometry" : {
				"type" : "MultiPolygon",
				"coordinates" : [
					[
						[
							[ 28.9753227725, 41.0081648291 ],
							[ 28.9753184317, 41.0081641962 ],
							[ 28.9753154221, 41.0081413252 ],
							[ 28.9760340439, 41.008086352 ],
							[ 28.976040006, 41.0081097174 ],
							[ 28.9756228161, 41.0081404451 ],
							[ 28.9756205215, 41.0081504466 ],
							[ 28.9755288513, 41.0081578997 ],
							[ 28.975527589, 41.0081489912 ],
							[ 28.9753227725, 41.0081648291 ]
						]
					],
					[
						[
							[ 28.975168583, 41.0080954487 ],
							[ 28.9751648436, 41.0080951273 ],
							[ 28.9751618448, 41.008071482 ],
							[ 28.9753588117, 41.0080543771 ],
							[ 28.9753568714, 41.0080415105 ],
							[ 28.97539079, 41.0080380842 ],
							[ 28.9753901414, 41.0080316133 ],
							[ 28.9754440059, 41.0080261987 ],
							[ 28.9754450609, 41.0080322185 ],
							[ 28.9754662623, 41.0080325241 ],
							[ 28.9754685054, 41.0080442588 ],
							[ 28.9758179164, 41.0080135147 ],
							[ 28.9758775171, 41.0080104326 ],
							[ 28.9758815697, 41.0080327456 ],
							[ 28.975168583, 41.0080954487 ]
						]
					]
				]
			},
			"properties" : {
				"ISTASYON" : "Sultanahmet",
				"PROJE_ADI" : "T1 Kabataş - Bağcılar Tramvay Hattı",
				"PROJE_ASAMA" : "Mevcut Hattaki İstasyon",
				"HAT_TURU" : "Tramvay",
				"MUDURLUK" : "Avrupa Yakası Raylı Sistemler Müdürlüğü"
			}
		},
		{
			"type" : "Feature",
			"geometry" : {
				"type" : "MultiPolygon",
				"coordinates" : [
					[
						[
							[ 28.940011302, 41.0172850642 ],
							[ 28.9391356816, 41.0178898088 ],
							[ 28.9390852203, 41.0178478953 ],
							[ 28.9399608406, 41.0172431502 ],
							[ 28.940011302, 41.0172850642 ]
						]
					],
					[
						[
							[ 28.9401154291, 41.0173715528 ],
							[ 28.9392398085, 41.0179762981 ],
							[ 28.9391893471, 41.0179343846 ],
							[ 28.9400649676, 41.0173296388 ],
							[ 28.9401154291, 41.0173715528 ]
						]
					]
				]
			},
			"properties" : {
				"ISTASYON" : "Emniyet - Fatih",
				"PROJE_ADI" : "M1A Yenikapı - Atatürk Havalimanı Metro Hattı",
				"PROJE_ASAMA" : "Mevcut Hattaki İstasyon",
				"HAT_TURU" : "Metro",
				"MUDURLUK" : "Avrupa Yakası Raylı Sistemler Müdürlüğü"
			}
		},
		{
			"type" : "Feature",
			"geometry" : {
				"type" : "MultiPolygon",
				"coordinates" : [
					[
						[
							[ 28.9296527781, 41.0258086716 ],
							[ 28.9296390684, 41.0258714849 ],
							[ 28.929777535, 41.0260178763 ],
							[ 28.9297388738, 41.0260388486 ],
							[ 28.929054566, 41.0253025421 ],
							[ 28.9290852104, 41.0252859185 ],
							[ 28.9292236734, 41.0254323105 ],
							[ 28.9293066157, 41.0254426933 ],
							[ 28.9293412325, 41.0254792908 ],
							[ 28.9292929057, 41.0255055065 ],
							[ 28.9295698365, 41.0257982891 ],
							[ 28.9296181622, 41.0257720742 ],
							[ 28.9296527781, 41.0258086716 ]
						]
					],
					[
						[
							[ 28.9292586881, 41.0256339953 ],
							[ 28.9296746001, 41.0260737154 ],
							[ 28.9296358747, 41.0260949825 ],
							[ 28.9294974725, 41.0259482962 ],
							[ 28.9294145295, 41.0259379135 ],
							[ 28.9293799136, 41.0259013151 ],
							[ 28.9294282395, 41.0258751003 ],
							[ 28.9291513102, 41.0255823165 ],
							[ 28.9291029833, 41.0256085321 ],
							[ 28.9290683677, 41.0255719336 ],
							[ 28.929082078, 41.0255091204 ],
							[ 28.9289436139, 41.0253627291 ],
							[ 28.9289902614, 41.0253374245 ],
							[ 28.9290723833, 41.0254302087 ],
							[ 28.9292586881, 41.0256339953 ]
						]
					]
				]
			},
			"properties" : {
				"ISTASYON" : "Vatan",
				"PROJE_ADI" : "T4 Topkapı - Mescid-i Selam Tramvay Hattı",
				"PROJE_ASAMA" : "Mevcut Hattaki İstasyon",
				"HAT_TURU" : "Tramvay",
				"MUDURLUK" : "Avrupa Yakası Raylı Sistemler Müdürlüğü"
			}
		},
		{
			"type" : "Feature",
			"geometry" : {
				"type" : "MultiPolygon",
				"coordinates" : [
					[
						[
							[ 28.9160951969, 41.0458438548 ],
							[ 28.9159035712, 41.0461371776 ],
							[ 28.9158461493, 41.046115406 ],
							[ 28.9160408654, 41.0458234442 ],
							[ 28.9160951969, 41.0458438548 ]
						]
					],
					[
						[
							[ 28.9153474987, 41.046961284 ],
							[ 28.9152767085, 41.0470598256 ],
							[ 28.9152841367, 41.0470777485 ],
							[ 28.9152107313, 41.0471798825 ],
							[ 28.9151978267, 41.0471827676 ],
							[ 28.9151599632, 41.0472354485 ],
							[ 28.9151049004, 41.0473020808 ],
							[ 28.9150461183, 41.0472770509 ],
							[ 28.915066016, 41.0472493671 ],
							[ 28.9150946726, 41.0472085528 ],
							[ 28.9152008762, 41.0470601725 ],
							[ 28.9152101847, 41.0470581937 ],
							[ 28.915295286, 41.0469397863 ],
							[ 28.9153474987, 41.046961284 ]
						]
					]
				]
			},
			"properties" : {
				"ISTASYON" : "Rami",
				"PROJE_ADI" : "T4 Topkapı - Mescid-i Selam Tramvay Hattı",
				"PROJE_ASAMA" : "Mevcut Hattaki İstasyon",
				"HAT_TURU" : "Tramvay",
				"MUDURLUK" : "Avrupa Yakası Raylı Sistemler Müdürlüğü"
			}
		},
		{
			"type" : "Feature",
			"geometry" : {
				"type" : "Polygon",
				"coordinates" : [
					[
						[ 28.9023220232, 41.0613842511 ],
						[ 28.9018785914, 41.0622968564 ],
						[ 28.9018450959, 41.0622875374 ],
						[ 28.9022885354, 41.0613749196 ],
						[ 28.9023220232, 41.0613842511 ]
					]
				]
			},
			"properties" : {
				"ISTASYON" : "Bosna Çukurçeşme",
				"PROJE_ADI" : "T4 Topkapı - Mescid-i Selam Tramvay Hattı",
				"PROJE_ASAMA" : "Mevcut Hattaki İstasyon",
				"HAT_TURU" : "Tramvay",
				"MUDURLUK" : "Avrupa Yakası Raylı Sistemler Müdürlüğü"
			}
		},
		{
			"type" : "Feature",
			"geometry" : {
				"type" : "Polygon",
				"coordinates" : [
					[
						[ 29.2739871122, 40.8600870383 ],
						[ 29.2739848996, 40.8600906731 ],
						[ 29.2739755842, 40.8601060098 ],
						[ 29.2739662795, 40.8601213449 ],
						[ 29.2737427245, 40.8604898328 ],
						[ 29.2737328013, 40.8605061887 ],
						[ 29.2737228768, 40.8605225437 ],
						[ 29.27371295, 40.8605388959 ],
						[ 29.2737030185, 40.8605552455 ],
						[ 29.2736930823, 40.8605715922 ],
						[ 29.2736831378, 40.8605879345 ],
						[ 29.2736731851, 40.8606042731 ],
						[ 29.2736632205, 40.8606206062 ],
						[ 29.2736532453, 40.8606369347 ],
						[ 29.2736432559, 40.8606532568 ],
						[ 29.2736332501, 40.8606695716 ],
						[ 29.2736232288, 40.8606858801 ],
						[ 29.2736131887, 40.8607021803 ],
						[ 29.2736031236, 40.8607184794 ],
						[ 29.2735930518, 40.8607347461 ],
						[ 29.2735356648, 40.8608265501 ],
						[ 29.2734775312, 40.8609180621 ],
						[ 29.2734186415, 40.8610092947 ],
						[ 29.2733590003, 40.861100246 ],
						[ 29.2732986077, 40.8611909107 ],
						[ 29.2732374553, 40.8612813023 ],
						[ 29.2732265612, 40.8612972612 ],
						[ 29.2732156374, 40.8613132217 ],
						[ 29.2732046887, 40.861329183 ],
						[ 29.2731937199, 40.8613451369 ],
						[ 29.2731827334, 40.8613610854 ],
						[ 29.2731717303, 40.8613770292 ],
						[ 29.273160713, 40.8613929675 ],
						[ 29.2731496827, 40.861408903 ],
						[ 29.2731386406, 40.861424834 ],
						[ 29.273127589, 40.8614407622 ],
						[ 29.2731165292, 40.8614566885 ],
						[ 29.273105461, 40.8614726139 ],
						[ 29.2730943893, 40.8614885374 ],
						[ 29.2730833128, 40.8615044619 ],
						[ 29.273072234, 40.8615203854 ],
						[ 29.2728082419, 40.8618998248 ],
						[ 29.2727353405, 40.8618741563 ],
						[ 29.2730216052, 40.8614055358 ],
						[ 29.2730315855, 40.8613891984 ],
						[ 29.2730415669, 40.8613728627 ],
						[ 29.2730515507, 40.8613565289 ],
						[ 29.2730615381, 40.8613401978 ],
						[ 29.2730715325, 40.8613238704 ],
						[ 29.2730815328, 40.8613075465 ],
						[ 29.2730915425, 40.8612912273 ],
						[ 29.2731015629, 40.8612749126 ],
						[ 29.2731115962, 40.8612586034 ],
						[ 29.2731216425, 40.8612422997 ],
						[ 29.2731317042, 40.8612260033 ],
						[ 29.2731417823, 40.8612097141 ],
						[ 29.2731518794, 40.8611934324 ],
						[ 29.2731619917, 40.8611771669 ],
						[ 29.2731721216, 40.8611609177 ],
						[ 29.2732240186, 40.8610783839 ],
						[ 29.2732765201, 40.860996088 ],
						[ 29.2733296323, 40.8609140193 ],
						[ 29.2733833538, 40.8608321795 ],
						[ 29.2734376834, 40.8607505704 ],
						[ 29.2734926285, 40.8606691813 ],
						[ 29.2735035, 40.8606532114 ],
						[ 29.2735144073, 40.8606372282 ],
						[ 29.273525331, 40.8606212587 ],
						[ 29.2735362748, 40.8606052956 ],
						[ 29.2735472351, 40.8605893379 ],
						[ 29.2735582132, 40.8605733858 ],
						[ 29.2735692042, 40.8605574383 ],
						[ 29.2735802094, 40.8605414954 ],
						[ 29.2735912265, 40.8605255552 ],
						[ 29.273602253, 40.8605096178 ],
						[ 29.2736132878, 40.8604936823 ],
						[ 29.2736243296, 40.8604777485 ],
						[ 29.2736353762, 40.8604618158 ],
						[ 29.2736464276, 40.860445883 ],
						[ 29.2736574813, 40.8604299503 ],
						[ 29.2739152976, 40.8600583203 ],
						[ 29.2739871122, 40.8600870383 ]
					]
				]
			},
			"properties" : {
				"ISTASYON" : "Tersane",
				"PROJE_ADI" : "Halkalı - Gebze Marmaray Yüzeysel Metro Hattı",
				"PROJE_ASAMA" : "Mevcut Hattaki İstasyon",
				"HAT_TURU" : "Banliyö",
				"MUDURLUK" : "Ulaştırma Bakanlığı"
			}
		},
		{
			"type" : "Feature",
			"geometry" : {
				"type" : "MultiPolygon",
				"coordinates" : [
					[
						[
							[ 28.7668398723, 41.019490636 ],
							[ 28.7667186211, 41.0194911583 ],
							[ 28.7667027266, 41.0173753896 ],
							[ 28.766823974, 41.0173748672 ],
							[ 28.7668398723, 41.019490636 ]
						]
					],
					[
						[
							[ 28.7666211755, 41.019384901 ],
							[ 28.7665566966, 41.0193851789 ],
							[ 28.7665359046, 41.0192894629 ],
							[ 28.766521452, 41.0192062173 ],
							[ 28.7665155161, 41.0191644764 ],
							[ 28.7665104421, 41.01912267 ],
							[ 28.7665046719, 41.0190652958 ],
							[ 28.7665004056, 41.0189969632 ],
							[ 28.7664987906, 41.0189549985 ],
							[ 28.7664980414, 41.0189129601 ],
							[ 28.7664778371, 41.0163333111 ],
							[ 28.7665982503, 41.0163327927 ],
							[ 28.7666211755, 41.019384901 ]
						]
					],
					[
						[
							[ 28.7663994627, 41.0189973982 ],
							[ 28.7663868689, 41.0191650309 ],
							[ 28.7663683577, 41.0192901844 ],
							[ 28.7663488696, 41.0193860735 ],
							[ 28.7662836939, 41.0193863545 ],
							[ 28.7662577437, 41.0159290989 ],
							[ 28.7663789884, 41.015928577 ],
							[ 28.7663994627, 41.0189973982 ]
						]
					],
					[
						[
							[ 28.7661878821, 41.0193867668 ],
							[ 28.7660666311, 41.0193872884 ],
							[ 28.766040691, 41.0159300338 ],
							[ 28.7661643925, 41.0159295375 ],
							[ 28.7661878821, 41.0193867668 ]
						]
					]
				]
			},
			"properties" : {
				"ISTASYON" : "Halkalı",
				"PROJE_ADI" : "Halkalı - Gebze Marmaray Yüzeysel Metro Hattı",
				"PROJE_ASAMA" : "Mevcut Hattaki İstasyon",
				"HAT_TURU" : "Banliyö",
				"MUDURLUK" : "Ulaştırma Bakanlığı"
			}
		},
		{
			"type" : "Feature",
			"geometry" : {
				"type" : "Polygon",
				"coordinates" : [
					[
						[ 28.796990602, 40.9675776648 ],
						[ 28.7972374643, 40.9677107019 ],
						[ 28.7971202503, 40.9678364419 ],
						[ 28.7972982675, 40.9679334813 ],
						[ 28.7972152717, 40.9680219642 ],
						[ 28.7971498319, 40.9679905845 ],
						[ 28.7971994584, 40.9679376774 ],
						[ 28.7970837712, 40.967875333 ],
						[ 28.7969793537, 40.9679858746 ],
						[ 28.7968976898, 40.967942418 ],
						[ 28.7968440024, 40.9679996533 ],
						[ 28.7967975333, 40.9679746115 ],
						[ 28.7968512207, 40.9679173753 ],
						[ 28.7967324898, 40.9678528377 ],
						[ 28.7968118167, 40.967768268 ],
						[ 28.7967677735, 40.9677445319 ],
						[ 28.7968729812, 40.967634693 ],
						[ 28.7969155774, 40.9676576486 ],
						[ 28.796990602, 40.9675776648 ]
					]
				]
			},
			"properties" : {
				"ISTASYON" : "Florya Akvaryum",
				"PROJE_ADI" : "Halkalı - Gebze Marmaray Yüzeysel Metro Hattı",
				"PROJE_ASAMA" : "Mevcut Hattaki İstasyon",
				"HAT_TURU" : "Banliyö",
				"MUDURLUK" : "Ulaştırma Bakanlığı"
			}
		},
		{
			"type" : "Feature",
			"geometry" : {
				"type" : "MultiPolygon",
				"coordinates" : [
					[
						[
							[ 28.8247563144, 40.9629012894 ],
							[ 28.8246159006, 40.9629135563 ],
							[ 28.8246082401, 40.9628670964 ],
							[ 28.8247493108, 40.9628552252 ],
							[ 28.8247563144, 40.9629012894 ]
						]
					],
					[
						[
							[ 28.8248841645, 40.9624564452 ],
							[ 28.8248245773, 40.962461651 ],
							[ 28.8248051279, 40.9623022617 ],
							[ 28.824858224, 40.9622976236 ],
							[ 28.8248841645, 40.9624564452 ]
						]
					]
				]
			},
			"properties" : {
				"ISTASYON" : "Yeşilköy",
				"PROJE_ADI" : "Halkalı - Gebze Marmaray Yüzeysel Metro Hattı",
				"PROJE_ASAMA" : "Mevcut Hattaki İstasyon",
				"HAT_TURU" : "Banliyö",
				"MUDURLUK" : "Ulaştırma Bakanlığı"
			}
		},
		{
			"type" : "Feature",
			"geometry" : {
				"type" : "Polygon",
				"coordinates" : [
					[
						[ 29.0760239002, 40.9723421261 ],
						[ 29.0760584131, 40.9722566212 ],
						[ 29.0761937868, 40.9719209157 ],
						[ 29.0762888575, 40.9716853856 ],
						[ 29.076358848, 40.9715145986 ],
						[ 29.0765250627, 40.9711322469 ],
						[ 29.0766877258, 40.9707664186 ],
						[ 29.0767724313, 40.9705760365 ],
						[ 29.0768444183, 40.9704142373 ],
						[ 29.0769234262, 40.9704330392 ],
						[ 29.0767121411, 40.9709886322 ],
						[ 29.0766388795, 40.9711786422 ],
						[ 29.0765943543, 40.9712905475 ],
						[ 29.0765201298, 40.9714712652 ],
						[ 29.0763959041, 40.9717621315 ],
						[ 29.0763504924, 40.9718586598 ],
						[ 29.076214838, 40.9721470112 ],
						[ 29.0761083524, 40.9723618808 ],
						[ 29.0760239002, 40.9723421261 ]
					]
				]
			},
			"properties" : {
				"ISTASYON" : "Erenköy",
				"PROJE_ADI" : "Halkalı - Gebze Marmaray Yüzeysel Metro Hattı",
				"PROJE_ASAMA" : "Mevcut Hattaki İstasyon",
				"HAT_TURU" : "Banliyö",
				"MUDURLUK" : "Ulaştırma Bakanlığı"
			}
		},
		{
			"type" : "Feature",
			"geometry" : {
				"type" : "Polygon",
				"coordinates" : [
					[
						[ 29.0831522041, 40.9607256157 ],
						[ 29.0831328511, 40.9606620708 ],
						[ 29.0835597917, 40.9605784078 ],
						[ 29.0838128435, 40.9605294201 ],
						[ 29.0839548858, 40.9605027914 ],
						[ 29.084212082, 40.9604565947 ],
						[ 29.0844325853, 40.9604189432 ],
						[ 29.0849050233, 40.9603443385 ],
						[ 29.0853326021, 40.9602798671 ],
						[ 29.0857416059, 40.9602181679 ],
						[ 29.0857580745, 40.9602732982 ],
						[ 29.0853372143, 40.9603570564 ],
						[ 29.0850845621, 40.9604073382 ],
						[ 29.0846681378, 40.9604859479 ],
						[ 29.0843820595, 40.9605361879 ],
						[ 29.0841366806, 40.9605767331 ],
						[ 29.0836617232, 40.9606495236 ],
						[ 29.0831522041, 40.9607256157 ]
					]
				]
			},
			"properties" : {
				"ISTASYON" : "Suadiye",
				"PROJE_ADI" : "Halkalı - Gebze Marmaray Yüzeysel Metro Hattı",
				"PROJE_ASAMA" : "Mevcut Hattaki İstasyon",
				"HAT_TURU" : "Banliyö",
				"MUDURLUK" : "Ulaştırma Bakanlığı"
			}
		},
		{
			"type" : "Feature",
			"geometry" : {
				"type" : "Polygon",
				"coordinates" : [
					[
						[ 28.9049436519, 40.9854042251 ],
						[ 28.9053760355, 40.9857638168 ],
						[ 28.9055581594, 40.9856425664 ],
						[ 28.905588101, 40.9856674669 ],
						[ 28.9054031262, 40.9857910252 ],
						[ 28.9054259341, 40.9858099926 ],
						[ 28.9053556722, 40.9858585057 ],
						[ 28.904867243, 40.9854569828 ],
						[ 28.9049436519, 40.9854042251 ]
					]
				]
			},
			"properties" : {
				"ISTASYON" : "Zeytinburnu",
				"PROJE_ADI" : "Halkalı - Gebze Marmaray Yüzeysel Metro Hattı",
				"PROJE_ASAMA" : "Mevcut Hattaki İstasyon",
				"HAT_TURU" : "Banliyö",
				"MUDURLUK" : "Ulaştırma Bakanlığı"
			}
		},
		{
			"type" : "Feature",
			"geometry" : {
				"type" : "Polygon",
				"coordinates" : [
					[
						[ 29.1564412713, 41.0009361365 ],
						[ 29.15647046, 41.0009933774 ],
						[ 29.1563580409, 41.0010262783 ],
						[ 29.1555409086, 40.9994237145 ],
						[ 29.1556533253, 40.9993908153 ],
						[ 29.1556790653, 40.9994412976 ],
						[ 29.1557734523, 40.9994136743 ],
						[ 29.1557688142, 40.9994045764 ],
						[ 29.1558801535, 40.9993719914 ],
						[ 29.1558847928, 40.9993810893 ],
						[ 29.1559791725, 40.9993534676 ],
						[ 29.1559534322, 40.9993029854 ],
						[ 29.1560658557, 40.9992700831 ],
						[ 29.156882999, 41.0008726433 ],
						[ 29.1567705744, 41.0009055454 ],
						[ 29.1567413855, 41.0008483046 ],
						[ 29.1566469945, 41.0008759296 ],
						[ 29.1566956158, 41.0009712476 ],
						[ 29.1565842861, 41.0010038299 ],
						[ 29.1565356805, 41.0009085065 ],
						[ 29.1564412713, 41.0009361365 ]
					]
				]
			},
			"properties" : {
				"ISTASYON" : "İmes",
				"PROJE_ADI" : "M8 Bostancı - Dudullu Metro Hattı",
				"PROJE_ASAMA" : "Mevcut Hattaki İstasyon",
				"HAT_TURU" : "Metro",
				"MUDURLUK" : "Anadolu Yakası Raylı Sistemler Müdürlüğü"
			}
		},
		{
			"type" : "Feature",
			"geometry" : {
				"type" : "Polygon",
				"coordinates" : [
					[
						[ 28.8555018215, 40.9800284083 ],
						[ 28.8554975197, 40.9799630827 ],
						[ 28.8555544751, 40.9799609226 ],
						[ 28.8555510757, 40.9799093124 ],
						[ 28.8554941192, 40.9799114663 ],
						[ 28.8554898175, 40.9798461353 ],
						[ 28.8555467727, 40.9798439805 ],
						[ 28.8555466156, 40.9798415955 ],
						[ 28.8568684745, 40.9797915882 ],
						[ 28.8568687221, 40.9797953455 ],
						[ 28.8569256785, 40.9797931901 ],
						[ 28.8569293304, 40.9798486151 ],
						[ 28.856872374, 40.9798507697 ],
						[ 28.8568768985, 40.9799194489 ],
						[ 28.8569338559, 40.9799173061 ],
						[ 28.8569339642, 40.9799189468 ],
						[ 28.8569375069, 40.9799727176 ],
						[ 28.8568805504, 40.979974873 ],
						[ 28.8568812714, 40.9799858241 ],
						[ 28.8559299408, 40.980021816 ],
						[ 28.8555594085, 40.9800358324 ],
						[ 28.8555589353, 40.9800286386 ],
						[ 28.8555587781, 40.9800262536 ],
						[ 28.8555018215, 40.9800284083 ]
					]
				]
			},
			"properties" : {
				"ISTASYON" : "Ataköy",
				"PROJE_ADI" : "M9 (U1) Ataköy -  Bahariye Hattı",
				"PROJE_ASAMA" : "İnşaat Aşamasında",
				"HAT_TURU" : "Metro",
				"MUDURLUK" : "Avrupa Yakası Raylı Sistemler Müdürlüğü"
			}
		},
		{
			"type" : "Feature",
			"geometry" : {
				"type" : "Polygon",
				"coordinates" : [
					[
						[ 28.8227178256, 40.9981717731 ],
						[ 28.8230072051, 40.9982032363 ],
						[ 28.8227848775, 40.9993769409 ],
						[ 28.8228178153, 40.9993805216 ],
						[ 28.8228083616, 40.9994304299 ],
						[ 28.8227995449, 40.9994294394 ],
						[ 28.8227446003, 40.9997099892 ],
						[ 28.8227457771, 40.9997101165 ],
						[ 28.8228363562, 40.9997199649 ],
						[ 28.8227580106, 41.0001335574 ],
						[ 28.8226439019, 41.0001211508 ],
						[ 28.822638685, 41.0001486896 ],
						[ 28.8227304427, 41.0001586664 ],
						[ 28.8227141336, 41.0002447589 ],
						[ 28.8226459048, 41.0002373402 ],
						[ 28.8226564725, 41.00018155 ],
						[ 28.8226329459, 41.0001789919 ],
						[ 28.822614358, 41.0002771153 ],
						[ 28.8223249708, 41.000245651 ],
						[ 28.8223710099, 41.0000026136 ],
						[ 28.8223475391, 41.0000000624 ],
						[ 28.8223399424, 41.0000401667 ],
						[ 28.8222575396, 41.0000312073 ],
						[ 28.8224314841, 40.9991129804 ],
						[ 28.8225138289, 40.9991219337 ],
						[ 28.8223696501, 40.9998830379 ],
						[ 28.8223931778, 40.999885596 ],
						[ 28.8227178256, 40.9981717731 ]
					]
				]
			},
			"properties" : {
				"ISTASYON" : "Çobançeşme - Kuyumcukent",
				"PROJE_ADI" : "M9 (U1) Ataköy -  Bahariye Hattı",
				"PROJE_ASAMA" : "İnşaat Aşamasında",
				"HAT_TURU" : "Metro",
				"MUDURLUK" : "Avrupa Yakası Raylı Sistemler Müdürlüğü"
			}
		},
		{
			"type" : "Feature",
			"geometry" : {
				"type" : "Polygon",
				"coordinates" : [
					[
						[ 28.7985139323, 41.0524324329 ],
						[ 28.7985491683, 41.0518252871 ],
						[ 28.7986039443, 41.0518271089 ],
						[ 28.7986061097, 41.0517898115 ],
						[ 28.798673718, 41.0517920597 ],
						[ 28.7986715539, 41.0518293571 ],
						[ 28.7990220729, 41.0518410139 ],
						[ 28.7989868413, 41.0524481591 ],
						[ 28.7985139323, 41.0524324329 ]
					]
				]
			},
			"properties" : {
				"ISTASYON" : "Mehmet Akif",
				"PROJE_ADI" : "Ataköy - İkitelli Metro Hattı",
				"PROJE_ASAMA" : "İnşaat Aşamasında",
				"HAT_TURU" : "Metro",
				"MUDURLUK" : "Avrupa Yakası Raylı Sistemler Müdürlüğü"
			}
		},
		{
			"type" : "Feature",
			"geometry" : {
				"type" : "Polygon",
				"coordinates" : [
					[
						[ 28.8140003264, 41.0369969328 ],
						[ 28.8140322637, 41.0367822071 ],
						[ 28.8146750597, 41.0368370189 ],
						[ 28.8146431245, 41.0370517457 ],
						[ 28.8140003264, 41.0369969328 ]
					]
				]
			},
			"properties" : {
				"ISTASYON" : "15 Temmuz",
				"PROJE_ADI" : "M9 (U1) Ataköy -  Bahariye Hattı",
				"PROJE_ASAMA" : "İnşaat Aşamasında",
				"HAT_TURU" : "Metro",
				"MUDURLUK" : "Avrupa Yakası Raylı Sistemler Müdürlüğü"
			}
		},
		{
			"type" : "Feature",
			"geometry" : {
				"type" : "Polygon",
				"coordinates" : [
					[
						[ 28.8380302681, 40.9885235452 ],
						[ 28.8381032761, 40.9885360751 ],
						[ 28.8380605224, 40.9886791048 ],
						[ 28.8383583512, 40.9887302198 ],
						[ 28.8384011043, 40.98858719 ],
						[ 28.8384741125, 40.9885997206 ],
						[ 28.8384359967, 40.9887435463 ],
						[ 28.8380825351, 40.9899262592 ],
						[ 28.8380526308, 40.9900097508 ],
						[ 28.8379796212, 40.9899972208 ],
						[ 28.8380048208, 40.9899129218 ],
						[ 28.8379688403, 40.9899067459 ],
						[ 28.8379944752, 40.9898209385 ],
						[ 28.8377295356, 40.9897863729 ],
						[ 28.837681787, 40.9899461038 ],
						[ 28.8376087775, 40.9899335736 ],
						[ 28.8376699016, 40.9897290943 ],
						[ 28.8376651968, 40.9897282869 ],
						[ 28.8379843663, 40.9886660344 ],
						[ 28.837987513, 40.9886665748 ],
						[ 28.8380302681, 40.9885235452 ]
					]
				]
			},
			"properties" : {
				"ISTASYON" : "Yenibosna",
				"PROJE_ADI" : "M9 (U1) Ataköy -  Bahariye Hattı",
				"PROJE_ASAMA" : "İnşaat Aşamasında",
				"HAT_TURU" : "Metro",
				"MUDURLUK" : "Avrupa Yakası Raylı Sistemler Müdürlüğü"
			}
		},
		{
			"type" : "Feature",
			"geometry" : {
				"type" : "Polygon",
				"coordinates" : [
					[
						[ 28.8075695496, 41.0442892577 ],
						[ 28.8076125364, 41.0443357136 ],
						[ 28.8075151388, 41.0443873736 ],
						[ 28.807536333, 41.0444102766 ],
						[ 28.80747427, 41.0444431681 ],
						[ 28.8076550565, 41.0446384844 ],
						[ 28.8078151941, 41.0445547194 ],
						[ 28.8078581824, 41.0446011742 ],
						[ 28.807763554, 41.0446558283 ],
						[ 28.8060136687, 41.0455839398 ],
						[ 28.8059610493, 41.0456055352 ],
						[ 28.8059189938, 41.0455600852 ],
						[ 28.8059676947, 41.0455342559 ],
						[ 28.805765473, 41.0453157151 ],
						[ 28.8057167734, 41.0453415444 ],
						[ 28.8056753493, 41.0452967779 ],
						[ 28.8057157875, 41.04526202 ],
						[ 28.8075695496, 41.0442892577 ]
					]
				]
			},
			"properties" : {
				"ISTASYON" : "Halkalı Caddesi",
				"PROJE_ADI" : "M9 (U1) Ataköy -  Bahariye Hattı",
				"PROJE_ASAMA" : "İnşaat Aşamasında",
				"HAT_TURU" : "Metro",
				"MUDURLUK" : "Avrupa Yakası Raylı Sistemler Müdürlüğü"
			}
		},
		{
			"type" : "Feature",
			"geometry" : {
				"type" : "Polygon",
				"coordinates" : [
					[
						[ 29.1526912844, 40.9920316641 ],
						[ 29.1527534509, 40.9919507148 ],
						[ 29.152836653, 40.9919873993 ],
						[ 29.1529059679, 40.9918971442 ],
						[ 29.1528227658, 40.9918604597 ],
						[ 29.1528849321, 40.9917795104 ],
						[ 29.152968134, 40.9918161948 ],
						[ 29.1539397842, 40.9922445912 ],
						[ 29.1541256858, 40.992326554 ],
						[ 29.1540635206, 40.9924075031 ],
						[ 29.1538776176, 40.9923255411 ],
						[ 29.1538083048, 40.9924157968 ],
						[ 29.1539942068, 40.9924977589 ],
						[ 29.1539320412, 40.9925787088 ],
						[ 29.1537461379, 40.9924967466 ],
						[ 29.1526912844, 40.9920316641 ]
					]
				]
			},
			"properties" : {
				"ISTASYON" : "Mevlana",
				"PROJE_ADI" : "M8 Bostancı - Dudullu Metro Hattı",
				"PROJE_ASAMA" : "Mevcut Hattaki İstasyon",
				"HAT_TURU" : "Metro",
				"MUDURLUK" : "Anadolu Yakası Raylı Sistemler Müdürlüğü"
			}
		},
		{
			"type" : "Feature",
			"geometry" : {
				"type" : "Polygon",
				"coordinates" : [
					[
						[ 29.1527061014, 40.9925015148 ],
						[ 29.1527542471, 40.992445758 ],
						[ 29.1530449759, 40.9925898794 ],
						[ 29.1532172061, 40.9923656151 ],
						[ 29.1531945604, 40.9923556311 ],
						[ 29.1532404911, 40.9922958229 ],
						[ 29.152771974, 40.992089253 ],
						[ 29.1529909018, 40.9918041835 ],
						[ 29.1534001843, 40.9919858351 ],
						[ 29.153507005, 40.9920329316 ],
						[ 29.1536071679, 40.9920758956 ],
						[ 29.1536979982, 40.9919596794 ],
						[ 29.1538263882, 40.9920162852 ],
						[ 29.1538738118, 40.9919545319 ],
						[ 29.1538204019, 40.9919309838 ],
						[ 29.153867281, 40.9918735208 ],
						[ 29.153918637, 40.9918961632 ],
						[ 29.1540666656, 40.991703405 ],
						[ 29.1541426726, 40.9917369157 ],
						[ 29.1539023942, 40.992049796 ],
						[ 29.1540319651, 40.9921069225 ],
						[ 29.1537233918, 40.9925087303 ],
						[ 29.1536143626, 40.9924606606 ],
						[ 29.1535684322, 40.992520469 ],
						[ 29.1532885833, 40.9923970852 ],
						[ 29.1531141754, 40.9926241835 ],
						[ 29.1531792241, 40.9926564293 ],
						[ 29.1531310787, 40.9927121863 ],
						[ 29.1529641637, 40.992629443 ],
						[ 29.1527061014, 40.9925015148 ]
					]
				]
			},
			"properties" : {
				"ISTASYON" : "Mevlana",
				"PROJE_ADI" : "M8 Bostancı - Dudullu Metro Hattı",
				"PROJE_ASAMA" : "Mevcut Hattaki İstasyon",
				"HAT_TURU" : "Metro",
				"MUDURLUK" : "Anadolu Yakası Raylı Sistemler Müdürlüğü"
			}
		},
		{
			"type" : "Feature",
			"geometry" : {
				"type" : "Polygon",
				"coordinates" : [
					[
						[ 29.1387863757, 40.9854276666 ],
						[ 29.1385662886, 40.9855720628 ],
						[ 29.1381367336, 40.9851961002 ],
						[ 29.1381034964, 40.9852179064 ],
						[ 29.137944446, 40.9850786986 ],
						[ 29.1378853365, 40.9850269632 ],
						[ 29.1376349029, 40.9848077697 ],
						[ 29.137603461, 40.9848283979 ],
						[ 29.1375529085, 40.9847841506 ],
						[ 29.1375843492, 40.9847635224 ],
						[ 29.1373336743, 40.9845441165 ],
						[ 29.1372748089, 40.9844925934 ],
						[ 29.1371157621, 40.9843533844 ],
						[ 29.1371489992, 40.9843315785 ],
						[ 29.1367194603, 40.9839556107 ],
						[ 29.1369395447, 40.9838112189 ],
						[ 29.1373690852, 40.984187185 ],
						[ 29.1374023222, 40.9841653789 ],
						[ 29.1378709098, 40.9845755166 ],
						[ 29.1379023514, 40.9845548892 ],
						[ 29.1379529039, 40.9845991355 ],
						[ 29.1379214635, 40.9846197638 ],
						[ 29.1383900575, 40.9850298985 ],
						[ 29.1383568204, 40.9850517057 ],
						[ 29.1387863757, 40.9854276666 ]
					]
				]
			},
			"properties" : {
				"ISTASYON" : "Kayışdağı",
				"PROJE_ADI" : "M8 Bostancı - Dudullu Metro Hattı",
				"PROJE_ASAMA" : "Mevcut Hattaki İstasyon",
				"HAT_TURU" : "Metro",
				"MUDURLUK" : "Anadolu Yakası Raylı Sistemler Müdürlüğü"
			}
		},
		{
			"type" : "Feature",
			"geometry" : {
				"type" : "Polygon",
				"coordinates" : [
					[
						[ 29.0561182927, 40.9693733397 ],
						[ 29.0564896876, 40.9691733354 ],
						[ 29.0571777216, 40.9699073339 ],
						[ 29.0568045318, 40.9701061866 ],
						[ 29.0561181503, 40.969373416 ],
						[ 29.0561182927, 40.9693733397 ]
					]
				]
			},
			"properties" : {
				"ISTASYON" : "Göztepe 60. Yıl Parkı",
				"PROJE_ADI" : "M12 Göztepe-Ümraniye Metro Hattı",
				"PROJE_ASAMA" : "İnşaat Aşamasında",
				"HAT_TURU" : "Metro",
				"MUDURLUK" : "Anadolu Yakası Raylı Sistemler Müdürlüğü"
			}
		},
		{
			"type" : "Feature",
			"geometry" : {
				"type" : "Polygon",
				"coordinates" : [
					[
						[ 29.1011055227, 41.0304813125 ],
						[ 29.1011121229, 41.0304802069 ],
						[ 29.10157037, 41.0299354542 ],
						[ 29.1028274495, 41.0305493157 ],
						[ 29.1023626094, 41.0310951781 ],
						[ 29.1011055227, 41.0304813125 ]
					]
				]
			},
			"properties" : {
				"ISTASYON" : "Hastane",
				"PROJE_ADI" : "M12 Göztepe-Ümraniye Metro Hattı",
				"PROJE_ASAMA" : "İnşaat Aşamasında",
				"HAT_TURU" : "Metro",
				"MUDURLUK" : "Anadolu Yakası Raylı Sistemler Müdürlüğü"
			}
		},
		{
			"type" : "Feature",
			"geometry" : {
				"type" : "Polygon",
				"coordinates" : [
					[
						[ 29.0913326302, 40.9847086164 ],
						[ 29.0919932434, 40.9842947669 ],
						[ 29.0929456586, 40.9851677659 ],
						[ 29.0922850425, 40.9855816217 ],
						[ 29.0913326302, 40.9847086164 ]
					]
				]
			},
			"properties" : {
				"ISTASYON" : "Yeni Sahra",
				"PROJE_ADI" : "M12 Göztepe-Ümraniye Metro Hattı",
				"PROJE_ASAMA" : "İnşaat Aşamasında",
				"HAT_TURU" : "Metro",
				"MUDURLUK" : "Anadolu Yakası Raylı Sistemler Müdürlüğü"
			}
		},
		{
			"type" : "Feature",
			"geometry" : {
				"type" : "Polygon",
				"coordinates" : [
					[
						[ 29.292456543, 40.8566822792 ],
						[ 29.2936798001, 40.8588865157 ],
						[ 29.2932519185, 40.8590233993 ],
						[ 29.2920286732, 40.8568191584 ],
						[ 29.292456543, 40.8566822792 ]
					]
				]
			},
			"properties" : {
				"ISTASYON" : "Aydıntepe",
				"PROJE_ADI" : "M4 Tavşantepe - Tuzla Metro Hattı Uzatması",
				"PROJE_ASAMA" : "İnşaat Aşamasında",
				"HAT_TURU" : "Metro",
				"MUDURLUK" : "Anadolu Yakası Raylı Sistemler Müdürlüğü"
			}
		},
		{
			"type" : "Feature",
			"geometry" : {
				"type" : "Polygon",
				"coordinates" : [
					[
						[ 29.2956716285, 40.8650179578 ],
						[ 29.2956715002, 40.8650179777 ],
						[ 29.2955756905, 40.8646636762 ],
						[ 29.2955706244, 40.8646644665 ],
						[ 29.2951312453, 40.8630418756 ],
						[ 29.2951361829, 40.8630411052 ],
						[ 29.2950371942, 40.862675046 ],
						[ 29.2954820193, 40.8626056205 ],
						[ 29.2955811387, 40.8629716593 ],
						[ 29.2955860763, 40.862970889 ],
						[ 29.2960254661, 40.8645934783 ],
						[ 29.2960204001, 40.8645942686 ],
						[ 29.2961164687, 40.8649485308 ],
						[ 29.2956716285, 40.8650179578 ]
					]
				]
			},
			"properties" : {
				"ISTASYON" : "Esenyalı",
				"PROJE_ADI" : "M4 Tavşantepe - Tuzla Metro Hattı Uzatması",
				"PROJE_ASAMA" : "İnşaat Aşamasında",
				"HAT_TURU" : "Metro",
				"MUDURLUK" : "Anadolu Yakası Raylı Sistemler Müdürlüğü"
			}
		},
		{
			"type" : "Feature",
			"geometry" : {
				"type" : "MultiPolygon",
				"coordinates" : [
					[
						[
							[ 29.3000555149, 40.8454593056 ],
							[ 29.3000284441, 40.8454807609 ],
							[ 29.300008752, 40.8454664328 ],
							[ 29.3000358239, 40.8454449766 ],
							[ 29.3000555149, 40.8454593056 ]
						]
					],
					[
						[
							[ 29.2993270696, 40.8445603071 ],
							[ 29.2992801448, 40.8445974963 ],
							[ 29.2992638785, 40.8445856598 ],
							[ 29.2993108022, 40.8445484705 ],
							[ 29.2993270696, 40.8445603071 ]
						]
					],
					[
						[
							[ 29.299947689, 40.8455292893 ],
							[ 29.2998938404, 40.845571167 ],
							[ 29.2998698962, 40.8455536703 ],
							[ 29.2999229104, 40.8455111834 ],
							[ 29.299947689, 40.8455292893 ]
						]
					],
					[
						[
							[ 29.3001545505, 40.8445331192 ],
							[ 29.3001221376, 40.8445588086 ],
							[ 29.3001243059, 40.8445609946 ],
							[ 29.3000376781, 40.8446296518 ],
							[ 29.299986309, 40.8445922737 ],
							[ 29.3000729368, 40.8445236165 ],
							[ 29.3000755044, 40.8445254853 ],
							[ 29.3001083179, 40.8444994787 ],
							[ 29.3001545505, 40.8445331192 ]
						]
					],
					[
						[
							[ 29.3003883907, 40.8443477874 ],
							[ 29.3003370217, 40.8443104086 ],
							[ 29.3003575452, 40.8442941426 ],
							[ 29.3003549763, 40.8442922738 ],
							[ 29.3004479156, 40.8442186146 ],
							[ 29.3005044212, 40.84425973 ],
							[ 29.300411482, 40.8443333911 ],
							[ 29.3004089131, 40.8443315223 ],
							[ 29.3003883907, 40.8443477874 ]
						]
					],
					[
						[
							[ 29.300255556, 40.843879096 ],
							[ 29.3000041637, 40.8440783396 ],
							[ 29.2999356721, 40.8440285022 ],
							[ 29.3001870645, 40.8438292578 ],
							[ 29.300255556, 40.843879096 ]
						]
					],
					[
						[
							[ 29.299001799, 40.8452163543 ],
							[ 29.298647896, 40.8454968299 ],
							[ 29.298579404, 40.8454469916 ],
							[ 29.298933307, 40.8451665163 ],
							[ 29.299001799, 40.8452163543 ]
						]
					]
				]
			},
			"properties" : {
				"ISTASYON" : "Tuzla Belediye",
				"PROJE_ADI" : "M4 Tavşantepe - Tuzla Metro Hattı Uzatması",
				"PROJE_ASAMA" : "İnşaat Aşamasında",
				"HAT_TURU" : "Metro",
				"MUDURLUK" : "Anadolu Yakası Raylı Sistemler Müdürlüğü"
			}
		},
		{
			"type" : "Feature",
			"geometry" : {
				"type" : "Polygon",
				"coordinates" : [
					[
						[ 29.240136437, 40.9687523211 ],
						[ 29.2403822567, 40.9691548354 ],
						[ 29.2398206141, 40.9693519389 ],
						[ 29.2398125786, 40.9693387834 ],
						[ 29.2377334484, 40.9700684002 ],
						[ 29.2375358246, 40.9697449287 ],
						[ 29.2376063882, 40.9697147168 ],
						[ 29.2377216262, 40.969903379 ],
						[ 29.2377841887, 40.9698814244 ],
						[ 29.2378328864, 40.9699600807 ],
						[ 29.2397756439, 40.9692783191 ],
						[ 29.2397109426, 40.9691724002 ],
						[ 29.2396518042, 40.9691527377 ],
						[ 29.2395898575, 40.9690513249 ],
						[ 29.2395997733, 40.9690054084 ],
						[ 29.2395737407, 40.968962791 ],
						[ 29.2398712692, 40.9688583767 ],
						[ 29.2398652802, 40.9688485717 ],
						[ 29.240136437, 40.9687523211 ]
					]
				]
			},
			"properties" : {
				"ISTASYON" : "Veysel Karani",
				"PROJE_ADI" : "M5 Çekmeköy-Sultanbeyli Metro Hattı Uzatması",
				"PROJE_ASAMA" : "İnşaat Aşamasında",
				"HAT_TURU" : "Metro",
				"MUDURLUK" : "Anadolu Yakası Raylı Sistemler Müdürlüğü"
			}
		},
		{
			"type" : "Feature",
			"geometry" : {
				"type" : "MultiPolygon",
				"coordinates" : [
					[
						[
							[ 29.2179164718, 41.0013739388 ],
							[ 29.2179424392, 41.0013817319 ],
							[ 29.2179115899, 41.0014407345 ],
							[ 29.2178834126, 41.0014322789 ],
							[ 29.2179148137, 41.0013734422 ],
							[ 29.2179164718, 41.0013739388 ]
						]
					],
					[
						[
							[ 29.2176218321, 41.0011459782 ],
							[ 29.217622384, 41.001146144 ],
							[ 29.2175910883, 41.0012059989 ],
							[ 29.217562911, 41.0011975433 ],
							[ 29.2175942067, 41.0011376884 ],
							[ 29.2176218321, 41.0011459782 ]
						]
					],
					[
						[
							[ 29.218142639, 41.0010709431 ],
							[ 29.2181448976, 41.0010716211 ],
							[ 29.2180752575, 41.001198596 ],
							[ 29.2180287095, 41.0011849319 ],
							[ 29.2180956765, 41.0010568503 ],
							[ 29.2180962284, 41.0010570161 ],
							[ 29.2181071705, 41.0010360882 ],
							[ 29.2181535811, 41.0010500152 ],
							[ 29.218142639, 41.0010709431 ]
						]
					],
					[
						[
							[ 29.217441163, 41.0015748956 ],
							[ 29.2173632529, 41.0017239055 ],
							[ 29.2172973946, 41.0017041419 ],
							[ 29.2173747529, 41.0015549671 ],
							[ 29.217441163, 41.0015748956 ]
						]
					],
					[
						[
							[ 29.2169247243, 41.0020159187 ],
							[ 29.2167493073, 41.0023514056 ],
							[ 29.2166675376, 41.0023268664 ],
							[ 29.2168422812, 41.0019926663 ],
							[ 29.2169247243, 41.0020159187 ]
						]
					]
				]
			},
			"properties" : {
				"ISTASYON" : "Sancaktepe Şehir Hastanesi",
				"PROJE_ADI" : "M5 Çekmeköy-Sultanbeyli Metro Hattı Uzatması",
				"PROJE_ASAMA" : "İnşaat Aşamasında",
				"HAT_TURU" : "Metro",
				"MUDURLUK" : "Anadolu Yakası Raylı Sistemler Müdürlüğü"
			}
		},
		{
			"type" : "Feature",
			"geometry" : {
				"type" : "Polygon",
				"coordinates" : [
					[
						[ 29.0775221958, 41.0166200584 ],
						[ 29.0773195639, 41.0169350156 ],
						[ 29.0762272083, 41.0165318393 ],
						[ 29.0762206789, 41.0165419881 ],
						[ 29.0757291052, 41.0163605488 ],
						[ 29.0757356359, 41.0163504 ],
						[ 29.0749685587, 41.0160672667 ],
						[ 29.0751712002, 41.0157523137 ],
						[ 29.0762663429, 41.0161565361 ],
						[ 29.0762730303, 41.0161461419 ],
						[ 29.0764365315, 41.0162064898 ],
						[ 29.0764298441, 41.0162168841 ],
						[ 29.0775221958, 41.0166200584 ]
					]
				]
			},
			"properties" : {
				"ISTASYON" : "Bulgurlu",
				"PROJE_ADI" : "M5 Üsküdar - Çekmeköy Metro Hattı",
				"PROJE_ASAMA" : "Mevcut Hattaki İstasyon",
				"HAT_TURU" : "Metro",
				"MUDURLUK" : "Anadolu Yakası Raylı Sistemler Müdürlüğü"
			}
		},
		{
			"type" : "Feature",
			"geometry" : {
				"type" : "Polygon",
				"coordinates" : [
					[
						[ 29.0834525135, 41.0246061138 ],
						[ 29.083542614, 41.0242597075 ],
						[ 29.0861089231, 41.0246425133 ],
						[ 29.0860188367, 41.0249889217 ],
						[ 29.0834525135, 41.0246061138 ]
					]
				]
			},
			"properties" : {
				"ISTASYON" : "Ümraniye",
				"PROJE_ADI" : "M5 Üsküdar - Çekmeköy Metro Hattı",
				"PROJE_ASAMA" : "Mevcut Hattaki İstasyon",
				"HAT_TURU" : "Metro",
				"MUDURLUK" : "Anadolu Yakası Raylı Sistemler Müdürlüğü"
			}
		},
		{
			"type" : "Feature",
			"geometry" : {
				"type" : "Polygon",
				"coordinates" : [
					[
						[ 29.1100116656, 41.0237824184 ],
						[ 29.1101057699, 41.0241282144 ],
						[ 29.1075439847, 41.0245280425 ],
						[ 29.1074498933, 41.0241822447 ],
						[ 29.1100116656, 41.0237824184 ]
					]
				]
			},
			"properties" : {
				"ISTASYON" : "Yamanevler",
				"PROJE_ADI" : "M5 Üsküdar - Çekmeköy Metro Hattı",
				"PROJE_ASAMA" : "Mevcut Hattaki İstasyon",
				"HAT_TURU" : "Metro",
				"MUDURLUK" : "Anadolu Yakası Raylı Sistemler Müdürlüğü"
			}
		},
		{
			"type" : "Feature",
			"geometry" : {
				"type" : "Polygon",
				"coordinates" : [
					[
						[ 29.2475663667, 40.8824549058 ],
						[ 29.249867679, 40.8814159538 ],
						[ 29.2501079752, 40.8817224573 ],
						[ 29.2478062138, 40.882760851 ],
						[ 29.2475663667, 40.8824549058 ]
					]
				]
			},
			"properties" : {
				"ISTASYON" : "Tavşantepe",
				"PROJE_ADI" : "M4 Kadıköy - SGH Metro Hattı",
				"PROJE_ASAMA" : "Mevcut Hattaki İstasyon",
				"HAT_TURU" : "Metro",
				"MUDURLUK" : "Anadolu Yakası Raylı Sistemler Müdürlüğü"
			}
		},
		{
			"type" : "Feature",
			"geometry" : {
				"type" : "Polygon",
				"coordinates" : [
					[
						[ 28.6758440312, 41.0434492617 ],
						[ 28.6762715184, 41.043583358 ],
						[ 28.675307435, 41.0453450119 ],
						[ 28.6748799515, 41.0452109166 ],
						[ 28.6758440312, 41.0434492617 ]
					]
				]
			},
			"properties" : {
				"ISTASYON" : "Ardıçlı",
				"PROJE_ADI" : "M7 (U4) Mahmutbey - Bahçeşehir- Esenyurt Metro Hattı",
				"PROJE_ASAMA" : "İnşaat Aşamasında",
				"HAT_TURU" : "Metro",
				"MUDURLUK" : "Avrupa Yakası Raylı Sistemler Müdürlüğü"
			}
		},
		{
			"type" : "Feature",
			"geometry" : {
				"type" : "Polygon",
				"coordinates" : [
					[
						[ 28.772322489, 41.0580104266 ],
						[ 28.7722869218, 41.0580769015 ],
						[ 28.7722079826, 41.0580525584 ],
						[ 28.7722754913, 41.0579263816 ],
						[ 28.7724543437, 41.0579811638 ],
						[ 28.775344725, 41.0577403091 ],
						[ 28.7753782925, 41.05735821 ],
						[ 28.7751364137, 41.0573460342 ],
						[ 28.7751423479, 41.0572813657 ],
						[ 28.7754702438, 41.0572978709 ],
						[ 28.775425289, 41.0577999785 ],
						[ 28.7724422078, 41.0580470546 ],
						[ 28.772322489, 41.0580104266 ]
					]
				]
			},
			"properties" : {
				"ISTASYON" : "Tema Park",
				"PROJE_ADI" : "M7 (U3) Mahmutbey - Bahçeşehir- Esenyurt Metro Hattı",
				"PROJE_ASAMA" : "İnşaat Aşamasında",
				"HAT_TURU" : "Metro",
				"MUDURLUK" : "Avrupa Yakası Raylı Sistemler Müdürlüğü"
			}
		},
		{
			"type" : "Feature",
			"geometry" : {
				"type" : "MultiPolygon",
				"coordinates" : [
					[
						[
							[ 28.7162934718, 41.2059754598 ],
							[ 28.7162876741, 41.206003024 ],
							[ 28.7162535308, 41.2059989274 ],
							[ 28.7162593286, 41.2059713641 ],
							[ 28.7162934718, 41.2059754598 ]
						]
					],
					[
						[
							[ 28.7161454489, 41.2076145199 ],
							[ 28.7161400243, 41.2076403054 ],
							[ 28.716103525, 41.2076359268 ],
							[ 28.7161089497, 41.2076101413 ],
							[ 28.7161454489, 41.2076145199 ]
						]
					],
					[
						[
							[ 28.716150757, 41.2073913094 ],
							[ 28.7161531122, 41.2073915914 ],
							[ 28.7161328187, 41.2074880646 ],
							[ 28.7160574663, 41.2074790244 ],
							[ 28.7160777599, 41.2073825513 ],
							[ 28.7160801151, 41.2073828341 ],
							[ 28.7160880636, 41.2073450447 ],
							[ 28.7161587066, 41.20735352 ],
							[ 28.716150757, 41.2073913094 ]
						]
					],
					[
						[
							[ 28.7164326375, 41.205701204 ],
							[ 28.7164349914, 41.2057014869 ],
							[ 28.7164107715, 41.2058166321 ],
							[ 28.716335421, 41.2058075921 ],
							[ 28.716359641, 41.2056924469 ],
							[ 28.7163619961, 41.2056927289 ],
							[ 28.7163699454, 41.2056549404 ],
							[ 28.7164405855, 41.2056634154 ],
							[ 28.7164326375, 41.205701204 ]
						]
					]
				]
			},
			"properties" : {
				"ISTASYON" : "Arnavutköy - 2",
				"PROJE_ADI" : "M11 Halkalı - İstanbul Havalimanı Metro Hattı",
				"PROJE_ASAMA" : "İnşaat Aşamasında",
				"HAT_TURU" : "Metro",
				"MUDURLUK" : "AYGM"
			}
		},
		{
			"type" : "Feature",
			"geometry" : {
				"type" : "Polygon",
				"coordinates" : [
					[
						[ 28.7155097055, 41.2080809999 ],
						[ 28.7155173718, 41.2080445553 ],
						[ 28.715512461, 41.20804351 ],
						[ 28.7159799439, 41.2058211982 ],
						[ 28.7159850413, 41.2058213541 ],
						[ 28.7159927069, 41.2057849094 ],
						[ 28.7160692349, 41.2057940905 ],
						[ 28.7160615681, 41.2058305352 ],
						[ 28.7160982086, 41.2058353864 ],
						[ 28.7160954024, 41.2058487242 ],
						[ 28.7161425558, 41.2058543814 ],
						[ 28.7161453607, 41.2058410435 ],
						[ 28.7162754581, 41.2058566519 ],
						[ 28.716272652, 41.2058699889 ],
						[ 28.716319958, 41.2058749165 ],
						[ 28.7163222571, 41.2058622663 ],
						[ 28.7163594967, 41.2058659868 ],
						[ 28.716367103, 41.2058298269 ],
						[ 28.7164436311, 41.2058390078 ],
						[ 28.7164359644, 41.2058754525 ],
						[ 28.7164408751, 41.2058764968 ],
						[ 28.7159734085, 41.2080988116 ],
						[ 28.7159684187, 41.2080981446 ],
						[ 28.7159606438, 41.2081351004 ],
						[ 28.7158841143, 41.2081259191 ],
						[ 28.7158917803, 41.2080894745 ],
						[ 28.7158551398, 41.2080846224 ],
						[ 28.7158579449, 41.2080712854 ],
						[ 28.7158107912, 41.2080656281 ],
						[ 28.7158079849, 41.2080789651 ],
						[ 28.7156778844, 41.208063357 ],
						[ 28.7156806896, 41.2080500191 ],
						[ 28.7156335358, 41.2080443618 ],
						[ 28.7156306361, 41.2080581434 ],
						[ 28.7155939023, 41.2080537368 ],
						[ 28.7155862349, 41.2080901814 ],
						[ 28.7155097055, 41.2080809999 ]
					]
				]
			},
			"properties" : {
				"ISTASYON" : "Arnavutköy - 2",
				"PROJE_ADI" : "M11 Halkalı - İstanbul Havalimanı Metro Hattı",
				"PROJE_ASAMA" : "İnşaat Aşamasında",
				"HAT_TURU" : "Metro",
				"MUDURLUK" : "Ulaştırma Bakanlığı"
			}
		},
		{
			"type" : "Feature",
			"geometry" : {
				"type" : "Polygon",
				"coordinates" : [
					[
						[ 28.7874845608, 41.0552675932 ],
						[ 28.7874788473, 41.0555072024 ],
						[ 28.7848501003, 41.05547125 ],
						[ 28.7848561312, 41.0551435583 ],
						[ 28.7874866609, 41.0551795347 ],
						[ 28.7874845608, 41.0552675932 ]
					]
				]
			},
			"properties" : {
				"ISTASYON" : "Toplu Konut",
				"PROJE_ADI" : "M7 (U3) Mahmutbey - Bahçeşehir- Esenyurt Metro Hattı",
				"PROJE_ASAMA" : "İnşaat Aşamasında",
				"HAT_TURU" : "Metro",
				"MUDURLUK" : "Avrupa Yakası Raylı Sistemler Müdürlüğü"
			}
		},
		{
			"type" : "Feature",
			"geometry" : {
				"type" : "Polygon",
				"coordinates" : [
					[
						[ 28.792131212, 41.1136442879 ],
						[ 28.791972121, 41.1139674429 ],
						[ 28.7887756557, 41.1130677398 ],
						[ 28.7889350483, 41.1127438036 ],
						[ 28.792131212, 41.1136442879 ]
					]
				]
			},
			"properties" : {
				"ISTASYON" : "Onurkent",
				"PROJE_ADI" : "M3 Kirazlı - Kayaşehir Merkez Metro Hattı",
				"PROJE_ASAMA" : "Mevcut Hattaki İstasyon",
				"HAT_TURU" : "Metro",
				"MUDURLUK" : "Avrupa Yakası Raylı Sistemler Müdürlüğü"
			}
		},
		{
			"type" : "Feature",
			"geometry" : {
				"type" : "Polygon",
				"coordinates" : [
					[
						[ 28.8101355867, 41.0569285605 ],
						[ 28.8101638869, 41.0570784849 ],
						[ 28.810077931, 41.0570877812 ],
						[ 28.8099857833, 41.0565996135 ],
						[ 28.8100715811, 41.056589482 ],
						[ 28.8101228027, 41.0568608352 ],
						[ 28.8115749807, 41.0563672674 ],
						[ 28.8130934745, 41.0561018789 ],
						[ 28.8130684425, 41.0560164892 ],
						[ 28.8130334167, 41.056022372 ],
						[ 28.8130149616, 41.0559594194 ],
						[ 28.8131005763, 41.055945039 ],
						[ 28.8132625327, 41.0559178349 ],
						[ 28.8132809869, 41.0559807875 ],
						[ 28.8131516941, 41.0560024852 ],
						[ 28.8131765816, 41.0560873818 ],
						[ 28.8131930834, 41.0560845083 ],
						[ 28.8132115588, 41.0561475322 ],
						[ 28.8131625231, 41.0561561017 ],
						[ 28.8116075977, 41.056427819 ],
						[ 28.8101355867, 41.0569285605 ]
					]
				]
			},
			"properties" : {
				"ISTASYON" : "Bölge Parkı",
				"PROJE_ADI" : "M7 (U3) Mahmutbey - Bahçeşehir- Esenyurt Metro Hattı",
				"PROJE_ASAMA" : "İnşaat Aşamasında",
				"HAT_TURU" : "Metro",
				"MUDURLUK" : "Avrupa Yakası Raylı Sistemler Müdürlüğü"
			}
		},
		{
			"type" : "Feature",
			"geometry" : {
				"type" : "MultiPolygon",
				"coordinates" : [
					[
						[
							[ 28.7984762209, 41.0517688224 ],
							[ 28.798478795, 41.051769005 ],
							[ 28.7984813398, 41.0517693559 ],
							[ 28.7984838361, 41.0517698727 ],
							[ 28.7984862649, 41.0517705514 ],
							[ 28.7984886079, 41.0517713869 ],
							[ 28.7984908475, 41.0517723728 ],
							[ 28.7984929667, 41.0517735017 ],
							[ 28.7984949495, 41.0517747651 ],
							[ 28.7984967809, 41.0517761535 ],
							[ 28.7984984472, 41.0517776563 ],
							[ 28.7984999356, 41.0517792622 ],
							[ 28.798501235, 41.0517809591 ],
							[ 28.7985023355, 41.0517827341 ],
							[ 28.7985032289, 41.0517845739 ],
							[ 28.7985039084, 41.0517864645 ],
							[ 28.7985043688, 41.0517883917 ],
							[ 28.7985046067, 41.0517903409 ],
							[ 28.7985046203, 41.0517922974 ],
							[ 28.7985044079, 41.051794261 ],
							[ 28.7985039693, 41.0517962019 ],
							[ 28.7985033079, 41.0517981054 ],
							[ 28.7985024288, 41.0517999569 ],
							[ 28.7985013387, 41.051801742 ],
							[ 28.7985000459, 41.0518034472 ],
							[ 28.7984985604, 41.0518050593 ],
							[ 28.7984968936, 41.051806566 ],
							[ 28.7984950582, 41.0518079558 ],
							[ 28.7984930684, 41.051809218 ],
							[ 28.7984909393, 41.0518103428 ],
							[ 28.7984886873, 41.0518113218 ],
							[ 28.7984863296, 41.0518121474 ],
							[ 28.7984838844, 41.0518128132 ],
							[ 28.7984813704, 41.0518133141 ],
							[ 28.7984788069, 41.0518136463 ],
							[ 28.7984762135, 41.0518138073 ],
							[ 28.7984736101, 41.0518137959 ],
							[ 28.7983797424, 41.051810674 ],
							[ 28.7983823533, 41.0517657006 ],
							[ 28.7984762209, 41.0517688224 ]
						]
					],
					[
						[
							[ 28.7964668531, 41.0516933643 ],
							[ 28.7964421882, 41.0517913353 ],
							[ 28.7964379562, 41.0518038647 ],
							[ 28.7964295251, 41.0518129429 ],
							[ 28.7964207991, 41.0518177798 ],
							[ 28.7964140333, 41.0518199458 ],
							[ 28.7964041469, 41.0518212923 ],
							[ 28.7963924885, 41.051820406 ],
							[ 28.7963847361, 41.0518182271 ],
							[ 28.7963760897, 41.051813803 ],
							[ 28.7963679369, 41.0518061155 ],
							[ 28.7963639094, 41.0517981533 ],
							[ 28.7963636422, 41.0517860559 ],
							[ 28.7963803018, 41.0517198846 ],
							[ 28.796389778, 41.051682244 ],
							[ 28.7964668531, 41.0516933643 ]
						]
					],
					[
						[
							[ 28.7977976724, 41.0517442317 ],
							[ 28.7977872307, 41.0519241273 ],
							[ 28.7971931303, 41.0519043634 ],
							[ 28.7972035736, 41.0517244688 ],
							[ 28.7977976724, 41.0517442317 ]
						]
					]
				]
			},
			"properties" : {
				"ISTASYON" : "Atatürk Mahallesi",
				"PROJE_ADI" : "M7 (U3) Mahmutbey - Bahçeşehir- Esenyurt Metro Hattı",
				"PROJE_ASAMA" : "İnşaat Aşamasında",
				"HAT_TURU" : "Metro",
				"MUDURLUK" : "Avrupa Yakası Raylı Sistemler Müdürlüğü"
			}
		},
		{
			"type" : "Feature",
			"geometry" : {
				"type" : "Polygon",
				"coordinates" : [
					[
						[ 29.0463730794, 41.0854036392 ],
						[ 29.0463397624, 41.0855320128 ],
						[ 29.0447723028, 41.0852991264 ],
						[ 29.0448056216, 41.0851707532 ],
						[ 29.0463730794, 41.0854036392 ]
					]
				]
			},
			"properties" : {
				"ISTASYON" : "Rumeli Hisarüstü",
				"PROJE_ADI" : "M6 Levent - Boğaziçi Ünv./Hisarüstü Metro Hattı",
				"PROJE_ASAMA" : "Mevcut Hattaki İstasyon",
				"HAT_TURU" : "Metro",
				"MUDURLUK" : "Avrupa Yakası Raylı Sistemler Müdürlüğü"
			}
		},
		{
			"type" : "Feature",
			"geometry" : {
				"type" : "Polygon",
				"coordinates" : [
					[
						[ 28.7461945488, 41.1794049871 ],
						[ 28.7465560665, 41.1795234129 ],
						[ 28.7465071322, 41.1796059337 ],
						[ 28.7464850685, 41.1795984651 ],
						[ 28.74629032, 41.1799180666 ],
						[ 28.7462172936, 41.1798972942 ],
						[ 28.7462363146, 41.1798652181 ],
						[ 28.7461553474, 41.1798438866 ],
						[ 28.7459949732, 41.1801143295 ],
						[ 28.7458956165, 41.1800828913 ],
						[ 28.7458611437, 41.1802330917 ],
						[ 28.7457036263, 41.1804315905 ],
						[ 28.7456259501, 41.1803964065 ],
						[ 28.7457747926, 41.1802088415 ],
						[ 28.745810325, 41.180054021 ],
						[ 28.7457012716, 41.1800166135 ],
						[ 28.7459026925, 41.1796769562 ],
						[ 28.746190877, 41.1797745054 ],
						[ 28.7461874661, 41.1797802561 ],
						[ 28.7462701085, 41.1798082302 ],
						[ 28.7464096399, 41.1795729333 ],
						[ 28.7461432129, 41.1794827491 ],
						[ 28.7461901749, 41.1794035547 ],
						[ 28.7461945488, 41.1794049871 ]
					]
				]
			},
			"properties" : {
				"ISTASYON" : "Arnavutköy - 1",
				"PROJE_ADI" : "M11 Halkalı - İstanbul Havalimanı Metro Hattı",
				"PROJE_ASAMA" : "İnşaat Aşamasında",
				"HAT_TURU" : "Metro",
				"MUDURLUK" : "AYGM"
			}
		},
		{
			"type" : "Feature",
			"geometry" : {
				"type" : "Polygon",
				"coordinates" : [
					[
						[ 28.7465527502, 41.1781216177 ],
						[ 28.7471623642, 41.1783279687 ],
						[ 28.7469396425, 41.1786038341 ],
						[ 28.7469231364, 41.1786018519 ],
						[ 28.7468060187, 41.1788802843 ],
						[ 28.7467398252, 41.1789941163 ],
						[ 28.7464905863, 41.1789058083 ],
						[ 28.7465332228, 41.1788251016 ],
						[ 28.746718979, 41.1788845981 ],
						[ 28.7467702199, 41.1787660617 ],
						[ 28.7468461271, 41.178590463 ],
						[ 28.7464688807, 41.1785342111 ],
						[ 28.746334967, 41.178488882 ],
						[ 28.7465527502, 41.1781216177 ]
					]
				]
			},
			"properties" : {
				"ISTASYON" : "Arnavutköy - 1",
				"PROJE_ADI" : "M11 Halkalı - İstanbul Havalimanı Metro Hattı",
				"PROJE_ASAMA" : "İnşaat Aşamasında",
				"HAT_TURU" : "Metro",
				"MUDURLUK" : "AYGM"
			}
		},
		{
			"type" : "Feature",
			"geometry" : {
				"type" : "Polygon",
				"coordinates" : [
					[
						[ 29.2094237422, 40.8850584676 ],
						[ 29.2094251323, 40.8850577063 ],
						[ 29.2095692414, 40.8849783812 ],
						[ 29.2097129552, 40.884898648 ],
						[ 29.2101269661, 40.8846680456 ],
						[ 29.2101460967, 40.8846573908 ],
						[ 29.210165226, 40.8846467378 ],
						[ 29.2101843565, 40.8846360866 ],
						[ 29.2102034893, 40.8846254399 ],
						[ 29.2102226244, 40.8846147986 ],
						[ 29.2102417642, 40.8846041628 ],
						[ 29.2102609087, 40.8845935342 ],
						[ 29.2102800589, 40.8845829137 ],
						[ 29.2102992174, 40.8845723032 ],
						[ 29.2103183828, 40.8845617026 ],
						[ 29.2103375588, 40.8845511129 ],
						[ 29.2103567442, 40.8845405359 ],
						[ 29.21037594, 40.8845299724 ],
						[ 29.2103951415, 40.8845194288 ],
						[ 29.210414344, 40.884508906 ],
						[ 29.2105136942, 40.8844548556 ],
						[ 29.2106134329, 40.8844012481 ],
						[ 29.2107135733, 40.8843480755 ],
						[ 29.2108141141, 40.8842953386 ],
						[ 29.2109150685, 40.8842430296 ],
						[ 29.2109346761, 40.8842329452 ],
						[ 29.210954324, 40.8842228611 ],
						[ 29.2109739777, 40.8842127959 ],
						[ 29.2109936442, 40.8842027426 ],
						[ 29.2110133225, 40.8841927019 ],
						[ 29.2110330113, 40.8841826712 ],
						[ 29.2110527118, 40.8841726495 ],
						[ 29.2110724194, 40.8841626361 ],
						[ 29.2110921364, 40.8841526298 ],
						[ 29.2111118604, 40.88414263 ],
						[ 29.2111315891, 40.8841326346 ],
						[ 29.2111513249, 40.8841226438 ],
						[ 29.211171063, 40.8841126549 ],
						[ 29.2111908058, 40.8841026677 ],
						[ 29.2112105498, 40.8840926815 ],
						[ 29.2116118967, 40.8838896874 ],
						[ 29.2116531046, 40.883936617 ],
						[ 29.2112991437, 40.8841409393 ],
						[ 29.2112802585, 40.88415184 ],
						[ 29.2112613734, 40.8841627398 ],
						[ 29.2112424859, 40.884173636 ],
						[ 29.2112235984, 40.8841845295 ],
						[ 29.2112047062, 40.8841954175 ],
						[ 29.2111858106, 40.8842062992 ],
						[ 29.2111669103, 40.8842171737 ],
						[ 29.2111480029, 40.8842280409 ],
						[ 29.2111290874, 40.8842388981 ],
						[ 29.2111101648, 40.8842497463 ],
						[ 29.2110912329, 40.8842605818 ],
						[ 29.2110722892, 40.8842714056 ],
						[ 29.2110533351, 40.8842822157 ],
						[ 29.2110343597, 40.8842930167 ],
						[ 29.2110153988, 40.8843037854 ],
						[ 29.210905584, 40.8843656698 ],
						[ 29.2107952689, 40.8844270069 ],
						[ 29.2106844378, 40.8844878063 ],
						[ 29.2105730946, 40.8845480654 ],
						[ 29.210461245, 40.8846077816 ],
						[ 29.2103488938, 40.8846669521 ],
						[ 29.2102360447, 40.8847255753 ],
						[ 29.210122681, 40.8847836581 ],
						[ 29.2101030029, 40.884793659 ],
						[ 29.2100832976, 40.8848036516 ],
						[ 29.2100635687, 40.8848136351 ],
						[ 29.2100438281, 40.8848236059 ],
						[ 29.2100240745, 40.8848335648 ],
						[ 29.2100043116, 40.8848435129 ],
						[ 29.2099845369, 40.8848534519 ],
						[ 29.209964754, 40.8848633827 ],
						[ 29.2099449641, 40.8848733063 ],
						[ 29.2099251659, 40.8848832235 ],
						[ 29.2099053618, 40.8848931362 ],
						[ 29.2098855531, 40.8849030443 ],
						[ 29.2098657396, 40.8849129506 ],
						[ 29.2098459238, 40.8849228551 ],
						[ 29.2098261056, 40.8849327586 ],
						[ 29.209472208, 40.8851096033 ],
						[ 29.2094237422, 40.8850584676 ]
					]
				]
			},
			"properties" : {
				"ISTASYON" : "Yunus",
				"PROJE_ADI" : "Halkalı - Gebze Marmaray Yüzeysel Metro Hattı",
				"PROJE_ASAMA" : "Mevcut Hattaki İstasyon",
				"HAT_TURU" : "Banliyö",
				"MUDURLUK" : "Ulaştırma Bakanlığı"
			}
		},
		{
			"type" : "Feature",
			"geometry" : {
				"type" : "MultiPolygon",
				"coordinates" : [
					[
						[
							[ 29.2331007895, 40.8801554564 ],
							[ 29.2330953103, 40.8801912587 ],
							[ 29.2329126685, 40.880178518 ],
							[ 29.2326932529, 40.8801633173 ],
							[ 29.232418591, 40.8801436334 ],
							[ 29.2320393248, 40.8801156974 ],
							[ 29.2318010184, 40.8800987664 ],
							[ 29.2316575186, 40.8800889138 ],
							[ 29.2314188166, 40.8800713221 ],
							[ 29.2311380919, 40.8800517387 ],
							[ 29.2309304385, 40.8800361809 ],
							[ 29.2307203508, 40.88002184 ],
							[ 29.2305211323, 40.8800073642 ],
							[ 29.2302976117, 40.8799912401 ],
							[ 29.2302409848, 40.8799871522 ],
							[ 29.2301339416, 40.8799795041 ],
							[ 29.2301338942, 40.8799795038 ],
							[ 29.2300930686, 40.8799765749 ],
							[ 29.2299839997, 40.87996867 ],
							[ 29.2297693643, 40.8799536758 ],
							[ 29.2295216149, 40.8799357585 ],
							[ 29.2295237486, 40.8799195463 ],
							[ 29.2295323042, 40.8799050789 ],
							[ 29.2331007895, 40.8801554564 ]
						]
					],
					[
						[
							[ 29.2300179922, 40.8801556195 ],
							[ 29.2301461599, 40.880168047 ],
							[ 29.2302744438, 40.8801797692 ],
							[ 29.2304028355, 40.8801907851 ],
							[ 29.2305313304, 40.8802010937 ],
							[ 29.2306598846, 40.8802106913 ],
							[ 29.2325752196, 40.8803483531 ],
							[ 29.2325627568, 40.8804461045 ],
							[ 29.2325068369, 40.8804437244 ],
							[ 29.2323830267, 40.8804377966 ],
							[ 29.2322592752, 40.8804312126 ],
							[ 29.2321355858, 40.8804239733 ],
							[ 29.2320119669, 40.8804160788 ],
							[ 29.2318883901, 40.880407528 ],
							[ 29.2314599293, 40.8803767331 ],
							[ 29.2313366234, 40.8803675415 ],
							[ 29.2312134377, 40.8803577004 ],
							[ 29.2310903462, 40.8803472079 ],
							[ 29.2309673537, 40.880336064 ],
							[ 29.230844466, 40.8803242705 ],
							[ 29.2307216902, 40.8803118266 ],
							[ 29.2305990312, 40.8802987341 ],
							[ 29.230476496, 40.880284993 ],
							[ 29.2303540894, 40.8802706044 ],
							[ 29.2302318185, 40.8802555682 ],
							[ 29.2301096879, 40.8802398853 ],
							[ 29.229987705, 40.8802235568 ],
							[ 29.2299105828, 40.8802128125 ],
							[ 29.2299191697, 40.8801454831 ],
							[ 29.2300179922, 40.8801556195 ]
						]
					],
					[
						[
							[ 29.2297665726, 40.8799862299 ],
							[ 29.2299597701, 40.8799982346 ],
							[ 29.2301234304, 40.8800096871 ],
							[ 29.2305720579, 40.8800419362 ],
							[ 29.2311398911, 40.8800827521 ],
							[ 29.232363731, 40.8801707128 ],
							[ 29.2327704444, 40.8801999415 ],
							[ 29.2337044687, 40.8802670598 ],
							[ 29.2342031378, 40.8803030869 ],
							[ 29.2343396811, 40.8803201749 ],
							[ 29.2343327539, 40.8803745191 ],
							[ 29.2341420641, 40.88036721 ],
							[ 29.2333329216, 40.8803239073 ],
							[ 29.2323497535, 40.8802583454 ],
							[ 29.2312625146, 40.8801802035 ],
							[ 29.2309338379, 40.8801565793 ],
							[ 29.2304898593, 40.8801203096 ],
							[ 29.2301349462, 40.8800851937 ],
							[ 29.2299474632, 40.8800644955 ],
							[ 29.2297281162, 40.8800381535 ],
							[ 29.229734826, 40.8799843601 ],
							[ 29.2297665726, 40.8799862299 ]
						]
					]
				]
			},
			"properties" : {
				"ISTASYON" : "Pendik",
				"PROJE_ADI" : "Halkalı - Gebze Marmaray Yüzeysel Metro Hattı",
				"PROJE_ASAMA" : "Mevcut Hattaki İstasyon",
				"HAT_TURU" : "Banliyö",
				"MUDURLUK" : "Ulaştırma Bakanlığı"
			}
		},
		{
			"type" : "Feature",
			"geometry" : {
				"type" : "Polygon",
				"coordinates" : [
					[
						[ 28.7729652416, 40.9882929847 ],
						[ 28.7730283712, 40.988301676 ],
						[ 28.7730118026, 40.988370772 ],
						[ 28.7731227574, 40.9883865059 ],
						[ 28.7730906838, 40.9885202683 ],
						[ 28.7732005748, 40.9885353974 ],
						[ 28.773206678, 40.9885124481 ],
						[ 28.7732423375, 40.9885173577 ],
						[ 28.7732009514, 40.9886899577 ],
						[ 28.7731440129, 40.9886827181 ],
						[ 28.7731694435, 40.9885796115 ],
						[ 28.7730794252, 40.9885672178 ],
						[ 28.7730431027, 40.988718697 ],
						[ 28.7729319359, 40.9887038494 ],
						[ 28.772915367, 40.9887729454 ],
						[ 28.7728522381, 40.988764254 ],
						[ 28.7728689127, 40.9886947153 ],
						[ 28.7727122581, 40.9886731469 ],
						[ 28.7727354111, 40.9885765902 ],
						[ 28.772683973, 40.988569508 ],
						[ 28.7727226132, 40.9884083668 ],
						[ 28.7727741774, 40.9884149253 ],
						[ 28.7727910645, 40.9883444992 ],
						[ 28.7729477184, 40.9883660667 ],
						[ 28.7729652416, 40.9882929847 ]
					]
				]
			},
			"properties" : {
				"ISTASYON" : "Küçükçekmece",
				"PROJE_ADI" : "Halkalı - Gebze Marmaray Yüzeysel Metro Hattı",
				"PROJE_ASAMA" : "Mevcut Hattaki İstasyon",
				"HAT_TURU" : "Banliyö",
				"MUDURLUK" : "Ulaştırma Bakanlığı"
			}
		},
		{
			"type" : "Feature",
			"geometry" : {
				"type" : "Polygon",
				"coordinates" : [
					[
						[ 28.8364187822, 40.9646920109 ],
						[ 28.8367940312, 40.9649957876 ],
						[ 28.8369884306, 40.965153721 ],
						[ 28.8372044984, 40.9653330978 ],
						[ 28.8373728, 40.9654756795 ],
						[ 28.8374957617, 40.9655837687 ],
						[ 28.8376499887, 40.9657206802 ],
						[ 28.8378025927, 40.9658585927 ],
						[ 28.8381019281, 40.9661302292 ],
						[ 28.8381880244, 40.966208417 ],
						[ 28.8381305345, 40.9662448737 ],
						[ 28.8380195172, 40.9661551566 ],
						[ 28.8378681496, 40.9660328292 ],
						[ 28.8376767926, 40.9658781443 ],
						[ 28.8375150879, 40.9657464071 ],
						[ 28.8373833263, 40.9656374142 ],
						[ 28.8373268032, 40.9655896321 ],
						[ 28.8372517883, 40.9655259246 ],
						[ 28.8371412613, 40.965431017 ],
						[ 28.8370639173, 40.9653646026 ],
						[ 28.8370495219, 40.9653510219 ],
						[ 28.8369550803, 40.9652675741 ],
						[ 28.8367615859, 40.9650930006 ],
						[ 28.836685815, 40.9650237061 ],
						[ 28.8365469948, 40.9648967492 ],
						[ 28.836362038, 40.964726885 ],
						[ 28.8364187822, 40.9646920109 ]
					]
				]
			},
			"properties" : {
				"ISTASYON" : "Yeşilyurt",
				"PROJE_ADI" : "Halkalı - Gebze Marmaray Yüzeysel Metro Hattı",
				"PROJE_ASAMA" : "Mevcut Hattaki İstasyon",
				"HAT_TURU" : "Banliyö",
				"MUDURLUK" : "Ulaştırma Bakanlığı"
			}
		},
		{
			"type" : "Feature",
			"geometry" : {
				"type" : "MultiPolygon",
				"coordinates" : [
					[
						[
							[ 28.872410378, 40.98030684 ],
							[ 28.8736227235, 40.9805072157 ],
							[ 28.8735994841, 40.9805885569 ],
							[ 28.8723390152, 40.9803988937 ],
							[ 28.8709855037, 40.9801618102 ],
							[ 28.8710109466, 40.9800755242 ],
							[ 28.872410378, 40.98030684 ]
						]
					],
					[
						[
							[ 28.873569396, 40.9803132661 ],
							[ 28.8738098914, 40.9803539883 ],
							[ 28.8737906037, 40.9804279567 ],
							[ 28.8742914827, 40.9805105682 ],
							[ 28.8742914374, 40.980513233 ],
							[ 28.8742813111, 40.9805484207 ],
							[ 28.8736082368, 40.9804371962 ],
							[ 28.8734594922, 40.9804126157 ],
							[ 28.8730952634, 40.9803524249 ],
							[ 28.8723933838, 40.9802364329 ],
							[ 28.8718519255, 40.9801469482 ],
							[ 28.8710298669, 40.9800110848 ],
							[ 28.870216204, 40.9798766026 ],
							[ 28.8702270927, 40.9798387764 ],
							[ 28.8709208322, 40.9799534538 ],
							[ 28.8709355059, 40.9799024723 ],
							[ 28.8714933102, 40.9799946759 ],
							[ 28.8715000558, 40.9799712359 ],
							[ 28.873569396, 40.9803132661 ]
						]
					]
				]
			},
			"properties" : {
				"ISTASYON" : "Bakırköy",
				"PROJE_ADI" : "Halkalı - Gebze Marmaray Yüzeysel Metro Hattı",
				"PROJE_ASAMA" : "Mevcut Hattaki İstasyon",
				"HAT_TURU" : "Banliyö",
				"MUDURLUK" : "Ulaştırma Bakanlığı"
			}
		},
		{
			"type" : "Feature",
			"geometry" : {
				"type" : "MultiPolygon",
				"coordinates" : [
					[
						[
							[ 28.8808976848, 40.9819814821 ],
							[ 28.880879454, 40.9820448187 ],
							[ 28.8807221636, 40.9820188184 ],
							[ 28.8807403958, 40.981955481 ],
							[ 28.8808976848, 40.9819814821 ]
						]
					],
					[
						[
							[ 28.8811403725, 40.9815489974 ],
							[ 28.8812976608, 40.9815749971 ],
							[ 28.8812782666, 40.9816423781 ],
							[ 28.8811125569, 40.9816145777 ],
							[ 28.8811318402, 40.9815475865 ],
							[ 28.8811403725, 40.9815489974 ]
						]
					]
				]
			},
			"properties" : {
				"ISTASYON" : "Yenimahalle",
				"PROJE_ADI" : "Halkalı - Gebze Marmaray Yüzeysel Metro Hattı",
				"PROJE_ASAMA" : "Mevcut Hattaki İstasyon",
				"HAT_TURU" : "Banliyö",
				"MUDURLUK" : "Ulaştırma Bakanlığı"
			}
		},
		{
			"type" : "Feature",
			"geometry" : {
				"type" : "Polygon",
				"coordinates" : [
					[
						[ 28.9755040452, 41.0136218091 ],
						[ 28.9756183756, 41.0131298103 ],
						[ 28.9787425246, 41.013545475 ],
						[ 28.978627608, 41.0140400947 ],
						[ 28.9755040452, 41.0136218091 ]
					]
				]
			},
			"properties" : {
				"ISTASYON" : "Sirkeci",
				"PROJE_ADI" : "Halkalı - Gebze Marmaray Yüzeysel Metro Hattı",
				"PROJE_ASAMA" : "Mevcut Hattaki İstasyon",
				"HAT_TURU" : "Banliyö",
				"MUDURLUK" : "Ulaştırma Bakanlığı"
			}
		},
		{
			"type" : "Feature",
			"geometry" : {
				"type" : "Polygon",
				"coordinates" : [
					[
						[ 29.0478845059, 40.9792412096 ],
						[ 29.0478441732, 40.9791930662 ],
						[ 29.0480209056, 40.9791070652 ],
						[ 29.0481543337, 40.9790429601 ],
						[ 29.0482811788, 40.9789799575 ],
						[ 29.048396389, 40.9789243217 ],
						[ 29.0486101862, 40.9788213407 ],
						[ 29.0487530019, 40.9787537763 ],
						[ 29.0490041671, 40.9786376097 ],
						[ 29.0491290221, 40.9785809488 ],
						[ 29.0493882371, 40.9784672511 ],
						[ 29.0497227194, 40.9783243432 ],
						[ 29.0501369402, 40.9781560233 ],
						[ 29.0501732593, 40.9782080462 ],
						[ 29.0500544493, 40.9782620306 ],
						[ 29.0497088109, 40.9784243432 ],
						[ 29.0493694579, 40.9785867803 ],
						[ 29.0492200644, 40.9786569089 ],
						[ 29.0488815481, 40.9788123775 ],
						[ 29.0486674918, 40.9789073744 ],
						[ 29.0484359554, 40.9790073654 ],
						[ 29.0482580012, 40.9790829532 ],
						[ 29.0478845059, 40.9792412096 ]
					]
				]
			},
			"properties" : {
				"ISTASYON" : "Feneryolu",
				"PROJE_ADI" : "Halkalı - Gebze Marmaray Yüzeysel Metro Hattı",
				"PROJE_ASAMA" : "Mevcut Hattaki İstasyon",
				"HAT_TURU" : "Banliyö",
				"MUDURLUK" : "Ulaştırma Bakanlığı"
			}
		},
		{
			"type" : "Feature",
			"geometry" : {
				"type" : "Polygon",
				"coordinates" : [
					[
						[ 28.8743154962, 40.9809272202 ],
						[ 28.8747326691, 40.9810782103 ],
						[ 28.8738146862, 40.9825419737 ],
						[ 28.873393817, 40.9823896447 ],
						[ 28.8743154962, 40.9809272202 ]
					]
				]
			},
			"properties" : {
				"ISTASYON" : "Özgürlük Meydanı",
				"PROJE_ADI" : "M3 Kirazlı-Bakırköy İDO Metro Hattı Uzatması",
				"PROJE_ASAMA" : "İnşaat Aşamasında",
				"HAT_TURU" : "Metro",
				"MUDURLUK" : "AYGM"
			}
		},
		{
			"type" : "Feature",
			"geometry" : {
				"type" : "Polygon",
				"coordinates" : [
					[
						[ 28.8670404735, 40.9738926765 ],
						[ 28.8669833807, 40.9736791274 ],
						[ 28.8691140319, 40.9733518888 ],
						[ 28.8691711313, 40.973565437 ],
						[ 28.8670404735, 40.9738926765 ]
					]
				]
			},
			"properties" : {
				"ISTASYON" : "Bakırköy İDO",
				"PROJE_ADI" : "M3 Kirazlı-Bakırköy İDO Metro Hattı Uzatması",
				"PROJE_ASAMA" : "İnşaat Aşamasında",
				"HAT_TURU" : "Metro",
				"MUDURLUK" : "AYGM"
			}
		},
		{
			"type" : "Feature",
			"geometry" : {
				"type" : "MultiPolygon",
				"coordinates" : [
					[
						[
							[ 28.8649693836, 41.0123262447 ],
							[ 28.8648479241, 41.0124440331 ],
							[ 28.8647860973, 41.0124074544 ],
							[ 28.8649075556, 41.012289666 ],
							[ 28.8649693836, 41.0123262447 ]
						]
					],
					[
						[
							[ 28.8653183803, 41.0119877898 ],
							[ 28.8651925327, 41.0121098367 ],
							[ 28.865130706, 41.0120732582 ],
							[ 28.8652565537, 41.0119512113 ],
							[ 28.8653183803, 41.0119877898 ]
						]
					]
				]
			},
			"properties" : {
				"ISTASYON" : "İlkyuva",
				"PROJE_ADI" : "M3 Kirazlı-Bakırköy İDO Metro Hattı Uzatması",
				"PROJE_ASAMA" : "İnşaat Aşamasında",
				"HAT_TURU" : "Metro",
				"MUDURLUK" : "AYGM"
			}
		},
		{
			"type" : "Feature",
			"geometry" : {
				"type" : "Polygon",
				"coordinates" : [
					[
						[ 28.8555589353, 40.9800286386 ],
						[ 28.8555466156, 40.9798415955 ],
						[ 28.8560155557, 40.9798238573 ],
						[ 28.856461713, 40.979806978 ],
						[ 28.8568684745, 40.9797915882 ],
						[ 28.856880798, 40.9799786303 ],
						[ 28.8564740341, 40.979994021 ],
						[ 28.8564757522, 40.9800200941 ],
						[ 28.8561436421, 40.9800326585 ],
						[ 28.8561435234, 40.98003086 ],
						[ 28.8561398517, 40.979975107 ],
						[ 28.8559273927, 40.9799831438 ],
						[ 28.8559294663, 40.9800146222 ],
						[ 28.8555589353, 40.9800286386 ]
					]
				]
			},
			"properties" : {
				"ISTASYON" : "Ataköy",
				"PROJE_ADI" : "M9 (U1) Ataköy -  Bahariye Hattı",
				"PROJE_ASAMA" : "İnşaat Aşamasında",
				"HAT_TURU" : "Metro",
				"MUDURLUK" : "Avrupa Yakası Raylı Sistemler Müdürlüğü"
			}
		},
		{
			"type" : "Feature",
			"geometry" : {
				"type" : "MultiPolygon",
				"coordinates" : [
					[
						[
							[ 28.8178147107, 41.0252224164 ],
							[ 28.8177235764, 41.0252003511 ],
							[ 28.817552297, 41.0252192056 ],
							[ 28.8175411817, 41.025161291 ],
							[ 28.8177301164, 41.0251404934 ],
							[ 28.8178382424, 41.0251666734 ],
							[ 28.8178147107, 41.0252224164 ]
						]
					],
					[
						[
							[ 28.8177183089, 41.0240763426 ],
							[ 28.8174650824, 41.0241813048 ],
							[ 28.8174270554, 41.0241282996 ],
							[ 28.8176807074, 41.0240239307 ],
							[ 28.8177183089, 41.0240763426 ]
						]
					],
					[
						[
							[ 28.8162330172, 41.0258890758 ],
							[ 28.8159661304, 41.0259846217 ],
							[ 28.8159285303, 41.0259243872 ],
							[ 28.816195417, 41.0258288405 ],
							[ 28.8162330172, 41.0258890758 ]
						]
					],
					[
						[
							[ 28.8165479282, 41.0248246013 ],
							[ 28.8163222523, 41.0249869485 ],
							[ 28.8162608434, 41.0249379888 ],
							[ 28.8164865193, 41.0247756427 ],
							[ 28.8165479282, 41.0248246013 ]
						]
					]
				]
			},
			"properties" : {
				"ISTASYON" : "Mimar Sinan",
				"PROJE_ADI" : "M9 (U1) Ataköy -  Bahariye Hattı",
				"PROJE_ASAMA" : "İnşaat Aşamasında",
				"HAT_TURU" : "Metro",
				"MUDURLUK" : "Avrupa Yakası Raylı Sistemler Müdürlüğü"
			}
		},
		{
			"type" : "Feature",
			"geometry" : {
				"type" : "MultiPolygon",
				"coordinates" : [
					[
						[
							[ 28.8225514659, 40.9989232451 ],
							[ 28.8225138289, 40.9991219337 ],
							[ 28.8224314841, 40.9991129804 ],
							[ 28.8224691214, 40.9989142919 ],
							[ 28.8225514659, 40.9989232451 ]
						]
					],
					[
						[
							[ 28.8228901184, 40.9994393193 ],
							[ 28.822837533, 40.9997200931 ],
							[ 28.8227446003, 40.9997099892 ],
							[ 28.8227995384, 40.9994294708 ],
							[ 28.8228901184, 40.9994393193 ]
						]
					]
				]
			},
			"properties" : {
				"ISTASYON" : "Çobançeşme - Kuyumcukent",
				"PROJE_ADI" : "M9 (U1) Ataköy -  Bahariye Hattı",
				"PROJE_ASAMA" : "İnşaat Aşamasında",
				"HAT_TURU" : "Metro",
				"MUDURLUK" : "Avrupa Yakası Raylı Sistemler Müdürlüğü"
			}
		},
		{
			"type" : "Feature",
			"geometry" : {
				"type" : "MultiPolygon",
				"coordinates" : [
					[
						[
							[ 28.8373393888, 40.9904355175 ],
							[ 28.8372412224, 40.9903757205 ],
							[ 28.8374039516, 40.9902223415 ],
							[ 28.8372400329, 40.9901224916 ],
							[ 28.8374261565, 40.9899470618 ],
							[ 28.837714173, 40.9901225022 ],
							[ 28.83742233, 40.9903975785 ],
							[ 28.8373963995, 40.9903817826 ],
							[ 28.8373393888, 40.9904355175 ]
						]
					],
					[
						[
							[ 28.8384820893, 40.9893384465 ],
							[ 28.8384968345, 40.9893474293 ],
							[ 28.838149161, 40.9896751356 ],
							[ 28.8379295387, 40.9898821449 ],
							[ 28.8376656011, 40.989721372 ],
							[ 28.8379733466, 40.989431301 ],
							[ 28.8381523646, 40.9888324191 ],
							[ 28.8384078946, 40.9888762751 ],
							[ 28.8383024535, 40.9892290247 ],
							[ 28.8383857023, 40.9892797345 ],
							[ 28.8384339278, 40.9892342774 ],
							[ 28.8384608564, 40.989250681 ],
							[ 28.8385351671, 40.9891806373 ],
							[ 28.8386046255, 40.9892229465 ],
							[ 28.8384820893, 40.9893384465 ]
						]
					]
				]
			},
			"properties" : {
				"ISTASYON" : "Yenibosna",
				"PROJE_ADI" : "M9 (U1) Ataköy -  Bahariye Hattı",
				"PROJE_ASAMA" : "İnşaat Aşamasında",
				"HAT_TURU" : "Metro",
				"MUDURLUK" : "Avrupa Yakası Raylı Sistemler Müdürlüğü"
			}
		},
		{
			"type" : "Feature",
			"geometry" : {
				"type" : "Polygon",
				"coordinates" : [
					[
						[ 29.0096915878, 41.0530366868 ],
						[ 29.009712974, 41.0531647641 ],
						[ 29.0097197184, 41.053203214 ],
						[ 29.0097270954, 41.0532415996 ],
						[ 29.0097351036, 41.0532799148 ],
						[ 29.0100848594, 41.0548879495 ],
						[ 29.010094235, 41.0549293018 ],
						[ 29.0101043459, 41.0549705573 ],
						[ 29.0101151902, 41.0550117085 ],
						[ 29.0101396068, 41.0551011893 ],
						[ 29.0101507546, 41.0551434902 ],
						[ 29.0101611485, 41.0551858984 ],
						[ 29.0101707865, 41.055228406 ],
						[ 29.0101732981, 41.055239955 ],
						[ 29.0100483743, 41.0552555255 ],
						[ 29.0100458627, 41.0552439757 ],
						[ 29.0100414509, 41.0552240974 ],
						[ 29.0100368687, 41.0552042407 ],
						[ 29.0100321163, 41.0551844063 ],
						[ 29.0099770654, 41.0551912674 ],
						[ 29.0099789984, 41.0552001515 ],
						[ 29.0098540747, 41.0552157209 ],
						[ 29.0098521417, 41.0552068368 ],
						[ 29.0097970919, 41.0552136978 ],
						[ 29.0098009906, 41.0552336376 ],
						[ 29.0098050603, 41.0552535584 ],
						[ 29.0098093008, 41.0552734593 ],
						[ 29.0098118124, 41.0552850083 ],
						[ 29.0096868896, 41.0553005775 ],
						[ 29.0096843769, 41.0552890286 ],
						[ 29.009675501, 41.0552464205 ],
						[ 29.0096673846, 41.0552037284 ],
						[ 29.0096600293, 41.0551609601 ],
						[ 29.0096452594, 41.0550702772 ],
						[ 29.0096381039, 41.0550286715 ],
						[ 29.0096302081, 41.0549871399 ],
						[ 29.0096215734, 41.05494569 ],
						[ 29.0092718287, 41.0533376541 ],
						[ 29.0092597801, 41.0532850912 ],
						[ 29.0092465436, 41.0532326881 ],
						[ 29.009232123, 41.0531804602 ],
						[ 29.0092307233, 41.0531756021 ],
						[ 29.0092144088, 41.0531162441 ],
						[ 29.0091995821, 41.0530566681 ],
						[ 29.0091862484, 41.0529968954 ],
						[ 29.0091838205, 41.0529853364 ],
						[ 29.009308849, 41.0529702809 ],
						[ 29.0093112782, 41.0529818409 ],
						[ 29.0093155278, 41.0530016487 ],
						[ 29.0093199466, 41.053021436 ],
						[ 29.0093245342, 41.0530412018 ],
						[ 29.0093796215, 41.0530343368 ],
						[ 29.0093738253, 41.0530076835 ],
						[ 29.0094987449, 41.0529921146 ],
						[ 29.0095045412, 41.0530187678 ],
						[ 29.0095595463, 41.0530119119 ],
						[ 29.0095557868, 41.0529918611 ],
						[ 29.0095518546, 41.0529718286 ],
						[ 29.0095477498, 41.0529518154 ],
						[ 29.0095453266, 41.0529402554 ],
						[ 29.009670365, 41.0529252402 ],
						[ 29.0096727871, 41.052936801 ],
						[ 29.0096795162, 41.0529700475 ],
						[ 29.0096857833, 41.053003344 ],
						[ 29.0096915878, 41.0530366868 ]
					]
				]
			},
			"properties" : {
				"ISTASYON" : "Yıldız",
				"PROJE_ADI" : "M7 Yıldız - Mahmutbey Metro Hattı",
				"PROJE_ASAMA" : "Mevcut Hattaki İstasyon",
				"HAT_TURU" : "Metro",
				"MUDURLUK" : "Avrupa Yakası Raylı Sistemler Müdürlüğü"
			}
		},
		{
			"type" : "Feature",
			"geometry" : {
				"type" : "Polygon",
				"coordinates" : [
					[
						[ 28.8742072007, 41.0804092587 ],
						[ 28.8742071995, 41.0804092596 ],
						[ 28.8743903157, 41.0803122628 ],
						[ 28.8743800802, 41.0803011993 ],
						[ 28.8744779863, 41.0802493385 ],
						[ 28.8760334019, 41.0819305481 ],
						[ 28.8759354945, 41.0819824102 ],
						[ 28.8759252586, 41.0819713467 ],
						[ 28.8757421352, 41.0820683476 ],
						[ 28.8757523723, 41.0820794111 ],
						[ 28.8756544645, 41.0821312729 ],
						[ 28.8741414258, 41.0804958601 ],
						[ 28.8741073103, 41.0804589739 ],
						[ 28.8740990101, 41.080449984 ],
						[ 28.8741969785, 41.0803981916 ],
						[ 28.8742052261, 41.0804071225 ],
						[ 28.8742072007, 41.0804092587 ]
					]
				]
			},
			"properties" : {
				"ISTASYON" : "Karadeniz Mah.",
				"PROJE_ADI" : "M7 Yıldız - Mahmutbey Metro Hattı",
				"PROJE_ASAMA" : "Mevcut Hattaki İstasyon",
				"HAT_TURU" : "Metro",
				"MUDURLUK" : "Avrupa Yakası Raylı Sistemler Müdürlüğü"
			}
		},
		{
			"type" : "Feature",
			"geometry" : {
				"type" : "Polygon",
				"coordinates" : [
					[
						[ 28.8662011475, 41.0709309929 ],
						[ 28.8662953008, 41.0708645611 ],
						[ 28.8677556599, 41.0720499112 ],
						[ 28.8676615075, 41.0721163443 ],
						[ 28.8662011475, 41.0709309929 ]
					]
				]
			},
			"properties" : {
				"ISTASYON" : "Tekstilkent - Giyimkent",
				"PROJE_ADI" : "M7 Yıldız - Mahmutbey Metro Hattı",
				"PROJE_ASAMA" : "Mevcut Hattaki İstasyon",
				"HAT_TURU" : "Metro",
				"MUDURLUK" : "Avrupa Yakası Raylı Sistemler Müdürlüğü"
			}
		},
		{
			"type" : "Feature",
			"geometry" : {
				"type" : "Polygon",
				"coordinates" : [
					[
						[ 28.9967938375, 41.1010822706 ],
						[ 28.9968049513, 41.1012242795 ],
						[ 28.9946667737, 41.1013198694 ],
						[ 28.9946556812, 41.1011778588 ],
						[ 28.9967938375, 41.1010822706 ]
					]
				]
			},
			"properties" : {
				"ISTASYON" : "Seyrantepe",
				"PROJE_ADI" : "M2 Yenikapı Seyrantepe - Hacıosman Metro Hattı",
				"PROJE_ASAMA" : "Mevcut Hattaki İstasyon",
				"HAT_TURU" : "Metro",
				"MUDURLUK" : "Avrupa Yakası Raylı Sistemler Müdürlüğü"
			}
		},
		{
			"type" : "Feature",
			"geometry" : {
				"type" : "Polygon",
				"coordinates" : [
					[
						[ 28.7710579626, 41.0577003861 ],
						[ 28.7728533324, 41.0582507637 ],
						[ 28.7728506532, 41.0582557704 ],
						[ 28.7730402793, 41.0583138997 ],
						[ 28.7730429585, 41.0583088922 ],
						[ 28.7732232134, 41.0583641482 ],
						[ 28.7730834648, 41.0586253468 ],
						[ 28.7729032093, 41.0585700915 ],
						[ 28.7729058874, 41.0585650839 ],
						[ 28.7727162606, 41.0585069552 ],
						[ 28.7727135814, 41.0585119628 ],
						[ 28.7709082843, 41.0579585399 ],
						[ 28.7710579626, 41.0577003861 ]
					]
				]
			},
			"properties" : {
				"ISTASYON" : "Tema Park",
				"PROJE_ADI" : "M7 (U3) Mahmutbey - Bahçeşehir- Esenyurt Metro Hattı",
				"PROJE_ASAMA" : "İnşaat Aşamasında",
				"HAT_TURU" : "Metro",
				"MUDURLUK" : "Avrupa Yakası Raylı Sistemler Müdürlüğü"
			}
		},
		{
			"type" : "Feature",
			"geometry" : {
				"type" : "Polygon",
				"coordinates" : [
					[
						[ 28.7730874836, 41.0586178368 ],
						[ 28.7730834648, 41.0586253468 ],
						[ 28.7729032093, 41.0585700915 ],
						[ 28.7729058874, 41.0585650839 ],
						[ 28.7727162606, 41.0585069552 ],
						[ 28.7727135814, 41.0585119628 ],
						[ 28.7709182069, 41.057961582 ],
						[ 28.7709082843, 41.0579585399 ],
						[ 28.7710480399, 41.057697344 ],
						[ 28.7710579626, 41.0577003861 ],
						[ 28.7712938726, 41.0577727074 ],
						[ 28.7715808076, 41.0578606698 ],
						[ 28.7728533324, 41.0582507637 ],
						[ 28.7728506532, 41.0582557704 ],
						[ 28.7730402793, 41.0583138997 ],
						[ 28.7730429585, 41.0583088922 ],
						[ 28.7732132917, 41.0583611063 ],
						[ 28.7732232134, 41.0583641482 ],
						[ 28.7731241249, 41.0585493516 ],
						[ 28.7730874836, 41.0586178368 ]
					]
				]
			},
			"properties" : {
				"ISTASYON" : "Tema Park",
				"PROJE_ADI" : "M7 (U3) Mahmutbey - Bahçeşehir- Esenyurt Metro Hattı",
				"PROJE_ASAMA" : "İnşaat Aşamasında",
				"HAT_TURU" : "Metro",
				"MUDURLUK" : "Avrupa Yakası Raylı Sistemler Müdürlüğü"
			}
		},
		{
			"type" : "Feature",
			"geometry" : {
				"type" : "MultiPolygon",
				"coordinates" : [
					[
						[
							[ 28.8101847705, 41.0572941396 ],
							[ 28.8101376709, 41.0572992341 ],
							[ 28.8101157991, 41.0571833654 ],
							[ 28.8101628986, 41.0571782718 ],
							[ 28.8101847705, 41.0572941396 ]
						]
					],
					[
						[
							[ 28.813562736, 41.0558615314 ],
							[ 28.813495448, 41.0558728341 ],
							[ 28.8134517673, 41.0557238308 ],
							[ 28.8135190551, 41.055712529 ],
							[ 28.813562736, 41.0558615314 ]
						]
					]
				]
			},
			"properties" : {
				"ISTASYON" : "Bölge Parkı",
				"PROJE_ADI" : "M7 (U3) Mahmutbey - Bahçeşehir- Esenyurt Metro Hattı",
				"PROJE_ASAMA" : "İnşaat Aşamasında",
				"HAT_TURU" : "Metro",
				"MUDURLUK" : "Ulaşım Planlama Müdürlüğü"
			}
		},
		{
			"type" : "Feature",
			"geometry" : {
				"type" : "Polygon",
				"coordinates" : [
					[
						[ 29.2608378241, 40.8796652275 ],
						[ 29.2600817854, 40.879129649 ],
						[ 29.2622809634, 40.8776437288 ],
						[ 29.2625106657, 40.8777820713 ],
						[ 29.2608417199, 40.8796672839 ],
						[ 29.2608378241, 40.8796652275 ]
					]
				]
			},
			"properties" : {
				"ISTASYON" : "Kaynarca Merkez",
				"PROJE_ADI" : "M4 Tavşantepe - Tuzla Metro Hattı Uzatması",
				"PROJE_ASAMA" : "İnşaat Aşamasında",
				"HAT_TURU" : "Metro",
				"MUDURLUK" : "Anadolu Yakası Raylı Sistemler Müdürlüğü"
			}
		},
		{
			"type" : "Feature",
			"geometry" : {
				"type" : "Polygon",
				"coordinates" : [
					[
						[ 28.7792184752, 41.034351456 ],
						[ 28.779048803, 41.0337146449 ],
						[ 28.7808064178, 41.0334461216 ],
						[ 28.7809761064, 41.0340829304 ],
						[ 28.7792184752, 41.034351456 ]
					]
				]
			},
			"properties" : {
				"ISTASYON" : "Mehmet Akif Ersoy",
				"PROJE_ADI" : "M1B (U2) Kirazlı - Halkalı Metro Hattı",
				"PROJE_ASAMA" : "İnşaat Aşamasında",
				"HAT_TURU" : "Metro",
				"MUDURLUK" : "Avrupa Yakası Raylı Sistemler Müdürlüğü"
			}
		},
		{
			"type" : "Feature",
			"geometry" : {
				"type" : "Polygon",
				"coordinates" : [
					[
						[ 28.9881313978, 41.1074462731 ],
						[ 28.9882210726, 41.1074171116 ],
						[ 28.9882723047, 41.107517762 ],
						[ 28.9885348117, 41.1074321097 ],
						[ 28.9885811505, 41.107513356 ],
						[ 28.9882342204, 41.1076265549 ],
						[ 28.9881313978, 41.1074462731 ]
					]
				]
			},
			"properties" : {
				"ISTASYON" : "2. İstasyon",
				"PROJE_ADI" : "Cendere Vadisi -Seyrantepe Füniküler Hattı",
				"PROJE_ASAMA" : "Mevcut Hattaki İstasyon",
				"HAT_TURU" : "Metro",
				"MUDURLUK" : "Avrupa Yakası Raylı Sistemler Müdürlüğü"
			}
		},
		{
			"type" : "Feature",
			"geometry" : {
				"type" : "MultiPolygon",
				"coordinates" : [
					[
						[
							[ 29.2953228032, 40.8640831604 ],
							[ 29.2952516459, 40.8640831417 ],
							[ 29.2952515228, 40.8640606299 ],
							[ 29.2952479668, 40.8640606289 ],
							[ 29.2952480288, 40.8639228611 ],
							[ 29.2953263027, 40.8639228819 ],
							[ 29.2953262396, 40.8640606497 ],
							[ 29.2953226824, 40.8640606487 ],
							[ 29.2953228032, 40.8640831604 ]
						]
					],
					[
						[
							[ 29.2957202199, 40.8643593815 ],
							[ 29.2956494696, 40.8643536061 ],
							[ 29.2956526323, 40.864331281 ],
							[ 29.2956491025, 40.8643309353 ],
							[ 29.2956685022, 40.8641939564 ],
							[ 29.2956719863, 40.8641942416 ],
							[ 29.2957463273, 40.864200309 ],
							[ 29.2957269278, 40.8643372879 ],
							[ 29.2957233903, 40.8643369989 ],
							[ 29.2957202199, 40.8643593815 ]
						]
					]
				]
			},
			"properties" : {
				"ISTASYON" : "Esenyalı",
				"PROJE_ADI" : "M4 Tavşantepe - Tuzla Metro Hattı Uzatması",
				"PROJE_ASAMA" : "İnşaat Aşamasında",
				"HAT_TURU" : "Metro",
				"MUDURLUK" : "Anadolu Yakası Raylı Sistemler Müdürlüğü"
			}
		},
		{
			"type" : "Feature",
			"geometry" : {
				"type" : "MultiPolygon",
				"coordinates" : [
					[
						[
							[ 29.274747749, 40.9659890942 ],
							[ 29.274702182, 40.9659993024 ],
							[ 29.274702852, 40.9660010301 ],
							[ 29.2746663847, 40.9660091632 ],
							[ 29.2746580086, 40.9659875661 ],
							[ 29.2746944688, 40.9659794347 ],
							[ 29.2746951401, 40.9659811624 ],
							[ 29.2747406786, 40.9659709613 ],
							[ 29.274747749, 40.9659890942 ]
						]
					],
					[
						[
							[ 29.273081107, 40.9655157079 ],
							[ 29.2730790763, 40.965538166 ],
							[ 29.273001409, 40.9655341915 ],
							[ 29.2730034416, 40.9655116721 ],
							[ 29.273081107, 40.9655157079 ]
						]
					],
					[
						[
							[ 29.2750880065, 40.9659516887 ],
							[ 29.2750734156, 40.9659549971 ],
							[ 29.2750744255, 40.9659575878 ],
							[ 29.2749002836, 40.9659966162 ],
							[ 29.2748861427, 40.9659603477 ],
							[ 29.2750602845, 40.9659213202 ],
							[ 29.2750612956, 40.96592391 ],
							[ 29.2750758335, 40.9659206535 ],
							[ 29.2750880065, 40.9659516887 ]
						]
					],
					[
						[
							[ 29.272736051, 40.9655210235 ],
							[ 29.2727308134, 40.9655789098 ],
							[ 29.2725042225, 40.9655644172 ],
							[ 29.2725090981, 40.9655105195 ],
							[ 29.272736051, 40.9655210235 ]
						]
					]
				]
			},
			"properties" : {
				"ISTASYON" : "Sultanbeyli",
				"PROJE_ADI" : "M5 Çekmeköy-Sultanbeyli Metro Hattı Uzatması",
				"PROJE_ASAMA" : "İnşaat Aşamasında",
				"HAT_TURU" : "Metro",
				"MUDURLUK" : "Anadolu Yakası Raylı Sistemler Müdürlüğü"
			}
		},
		{
			"type" : "Feature",
			"geometry" : {
				"type" : "MultiPolygon",
				"coordinates" : [
					[
						[
							[ 29.2320264517, 40.8809595669 ],
							[ 29.2320207031, 40.8810116433 ],
							[ 29.23176866, 40.8809937428 ],
							[ 29.2317742103, 40.8809434516 ],
							[ 29.2320264517, 40.8809595669 ]
						]
					],
					[
						[
							[ 29.2320605566, 40.8806708132 ],
							[ 29.2320542182, 40.8807282399 ],
							[ 29.2317775615, 40.8807130309 ],
							[ 29.2317837757, 40.8806567182 ],
							[ 29.2320605566, 40.8806708132 ]
						]
					]
				]
			},
			"properties" : {
				"ISTASYON" : "Pendik",
				"PROJE_ADI" : "Pendik-Kaynarca Metro Hattı",
				"PROJE_ASAMA" : "İnşaat Aşamasında",
				"HAT_TURU" : "Metro",
				"MUDURLUK" : "Anadolu Yakası Raylı Sistemler Müdürlüğü"
			}
		},
		{
			"type" : "Feature",
			"geometry" : {
				"type" : "Polygon",
				"coordinates" : [
					[
						[ 29.2285648826, 40.9923516485 ],
						[ 29.2294836767, 40.9903719176 ],
						[ 29.2295565441, 40.990391333 ],
						[ 29.229541178, 40.9904244436 ],
						[ 29.2295922529, 40.9904380522 ],
						[ 29.229598166, 40.9904253107 ],
						[ 29.2297865005, 40.9904754918 ],
						[ 29.2297805874, 40.9904882333 ],
						[ 29.2298316612, 40.9905018418 ],
						[ 29.2298470272, 40.9904687313 ],
						[ 29.229919896, 40.9904881465 ],
						[ 29.2290011132, 40.992467881 ],
						[ 29.2289282437, 40.9924484643 ],
						[ 29.2289436107, 40.992415353 ],
						[ 29.2288925356, 40.992401744 ],
						[ 29.2288866222, 40.9924144855 ],
						[ 29.2286982828, 40.9923643029 ],
						[ 29.2287041963, 40.9923515624 ],
						[ 29.2286531202, 40.9923379524 ],
						[ 29.2286377531, 40.9923710637 ],
						[ 29.2285648826, 40.9923516485 ]
					]
				]
			},
			"properties" : {
				"ISTASYON" : "Sancaktepe",
				"PROJE_ADI" : "M5 Çekmeköy-Sultanbeyli Metro Hattı Uzatması",
				"PROJE_ASAMA" : "İnşaat Aşamasında",
				"HAT_TURU" : "Metro",
				"MUDURLUK" : "Anadolu Yakası Raylı Sistemler Müdürlüğü"
			}
		},
		{
			"type" : "Feature",
			"geometry" : {
				"type" : "Polygon",
				"coordinates" : [
					[
						[ 29.1199999136, 41.020841332 ],
						[ 29.1201849966, 41.0211849619 ],
						[ 29.1200769858, 41.0212183309 ],
						[ 29.1200718226, 41.021208744 ],
						[ 29.116751039, 41.0222329155 ],
						[ 29.1165763231, 41.0219085003 ],
						[ 29.1198970674, 41.0208842876 ],
						[ 29.1198919043, 41.0208747007 ],
						[ 29.1199999136, 41.020841332 ]
					]
				]
			},
			"properties" : {
				"ISTASYON" : "Çakmak",
				"PROJE_ADI" : "M5 Üsküdar - Çekmeköy Metro Hattı",
				"PROJE_ASAMA" : "Mevcut Hattaki İstasyon",
				"HAT_TURU" : "Metro",
				"MUDURLUK" : "Anadolu Yakası Raylı Sistemler Müdürlüğü"
			}
		},
		{
			"type" : "Feature",
			"geometry" : {
				"type" : "Polygon",
				"coordinates" : [
					[
						[ 29.1782447043, 41.016270311 ],
						[ 29.1800357951, 41.0156646437 ],
						[ 29.1801700409, 41.0158923892 ],
						[ 29.1800072156, 41.0159474513 ],
						[ 29.1800030962, 41.0159404624 ],
						[ 29.1785376548, 41.0164360098 ],
						[ 29.1785417741, 41.0164429987 ],
						[ 29.178378945, 41.0164980585 ],
						[ 29.1782447043, 41.016270311 ]
					]
				]
			},
			"properties" : {
				"ISTASYON" : "Necip Fazıl",
				"PROJE_ADI" : "M5 Üsküdar - Çekmeköy Metro Hattı",
				"PROJE_ASAMA" : "Mevcut Hattaki İstasyon",
				"HAT_TURU" : "Metro",
				"MUDURLUK" : "Anadolu Yakası Raylı Sistemler Müdürlüğü"
			}
		},
		{
			"type" : "Feature",
			"geometry" : {
				"type" : "MultiPolygon",
				"coordinates" : [
					[
						[
							[ 28.6795065924, 41.0346509482 ],
							[ 28.6794812232, 41.0347573929 ],
							[ 28.6794039971, 41.03474684 ],
							[ 28.6794293652, 41.0346403953 ],
							[ 28.6795065924, 41.0346509482 ]
						]
					],
					[
						[
							[ 28.6793948581, 41.0351197704 ],
							[ 28.6793686395, 41.0352297801 ],
							[ 28.6792914117, 41.0352192271 ],
							[ 28.6793135354, 41.0351086582 ],
							[ 28.6793948581, 41.0351197704 ]
						]
					]
				]
			},
			"properties" : {
				"ISTASYON" : "Esenyurt",
				"PROJE_ADI" : "M7 (U4) Mahmutbey - Bahçeşehir- Esenyurt Metro Hattı",
				"PROJE_ASAMA" : "İnşaat Aşamasında",
				"HAT_TURU" : "Metro",
				"MUDURLUK" : "Avrupa Yakası Raylı Sistemler Müdürlüğü"
			}
		},
		{
			"type" : "Feature",
			"geometry" : {
				"type" : "MultiPolygon",
				"coordinates" : [
					[
						[
							[ 28.7160444922, 41.2079918587 ],
							[ 28.7156471246, 41.2079441853 ],
							[ 28.7157182102, 41.2076058531 ],
							[ 28.7160226475, 41.2076423776 ],
							[ 28.716075216, 41.2073924741 ],
							[ 28.7160846354, 41.2073936047 ],
							[ 28.7160925839, 41.2073558153 ],
							[ 28.716163227, 41.2073642906 ],
							[ 28.7161576325, 41.207402362 ],
							[ 28.7161646969, 41.2074032097 ],
							[ 28.7161370045, 41.2075348547 ],
							[ 28.7161758577, 41.2075395161 ],
							[ 28.716150982, 41.2076577738 ],
							[ 28.7161155669, 41.2076539809 ],
							[ 28.7160444922, 41.2079918587 ]
						]
					],
					[
						[
							[ 28.7163887527, 41.2059880031 ],
							[ 28.7163921909, 41.2059888716 ],
							[ 28.7163089627, 41.2063845451 ],
							[ 28.7158968887, 41.2063351077 ],
							[ 28.7159801192, 41.2059394345 ],
							[ 28.7162576929, 41.2059741029 ],
							[ 28.7162838004, 41.205861463 ],
							[ 28.7163202987, 41.2058658416 ],
							[ 28.7163741405, 41.205621349 ],
							[ 28.7164636179, 41.2056320843 ],
							[ 28.7164465758, 41.2057131042 ],
							[ 28.7163887527, 41.2059880031 ]
						]
					]
				]
			},
			"properties" : {
				"ISTASYON" : "Arnavutköy - 2",
				"PROJE_ADI" : "M11 Halkalı - İstanbul Havalimanı Metro Hattı",
				"PROJE_ASAMA" : "İnşaat Aşamasında",
				"HAT_TURU" : "Metro",
				"MUDURLUK" : "AYGM"
			}
		},
		{
			"type" : "Feature",
			"geometry" : {
				"type" : "Polygon",
				"coordinates" : [
					[
						[ 28.7769974754, 41.1033516669 ],
						[ 28.7770603551, 41.1030593047 ],
						[ 28.778761111, 41.1032685814 ],
						[ 28.7786982386, 41.1035609455 ],
						[ 28.7769974754, 41.1033516669 ]
					]
				]
			},
			"properties" : {
				"ISTASYON" : "Şehir Hastanesi",
				"PROJE_ADI" : "M3 Kirazlı - Kayaşehir Merkez Metro Hattı",
				"PROJE_ASAMA" : "Mevcut Hattaki İstasyon",
				"HAT_TURU" : "Metro",
				"MUDURLUK" : "Avrupa Yakası Raylı Sistemler Müdürlüğü"
			}
		},
		{
			"type" : "Feature",
			"geometry" : {
				"type" : "Polygon",
				"coordinates" : [
					[
						[ 28.7678239892, 41.1086500002 ],
						[ 28.7673669908, 41.1085912256 ],
						[ 28.7679177605, 41.1061412893 ],
						[ 28.7679216927, 41.1061417888 ],
						[ 28.7683752142, 41.1062001106 ],
						[ 28.7678239892, 41.1086500002 ]
					]
				]
			},
			"properties" : {
				"ISTASYON" : "Toplu Konutlar",
				"PROJE_ADI" : "M3 Kirazlı - Kayaşehir Merkez Metro Hattı",
				"PROJE_ASAMA" : "Mevcut Hattaki İstasyon",
				"HAT_TURU" : "Metro",
				"MUDURLUK" : "Avrupa Yakası Raylı Sistemler Müdürlüğü"
			}
		},
		{
			"type" : "Feature",
			"geometry" : {
				"type" : "Polygon",
				"coordinates" : [
					[
						[ 29.0085384434, 41.0613555289 ],
						[ 29.0085879633, 41.0613248816 ],
						[ 29.0086368392, 41.0612936486 ],
						[ 29.0086850593, 41.0612618376 ],
						[ 29.008696638, 41.0612540791 ],
						[ 29.0087805651, 41.0613258382 ],
						[ 29.0087689852, 41.0613335967 ],
						[ 29.0087192738, 41.0613663915 ],
						[ 29.0086688862, 41.0613985903 ],
						[ 29.0086178349, 41.0614301854 ],
						[ 29.0085556099, 41.061468095 ],
						[ 29.0085090247, 41.0614968976 ],
						[ 29.0084630065, 41.061526217 ],
						[ 29.0084175653, 41.0615560467 ],
						[ 29.0066756398, 41.0627162853 ],
						[ 29.0066499412, 41.0627334007 ],
						[ 29.0066242319, 41.0627505161 ],
						[ 29.0065985048, 41.0627676276 ],
						[ 29.0065727564, 41.0627847318 ],
						[ 29.0065469616, 41.0628018356 ],
						[ 29.0065211505, 41.062818914 ],
						[ 29.006495304, 41.0628359723 ],
						[ 29.006469415, 41.062853006 ],
						[ 29.0064448005, 41.0628691447 ],
						[ 29.0063618942, 41.0627967084 ],
						[ 29.0063864258, 41.0627806239 ],
						[ 29.006412161, 41.0627636916 ],
						[ 29.0064378753, 41.0627467222 ],
						[ 29.0064635734, 41.0627297176 ],
						[ 29.0064892337, 41.0627127018 ],
						[ 29.006514922, 41.0626956385 ],
						[ 29.0065406071, 41.0626785536 ],
						[ 29.0065662971, 41.0626614525 ],
						[ 29.0065919921, 41.0626443398 ],
						[ 29.0066124428, 41.0626307187 ],
						[ 29.0065719356, 41.0625958783 ],
						[ 29.0065100309, 41.0625426341 ],
						[ 29.0064688566, 41.0625072197 ],
						[ 29.0064574512, 41.0625148156 ],
						[ 29.0064311746, 41.0625323159 ],
						[ 29.0064048814, 41.0625498187 ],
						[ 29.0063785631, 41.0625673214 ],
						[ 29.0063522139, 41.0625848192 ],
						[ 29.006325792, 41.0626023317 ],
						[ 29.0062993574, 41.0626198108 ],
						[ 29.0062728755, 41.0626372706 ],
						[ 29.0062463416, 41.0626547074 ],
						[ 29.006217425, 41.0626736355 ],
						[ 29.0061345973, 41.0626011492 ],
						[ 29.0061634226, 41.0625822798 ],
						[ 29.0061897859, 41.062564955 ],
						[ 29.0062161212, 41.0625475922 ],
						[ 29.0062424307, 41.0625301958 ],
						[ 29.0062687049, 41.062512781 ],
						[ 29.0062949868, 41.0624953276 ],
						[ 29.0063212606, 41.0624778553 ],
						[ 29.006347531, 41.0624603666 ],
						[ 29.006373804, 41.0624428699 ],
						[ 29.0081941974, 41.0612303684 ],
						[ 29.0082778451, 41.0613023127 ],
						[ 29.0082552346, 41.0613173742 ],
						[ 29.0083994053, 41.0614413722 ],
						[ 29.0084248422, 41.0614252415 ],
						[ 29.0084504467, 41.0614092633 ],
						[ 29.0084762173, 41.0613934385 ],
						[ 29.0085384434, 41.0613555289 ]
					]
				]
			},
			"properties" : {
				"ISTASYON" : "Fulya",
				"PROJE_ADI" : "M7 Yıldız - Mahmutbey Metro Hattı",
				"PROJE_ASAMA" : "Mevcut Hattaki İstasyon",
				"HAT_TURU" : "Metro",
				"MUDURLUK" : "Avrupa Yakası Raylı Sistemler Müdürlüğü"
			}
		},
		{
			"type" : "Feature",
			"geometry" : {
				"type" : "Polygon",
				"coordinates" : [
					[
						[ 28.9094492014, 41.0852116117 ],
						[ 28.9073799514, 41.0856302863 ],
						[ 28.90734669, 41.0855361743 ],
						[ 28.9094159385, 41.0851175002 ],
						[ 28.9094492014, 41.0852116117 ]
					]
				]
			},
			"properties" : {
				"ISTASYON" : "Kazım Karabekir",
				"PROJE_ADI" : "M7 Yıldız - Mahmutbey Metro Hattı",
				"PROJE_ASAMA" : "Mevcut Hattaki İstasyon",
				"HAT_TURU" : "Metro",
				"MUDURLUK" : "Avrupa Yakası Raylı Sistemler Müdürlüğü"
			}
		},
		{
			"type" : "Feature",
			"geometry" : {
				"type" : "MultiPolygon",
				"coordinates" : [
					[
						[
							[ 28.9743701347, 41.0791517083 ],
							[ 28.9741368756, 41.0792333124 ],
							[ 28.9721927922, 41.0799134138 ],
							[ 28.9721178941, 41.0797908255 ],
							[ 28.974061977, 41.0791107253 ],
							[ 28.9742952333, 41.0790291214 ],
							[ 28.9743701347, 41.0791517083 ]
						]
					],
					[
						[
							[ 28.9744833842, 41.0793370616 ],
							[ 28.9723060368, 41.0800987692 ],
							[ 28.9722311406, 41.0799761791 ],
							[ 28.9744084848, 41.079214473 ],
							[ 28.9744833842, 41.0793370616 ]
						]
					]
				]
			},
			"properties" : {
				"ISTASYON" : "Kağıthane",
				"PROJE_ADI" : "M7 Yıldız - Mahmutbey Metro Hattı",
				"PROJE_ASAMA" : "Mevcut Hattaki İstasyon",
				"HAT_TURU" : "Metro",
				"MUDURLUK" : "Avrupa Yakası Raylı Sistemler Müdürlüğü"
			}
		},
		{
			"type" : "Feature",
			"geometry" : {
				"type" : "MultiPolygon",
				"coordinates" : [
					[
						[
							[ 29.007563117, 41.0429402176 ],
							[ 29.0075337656, 41.0429438043 ],
							[ 29.0075295971, 41.0429242505 ],
							[ 29.0075589485, 41.042920662 ],
							[ 29.007563117, 41.0429402176 ]
						]
					],
					[
						[
							[ 29.0075278963, 41.0429445227 ],
							[ 29.0074985449, 41.0429481094 ],
							[ 29.0074943764, 41.0429285538 ],
							[ 29.0075237278, 41.0429249671 ],
							[ 29.0075278963, 41.0429445227 ]
						]
					],
					[
						[
							[ 29.0076038256, 41.0427473162 ],
							[ 29.0075381146, 41.0427555061 ],
							[ 29.0075118321, 41.0426346337 ],
							[ 29.0075775453, 41.042626442 ],
							[ 29.0076038256, 41.0427473162 ]
						]
					],
					[
						[
							[ 29.007319261, 41.0428756233 ],
							[ 29.0071626314, 41.0428947661 ],
							[ 29.0071503127, 41.0428369888 ],
							[ 29.0073069445, 41.0428178477 ],
							[ 29.007319261, 41.0428756233 ]
						]
					]
				]
			},
			"properties" : {
				"ISTASYON" : "Beşiktaş",
				"PROJE_ADI" : "M7 (U2) Kabataş - Mecidiyeköy Metro Hattı",
				"PROJE_ASAMA" : "İnşaat Aşamasında",
				"HAT_TURU" : "Metro",
				"MUDURLUK" : "Avrupa Yakası Raylı Sistemler Müdürlüğü"
			}
		},
		{
			"type" : "Feature",
			"geometry" : {
				"type" : "Polygon",
				"coordinates" : [
					[
						[ 29.1122281194, 41.0087094319 ],
						[ 29.112234604, 41.0087079934 ],
						[ 29.1129391318, 41.0077129741 ],
						[ 29.1135786992, 41.0079748398 ],
						[ 29.1128659487, 41.0089664932 ],
						[ 29.1122281194, 41.0087094319 ]
					]
				]
			},
			"properties" : {
				"ISTASYON" : "Soyak Yenişehir",
				"PROJE_ADI" : "M12 Göztepe-Ümraniye Metro Hattı",
				"PROJE_ASAMA" : "İnşaat Aşamasında",
				"HAT_TURU" : "Metro",
				"MUDURLUK" : "Anadolu Yakası Raylı Sistemler Müdürlüğü"
			}
		},
		{
			"type" : "Feature",
			"geometry" : {
				"type" : "Polygon",
				"coordinates" : [
					[
						[ 28.8273162219, 41.0224406493 ],
						[ 28.8272990106, 41.0217911301 ],
						[ 28.8290913791, 41.0217638735 ],
						[ 28.829108608, 41.0224133928 ],
						[ 28.8273162219, 41.0224406493 ]
					]
				]
			},
			"properties" : {
				"ISTASYON" : "Malazgirt",
				"PROJE_ADI" : "M1B (U2) Kirazlı - Halkalı Metro Hattı",
				"PROJE_ASAMA" : "İnşaat Aşamasında",
				"HAT_TURU" : "Metro",
				"MUDURLUK" : "Avrupa Yakası Raylı Sistemler Müdürlüğü"
			}
		},
		{
			"type" : "Feature",
			"geometry" : {
				"type" : "Polygon",
				"coordinates" : [
					[
						[ 29.2853324273, 40.8759846973 ],
						[ 29.2853619888, 40.8760338437 ],
						[ 29.2853351086, 40.8760431384 ],
						[ 29.2853365876, 40.8760455959 ],
						[ 29.2851720991, 40.8761025337 ],
						[ 29.2851396118, 40.8760484625 ],
						[ 29.2853040693, 40.8759915354 ],
						[ 29.2853055471, 40.8759939929 ],
						[ 29.2853324273, 40.8759846973 ]
					]
				]
			},
			"properties" : {
				"ISTASYON" : "Kavakpınar",
				"PROJE_ADI" : "M4 Tavşantepe - Tuzla Metro Hattı Uzatması",
				"PROJE_ASAMA" : "İnşaat Aşamasında",
				"HAT_TURU" : "Metro",
				"MUDURLUK" : "Anadolu Yakası Raylı Sistemler Müdürlüğü"
			}
		},
		{
			"type" : "Feature",
			"geometry" : {
				"type" : "Polygon",
				"coordinates" : [
					[
						[ 29.2535510321, 40.9684545405 ],
						[ 29.2535792393, 40.9684000581 ],
						[ 29.2536223457, 40.9684128788 ],
						[ 29.2536421152, 40.9683746905 ],
						[ 29.2536255283, 40.9683697576 ],
						[ 29.2536984295, 40.9682289396 ],
						[ 29.2537150163, 40.9682338734 ],
						[ 29.2537347869, 40.9681956842 ],
						[ 29.2536912192, 40.968183753 ],
						[ 29.2537198853, 40.9681283803 ],
						[ 29.2562972582, 40.9688949358 ],
						[ 29.2562703865, 40.9689508421 ],
						[ 29.2562259481, 40.9689365992 ],
						[ 29.2562061787, 40.9689747879 ],
						[ 29.2562227671, 40.9689797214 ],
						[ 29.2561498704, 40.969120541 ],
						[ 29.256133282, 40.9691156075 ],
						[ 29.2561135137, 40.9691537962 ],
						[ 29.2561566199, 40.9691666159 ],
						[ 29.2561284156, 40.9692210998 ],
						[ 29.2535510321, 40.9684545405 ]
					]
				]
			},
			"properties" : {
				"ISTASYON" : "Hasanpaşa",
				"PROJE_ADI" : "M5 Çekmeköy-Sultanbeyli Metro Hattı Uzatması",
				"PROJE_ASAMA" : "İnşaat Aşamasında",
				"HAT_TURU" : "Metro",
				"MUDURLUK" : "Anadolu Yakası Raylı Sistemler Müdürlüğü"
			}
		},
		{
			"type" : "Feature",
			"geometry" : {
				"type" : "MultiPolygon",
				"coordinates" : [
					[
						[
							[ 29.2309934881, 40.9830643904 ],
							[ 29.2309637842, 40.9830641958 ],
							[ 29.2309645219, 40.982999368 ],
							[ 29.2309942257, 40.9829995626 ],
							[ 29.2309934881, 40.9830643904 ]
						]
					],
					[
						[
							[ 29.2310732097, 40.9826973367 ],
							[ 29.2310749206, 40.9826973482 ],
							[ 29.2310729818, 40.9828675428 ],
							[ 29.2309945734, 40.9828670288 ],
							[ 29.2309965124, 40.9826968332 ],
							[ 29.2310000757, 40.982696857 ],
							[ 29.2310003348, 40.9826743474 ],
							[ 29.2310734676, 40.9826748271 ],
							[ 29.2310732097, 40.9826973367 ]
						]
					]
				]
			},
			"properties" : {
				"ISTASYON" : "Samandıra Merkez",
				"PROJE_ADI" : "M5 Çekmeköy-Sultanbeyli Metro Hattı Uzatması",
				"PROJE_ASAMA" : "İnşaat Aşamasında",
				"HAT_TURU" : "Metro",
				"MUDURLUK" : "Anadolu Yakası Raylı Sistemler Müdürlüğü"
			}
		},
		{
			"type" : "Feature",
			"geometry" : {
				"type" : "Polygon",
				"coordinates" : [
					[
						[ 29.294990848, 40.910279924 ],
						[ 29.2970173762, 40.909766804 ],
						[ 29.2971607837, 40.910092766 ],
						[ 29.2951342454, 40.9106058884 ],
						[ 29.294990848, 40.910279924 ]
					]
				]
			},
			"properties" : {
				"ISTASYON" : "Kurtköy",
				"PROJE_ADI" : "M4 Kadıköy - SGH Metro Hattı",
				"PROJE_ASAMA" : "Mevcut Hattaki İstasyon",
				"HAT_TURU" : "Metro",
				"MUDURLUK" : "AYGM"
			}
		},
		{
			"type" : "Feature",
			"geometry" : {
				"type" : "Polygon",
				"coordinates" : [
					[
						[ 28.678662641, 41.0360589998 ],
						[ 28.6791465103, 41.0340373987 ],
						[ 28.6796026573, 41.0340960718 ],
						[ 28.6791219164, 41.0361217599 ],
						[ 28.678662641, 41.0360589998 ]
					]
				]
			},
			"properties" : {
				"ISTASYON" : "Esenyurt",
				"PROJE_ADI" : "M7 (U4) Mahmutbey - Bahçeşehir- Esenyurt Metro Hattı",
				"PROJE_ASAMA" : "İnşaat Aşamasında",
				"HAT_TURU" : "Metro",
				"MUDURLUK" : "Avrupa Yakası Raylı Sistemler Müdürlüğü"
			}
		},
		{
			"type" : "Feature",
			"geometry" : {
				"type" : "Polygon",
				"coordinates" : [
					[
						[ 28.6795583118, 41.0347606074 ],
						[ 28.6794058796, 41.0351825726 ],
						[ 28.6789188894, 41.0351169404 ],
						[ 28.6790216227, 41.0346858972 ],
						[ 28.6795583118, 41.0347606074 ]
					]
				]
			},
			"properties" : {
				"ISTASYON" : "Esenyurt",
				"PROJE_ADI" : "M7 (U4) Mahmutbey - Bahçeşehir- Esenyurt Metro Hattı",
				"PROJE_ASAMA" : "İnşaat Aşamasında",
				"HAT_TURU" : "Metro",
				"MUDURLUK" : "Avrupa Yakası Raylı Sistemler Müdürlüğü"
			}
		},
		{
			"type" : "Feature",
			"geometry" : {
				"type" : "Polygon",
				"coordinates" : [
					[
						[ 28.6758157225, 41.0441020935 ],
						[ 28.6755457446, 41.0446167456 ],
						[ 28.6752380585, 41.0445202292 ],
						[ 28.6755162622, 41.0440118771 ],
						[ 28.6758157225, 41.0441020935 ]
					]
				]
			},
			"properties" : {
				"ISTASYON" : "Ardıçlı",
				"PROJE_ADI" : "M7 (U4) Mahmutbey - Bahçeşehir- Esenyurt Metro Hattı",
				"PROJE_ASAMA" : "İnşaat Aşamasında",
				"HAT_TURU" : "Metro",
				"MUDURLUK" : "Avrupa Yakası Raylı Sistemler Müdürlüğü"
			}
		},
		{
			"type" : "Feature",
			"geometry" : {
				"type" : "MultiPolygon",
				"coordinates" : [
					[
						[
							[ 28.6753680488, 41.0445609694 ],
							[ 28.6753089223, 41.0447120326 ],
							[ 28.6752546359, 41.0447049641 ],
							[ 28.6753168839, 41.0445459231 ],
							[ 28.6753680488, 41.0445609694 ]
						]
					],
					[
						[
							[ 28.6756828738, 41.0439054685 ],
							[ 28.6756094117, 41.0440368891 ],
							[ 28.6755351899, 41.0440136065 ],
							[ 28.675607339, 41.0438817746 ],
							[ 28.6756828738, 41.0439054685 ]
						]
					]
				]
			},
			"properties" : {
				"ISTASYON" : "Ardıçlı",
				"PROJE_ADI" : "M7 (U4) Mahmutbey - Bahçeşehir- Esenyurt Metro Hattı",
				"PROJE_ASAMA" : "İnşaat Aşamasında",
				"HAT_TURU" : "Metro",
				"MUDURLUK" : "Avrupa Yakası Raylı Sistemler Müdürlüğü"
			}
		},
		{
			"type" : "Feature",
			"geometry" : {
				"type" : "Polygon",
				"coordinates" : [
					[
						[ 29.1909222573, 40.888850535 ],
						[ 29.1908219155, 40.8889105973 ],
						[ 29.190721007, 40.8889701116 ],
						[ 29.1906195368, 40.8890290736 ],
						[ 29.1905175107, 40.8890874795 ],
						[ 29.1904149335, 40.8891453277 ],
						[ 29.1903118112, 40.8892026156 ],
						[ 29.1902112437, 40.8892576448 ],
						[ 29.1901467238, 40.8891942455 ],
						[ 29.1902369051, 40.8891419618 ],
						[ 29.1903390986, 40.8890818167 ],
						[ 29.1904407139, 40.88902111 ],
						[ 29.1905417448, 40.8889598453 ],
						[ 29.1906421879, 40.8888980263 ],
						[ 29.1907420371, 40.8888356545 ],
						[ 29.1908412602, 40.8887727516 ],
						[ 29.1912623427, 40.8885038269 ],
						[ 29.1913596971, 40.8884420999 ],
						[ 29.1914576035, 40.8883809169 ],
						[ 29.1915560823, 40.8883202656 ],
						[ 29.1916551288, 40.8882601495 ],
						[ 29.1917547368, 40.8882005711 ],
						[ 29.1918549029, 40.8881415324 ],
						[ 29.1919556485, 40.8880830226 ],
						[ 29.1922335281, 40.8879228264 ],
						[ 29.1922772729, 40.8879659906 ],
						[ 29.191779291, 40.8883005295 ],
						[ 29.1917626346, 40.888311719 ],
						[ 29.191745977, 40.8883229068 ],
						[ 29.1917293194, 40.8883340918 ],
						[ 29.1917126584, 40.8883452732 ],
						[ 29.1916959949, 40.8883564492 ],
						[ 29.1916793257, 40.8883676206 ],
						[ 29.1916626517, 40.8883787848 ],
						[ 29.1916459707, 40.8883899409 ],
						[ 29.1916292815, 40.8884010887 ],
						[ 29.191612583, 40.8884122275 ],
						[ 29.1915958738, 40.8884233546 ],
						[ 29.1915791542, 40.8884344707 ],
						[ 29.1915624132, 40.8884455786 ],
						[ 29.1915456666, 40.8884566684 ],
						[ 29.1915289047, 40.8884677438 ],
						[ 29.1915121479, 40.8884787894 ],
						[ 29.1914152905, 40.8885420949 ],
						[ 29.1913178582, 40.8886048551 ],
						[ 29.1912198342, 40.8886670835 ],
						[ 29.191121222, 40.8887287745 ],
						[ 29.1910220278, 40.8887899256 ],
						[ 29.1909222573, 40.888850535 ]
					]
				]
			},
			"properties" : {
				"ISTASYON" : "Kartal",
				"PROJE_ADI" : "Halkalı - Gebze Marmaray Yüzeysel Metro Hattı",
				"PROJE_ASAMA" : "Mevcut Hattaki İstasyon",
				"HAT_TURU" : "Banliyö",
				"MUDURLUK" : "Ulaştırma Bakanlığı"
			}
		},
		{
			"type" : "Feature",
			"geometry" : {
				"type" : "Polygon",
				"coordinates" : [
					[
						[ 28.8251099578, 40.9627344459 ],
						[ 28.8249317868, 40.9627500111 ],
						[ 28.8249483088, 40.9628586855 ],
						[ 28.8249791619, 40.9628532174 ],
						[ 28.8249784611, 40.9628800695 ],
						[ 28.8247563144, 40.9629012894 ],
						[ 28.8247489704, 40.9628529896 ],
						[ 28.8248823042, 40.962841341 ],
						[ 28.82486925, 40.962755475 ],
						[ 28.8246674799, 40.9627731017 ],
						[ 28.8246557173, 40.9626957328 ],
						[ 28.8245595513, 40.962704134 ],
						[ 28.8245532286, 40.962662543 ],
						[ 28.8246491892, 40.9626527998 ],
						[ 28.8246321229, 40.9625405478 ],
						[ 28.8247642771, 40.9625290026 ],
						[ 28.82475401, 40.9624614719 ],
						[ 28.8248232998, 40.9624532458 ],
						[ 28.8248209415, 40.9624377351 ],
						[ 28.8248834779, 40.9624322712 ],
						[ 28.8248964301, 40.9625174572 ],
						[ 28.8250698798, 40.9625023031 ],
						[ 28.8250916663, 40.9626141431 ],
						[ 28.8251756469, 40.9626081655 ],
						[ 28.8251817415, 40.9626497768 ],
						[ 28.8250981947, 40.9626570761 ],
						[ 28.8251099578, 40.9627344459 ]
					]
				]
			},
			"properties" : {
				"ISTASYON" : "Yeşilköy",
				"PROJE_ADI" : "Halkalı - Gebze Marmaray Yüzeysel Metro Hattı",
				"PROJE_ASAMA" : "Mevcut Hattaki İstasyon",
				"HAT_TURU" : "Banliyö",
				"MUDURLUK" : "Ulaştırma Bakanlığı"
			}
		},
		{
			"type" : "Feature",
			"geometry" : {
				"type" : "Polygon",
				"coordinates" : [
					[
						[ 28.8548921791, 40.9802974097 ],
						[ 28.854889214, 40.9802350039 ],
						[ 28.8554131743, 40.980203866 ],
						[ 28.8557732107, 40.980182518 ],
						[ 28.8561425849, 40.9801663941 ],
						[ 28.8564218573, 40.9801563914 ],
						[ 28.8567012897, 40.9801488811 ],
						[ 28.8570351628, 40.9801426222 ],
						[ 28.857324946, 40.9801377604 ],
						[ 28.8575571694, 40.9801339212 ],
						[ 28.8575612921, 40.98019673 ],
						[ 28.8572569497, 40.9802148223 ],
						[ 28.8569876207, 40.9802308335 ],
						[ 28.8567270997, 40.9802459345 ],
						[ 28.8564084153, 40.9802618429 ],
						[ 28.8562190513, 40.9802698041 ],
						[ 28.855788609, 40.9802824308 ],
						[ 28.8554324722, 40.9802888342 ],
						[ 28.8551392247, 40.9802941061 ],
						[ 28.8548921791, 40.9802974097 ]
					]
				]
			},
			"properties" : {
				"ISTASYON" : "Ataköy",
				"PROJE_ADI" : "Halkalı - Gebze Marmaray Yüzeysel Metro Hattı",
				"PROJE_ASAMA" : "Mevcut Hattaki İstasyon",
				"HAT_TURU" : "Banliyö",
				"MUDURLUK" : "Ulaştırma Bakanlığı"
			}
		},
		{
			"type" : "Feature",
			"geometry" : {
				"type" : "Polygon",
				"coordinates" : [
					[
						[ 29.2570920863, 40.8706975262 ],
						[ 29.2569500779, 40.8707891683 ],
						[ 29.2566307931, 40.8709951463 ],
						[ 29.2563983116, 40.8711435765 ],
						[ 29.2561423538, 40.8713027856 ],
						[ 29.255807895, 40.8715033983 ],
						[ 29.2556763951, 40.8715800481 ],
						[ 29.2554872113, 40.8716885488 ],
						[ 29.2552891623, 40.8718013727 ],
						[ 29.2550070697, 40.8719620467 ],
						[ 29.2549587941, 40.8719201231 ],
						[ 29.2552553738, 40.8717286827 ],
						[ 29.2556361047, 40.8714837184 ],
						[ 29.2559840353, 40.8712671773 ],
						[ 29.2562061159, 40.87113369 ],
						[ 29.256423998, 40.8710061003 ],
						[ 29.2566661342, 40.8708670585 ],
						[ 29.2570402269, 40.8706528151 ],
						[ 29.2570920863, 40.8706975262 ]
					]
				]
			},
			"properties" : {
				"ISTASYON" : "Kaynarca",
				"PROJE_ADI" : "Halkalı - Gebze Marmaray Yüzeysel Metro Hattı",
				"PROJE_ASAMA" : "Mevcut Hattaki İstasyon",
				"HAT_TURU" : "Banliyö",
				"MUDURLUK" : "Ulaştırma Bakanlığı"
			}
		},
		{
			"type" : "Feature",
			"geometry" : {
				"type" : "MultiPolygon",
				"coordinates" : [
					[
						[
							[ 29.0390015651, 40.9895973351 ],
							[ 29.0389784237, 40.9896288028 ],
							[ 29.0389222756, 40.9897050411 ],
							[ 29.0388761101, 40.9897641388 ],
							[ 29.038820737, 40.9898334806 ],
							[ 29.0387216236, 40.989955359 ],
							[ 29.0386659313, 40.9900234186 ],
							[ 29.0385644526, 40.9901470095 ],
							[ 29.0384622798, 40.9902734445 ],
							[ 29.0384131444, 40.9903318428 ],
							[ 29.0383099696, 40.9904576795 ],
							[ 29.0381644933, 40.9906354304 ],
							[ 29.0380534292, 40.9907691925 ],
							[ 29.0380001681, 40.9908326708 ],
							[ 29.0379004745, 40.9909498684 ],
							[ 29.0377207911, 40.9911539109 ],
							[ 29.0376352672, 40.9912472206 ],
							[ 29.0374887955, 40.9913993582 ],
							[ 29.0374243528, 40.9914653001 ],
							[ 29.0373373064, 40.9915485992 ],
							[ 29.0372421454, 40.9916370397 ],
							[ 29.0371640629, 40.9917069969 ],
							[ 29.0371135685, 40.99174953 ],
							[ 29.0370612344, 40.9917936128 ],
							[ 29.0369001648, 40.991923012 ],
							[ 29.0367222296, 40.9920558799 ],
							[ 29.0365324861, 40.9921867552 ],
							[ 29.0363718359, 40.9922890997 ],
							[ 29.0361672131, 40.9924085773 ],
							[ 29.0360866631, 40.9923327011 ],
							[ 29.0361833727, 40.9922748637 ],
							[ 29.0363264122, 40.9921821575 ],
							[ 29.0364681216, 40.9920873176 ],
							[ 29.0366557073, 40.9919539517 ],
							[ 29.0367777387, 40.9918608063 ],
							[ 29.0368800522, 40.9917791533 ],
							[ 29.0369555643, 40.9917177056 ],
							[ 29.0370918786, 40.9916005077 ],
							[ 29.0371248463, 40.9915717194 ],
							[ 29.0372976938, 40.9914113582 ],
							[ 29.0373531584, 40.9913557875 ],
							[ 29.0375771418, 40.9911223071 ],
							[ 29.0377411273, 40.9909374511 ],
							[ 29.0378658533, 40.9907895052 ],
							[ 29.0379896863, 40.9906401685 ],
							[ 29.0381513825, 40.9904438995 ],
							[ 29.0382530536, 40.9903187645 ],
							[ 29.0383568318, 40.9901927753 ],
							[ 29.0385039767, 40.9900143401 ],
							[ 29.0385951336, 40.9899029146 ],
							[ 29.0386415342, 40.9898467941 ],
							[ 29.0387608974, 40.9897015776 ],
							[ 29.0388641144, 40.9895754779 ],
							[ 29.0388874838, 40.9895472916 ],
							[ 29.0390015651, 40.9895973351 ]
						]
					],
					[
						[
							[ 29.0391248234, 40.9891218675 ],
							[ 29.0388138367, 40.9895015705 ],
							[ 29.0380752269, 40.9904033634 ],
							[ 29.0380025113, 40.9904921043 ],
							[ 29.0379397136, 40.9905685045 ],
							[ 29.0378004521, 40.9907359823 ],
							[ 29.0376585105, 40.9909020374 ],
							[ 29.037552794, 40.9910214878 ],
							[ 29.0374581126, 40.9911248276 ],
							[ 29.0372900754, 40.9912987621 ],
							[ 29.0371771033, 40.9914085185 ],
							[ 29.0370338068, 40.9915434214 ],
							[ 29.0369171179, 40.9916411634 ],
							[ 29.0368107246, 40.991729289 ],
							[ 29.0367001739, 40.9918169295 ],
							[ 29.0365871105, 40.9919027093 ],
							[ 29.0363994493, 40.9920377493 ],
							[ 29.0362938197, 40.9921087525 ],
							[ 29.0360277613, 40.9922772156 ],
							[ 29.0359524906, 40.9922063116 ],
							[ 29.0362312318, 40.9920156273 ],
							[ 29.0365539592, 40.9917778068 ],
							[ 29.0367655432, 40.99160804 ],
							[ 29.0369303027, 40.9914657026 ],
							[ 29.0371219243, 40.9912864847 ],
							[ 29.0372929092, 40.9911128705 ],
							[ 29.037483095, 40.9909054235 ],
							[ 29.0376785746, 40.9906791237 ],
							[ 29.03793691, 40.9903675886 ],
							[ 29.0381350836, 40.9901261929 ],
							[ 29.0383158459, 40.9899060047 ],
							[ 29.038579348, 40.989589485 ],
							[ 29.0387622101, 40.9893885633 ],
							[ 29.0390627162, 40.9890913055 ],
							[ 29.0391248234, 40.9891218675 ]
						]
					]
				]
			},
			"properties" : {
				"ISTASYON" : "Söğütlüçeşme",
				"PROJE_ADI" : "Halkalı - Gebze Marmaray Yüzeysel Metro Hattı",
				"PROJE_ASAMA" : "Mevcut Hattaki İstasyon",
				"HAT_TURU" : "Banliyö",
				"MUDURLUK" : "Ulaştırma Bakanlığı"
			}
		},
		{
			"type" : "Feature",
			"geometry" : {
				"type" : "Polygon",
				"coordinates" : [
					[
						[ 28.9773248641, 41.0147563107 ],
						[ 28.9777260332, 41.014752414 ],
						[ 28.9777258157, 41.014827616 ],
						[ 28.9773246935, 41.0148224474 ],
						[ 28.9773248641, 41.0147563107 ]
					]
				]
			},
			"properties" : {
				"ISTASYON" : "Sirkeci",
				"PROJE_ADI" : "Halkalı - Gebze Marmaray Yüzeysel Metro Hattı",
				"PROJE_ASAMA" : "Mevcut Hattaki İstasyon",
				"HAT_TURU" : "Banliyö",
				"MUDURLUK" : "Ulaştırma Bakanlığı"
			}
		},
		{
			"type" : "Feature",
			"geometry" : {
				"type" : "Polygon",
				"coordinates" : [
					[
						[ 28.7735374571, 41.0056213982 ],
						[ 28.7736162766, 41.0055925848 ],
						[ 28.7738736076, 41.0060458618 ],
						[ 28.7739929835, 41.0060042306 ],
						[ 28.7740103727, 41.0060358065 ],
						[ 28.7738873366, 41.0060707896 ],
						[ 28.7739063689, 41.0060959926 ],
						[ 28.7738129486, 41.0061216165 ],
						[ 28.7735374571, 41.0056213982 ]
					]
				]
			},
			"properties" : {
				"ISTASYON" : "Mustafa Kemal",
				"PROJE_ADI" : "Halkalı - Gebze Marmaray Yüzeysel Metro Hattı",
				"PROJE_ASAMA" : "Mevcut Hattaki İstasyon",
				"HAT_TURU" : "Banliyö",
				"MUDURLUK" : "Ulaştırma Bakanlığı"
			}
		},
		{
			"type" : "Feature",
			"geometry" : {
				"type" : "Polygon",
				"coordinates" : [
					[
						[ 28.8722676334, 41.0039373561 ],
						[ 28.8726098855, 41.0041729841 ],
						[ 28.8711710671, 41.0053723436 ],
						[ 28.870828814, 41.0051367122 ],
						[ 28.8722676334, 41.0039373561 ]
					]
				]
			},
			"properties" : {
				"ISTASYON" : "Haznedar",
				"PROJE_ADI" : "M3 Kirazlı-Bakırköy İDO Metro Hattı Uzatması",
				"PROJE_ASAMA" : "İnşaat Aşamasında",
				"HAT_TURU" : "Metro",
				"MUDURLUK" : "AYGM"
			}
		},
		{
			"type" : "Feature",
			"geometry" : {
				"type" : "MultiPolygon",
				"coordinates" : [
					[
						[
							[ 28.8709651309, 41.0052822699 ],
							[ 28.8709688567, 41.0053413491 ],
							[ 28.8708876821, 41.0054090115 ],
							[ 28.8706519608, 41.005246723 ],
							[ 28.8707331354, 41.0051790607 ],
							[ 28.8708107693, 41.0051759954 ],
							[ 28.8709651309, 41.0052822699 ]
						]
					],
					[
						[
							[ 28.872692733, 41.0038188029 ],
							[ 28.8726730832, 41.0038872827 ],
							[ 28.8724444001, 41.0040779115 ],
							[ 28.8723186991, 41.0039912571 ],
							[ 28.8725473064, 41.0038006908 ],
							[ 28.8726353269, 41.0037792813 ],
							[ 28.872692733, 41.0038188029 ]
						]
					],
					[
						[
							[ 28.8720237975, 41.0044532281 ],
							[ 28.8715602469, 41.0049686982 ],
							[ 28.8713785141, 41.0048431671 ],
							[ 28.8713001319, 41.0044060039 ],
							[ 28.8718711534, 41.0043472455 ],
							[ 28.8720237975, 41.0044532281 ]
						]
					]
				]
			},
			"properties" : {
				"ISTASYON" : "Haznedar",
				"PROJE_ADI" : "M3 Kirazlı-Bakırköy İDO Metro Hattı Uzatması",
				"PROJE_ASAMA" : "İnşaat Aşamasında",
				"HAT_TURU" : "Metro",
				"MUDURLUK" : "AYGM"
			}
		},
		{
			"type" : "Feature",
			"geometry" : {
				"type" : "MultiPolygon",
				"coordinates" : [
					[
						[
							[ 28.8744584879, 40.9813606269 ],
							[ 28.8741898161, 40.981262559 ],
							[ 28.8743511057, 40.9810066339 ],
							[ 28.8743513825, 40.9809092943 ],
							[ 28.8742238462, 40.9808940488 ],
							[ 28.874237351, 40.980815383 ],
							[ 28.8746532326, 40.9808704773 ],
							[ 28.8746505108, 40.980937838 ],
							[ 28.8747250212, 40.9809581662 ],
							[ 28.8747245666, 40.9810739649 ],
							[ 28.8746376235, 40.981210094 ],
							[ 28.8745777159, 40.9813051514 ],
							[ 28.8745092311, 40.9812801123 ],
							[ 28.8744584879, 40.9813606269 ]
						]
					],
					[
						[
							[ 28.8739182975, 40.9822437187 ],
							[ 28.8739175405, 40.9822480569 ],
							[ 28.8738784723, 40.982479168 ],
							[ 28.8738181953, 40.9825740106 ],
							[ 28.8732137459, 40.982446724 ],
							[ 28.873448792, 40.9820737866 ],
							[ 28.8739182975, 40.9822437187 ]
						]
					]
				]
			},
			"properties" : {
				"ISTASYON" : "Özgürlük Meydanı",
				"PROJE_ADI" : "M3 Kirazlı-Bakırköy İDO Metro Hattı Uzatması",
				"PROJE_ASAMA" : "İnşaat Aşamasında",
				"HAT_TURU" : "Metro",
				"MUDURLUK" : "AYGM"
			}
		},
		{
			"type" : "Feature",
			"geometry" : {
				"type" : "MultiPolygon",
				"coordinates" : [
					[
						[
							[ 28.8674204071, 40.9736767362 ],
							[ 28.8672183435, 40.9737077691 ],
							[ 28.867203382, 40.9736518108 ],
							[ 28.8674054454, 40.973620778 ],
							[ 28.8674204071, 40.9736767362 ]
						]
					],
					[
						[
							[ 28.869056501, 40.9734254525 ],
							[ 28.868854439, 40.9734564882 ],
							[ 28.8688394762, 40.9734005293 ],
							[ 28.8690415292, 40.9733694574 ],
							[ 28.869056501, 40.9734254525 ]
						]
					]
				]
			},
			"properties" : {
				"ISTASYON" : "Bakırköy İDO",
				"PROJE_ADI" : "M3 Kirazlı-Bakırköy İDO Metro Hattı Uzatması",
				"PROJE_ASAMA" : "İnşaat Aşamasında",
				"HAT_TURU" : "Metro",
				"MUDURLUK" : "AYGM"
			}
		},
		{
			"type" : "Feature",
			"geometry" : {
				"type" : "MultiPolygon",
				"coordinates" : [
					[
						[
							[ 28.8746237572, 40.981207025 ],
							[ 28.8745438803, 40.9813337693 ],
							[ 28.874475266, 40.9813089351 ],
							[ 28.874555143, 40.9811821918 ],
							[ 28.8746237572, 40.981207025 ]
						]
					],
					[
						[
							[ 28.8742597673, 40.98082943 ],
							[ 28.8742462522, 40.9808861366 ],
							[ 28.8740491025, 40.9808591508 ],
							[ 28.8740626178, 40.9808024443 ],
							[ 28.8742597673, 40.98082943 ]
						]
					],
					[
						[
							[ 28.8734202979, 40.982300749 ],
							[ 28.8733430673, 40.982423289 ],
							[ 28.8732648029, 40.9823949624 ],
							[ 28.8733420347, 40.9822724225 ],
							[ 28.8734202979, 40.982300749 ]
						]
					],
					[
						[
							[ 28.8736759081, 40.9818951802 ],
							[ 28.8735960285, 40.9820219239 ],
							[ 28.8735177645, 40.9819935965 ],
							[ 28.8735976441, 40.9818668539 ],
							[ 28.8736759081, 40.9818951802 ]
						]
					]
				]
			},
			"properties" : {
				"ISTASYON" : "Özgürlük Meydanı",
				"PROJE_ADI" : "M3 Kirazlı-Bakırköy İDO Metro Hattı Uzatması",
				"PROJE_ASAMA" : "İnşaat Aşamasında",
				"HAT_TURU" : "Metro",
				"MUDURLUK" : "AYGM"
			}
		},
		{
			"type" : "Feature",
			"geometry" : {
				"type" : "MultiPolygon",
				"coordinates" : [
					[
						[
							[ 28.8748553894, 40.9988074002 ],
							[ 28.8746635521, 40.9988167604 ],
							[ 28.8746586441, 40.998759015 ],
							[ 28.8748504812, 40.9987496549 ],
							[ 28.8748553894, 40.9988074002 ]
						]
					],
					[
						[
							[ 28.8741471477, 40.9986164886 ],
							[ 28.8741193844, 40.9986703951 ],
							[ 28.8739403003, 40.9986174529 ],
							[ 28.8739680638, 40.9985635466 ],
							[ 28.8741471477, 40.9986164886 ]
						]
					],
					[
						[
							[ 28.8750899379, 40.99684539 ],
							[ 28.8750605635, 40.9969024271 ],
							[ 28.8748878585, 40.9968513712 ],
							[ 28.8749172317, 40.9967943351 ],
							[ 28.8750899379, 40.99684539 ]
						]
					],
					[
						[
							[ 28.8748122405, 40.9977283481 ],
							[ 28.8747417736, 40.9978602202 ],
							[ 28.8746653835, 40.9978376379 ],
							[ 28.8747336368, 40.9977051112 ],
							[ 28.8748122405, 40.9977283481 ]
						]
					]
				]
			},
			"properties" : {
				"ISTASYON" : "İncirli",
				"PROJE_ADI" : "M3 Kirazlı-Bakırköy İDO Metro Hattı Uzatması",
				"PROJE_ASAMA" : "İnşaat Aşamasında",
				"HAT_TURU" : "Metro",
				"MUDURLUK" : "AYGM"
			}
		},
		{
			"type" : "Feature",
			"geometry" : {
				"type" : "MultiPolygon",
				"coordinates" : [
					[
						[
							[ 28.8475694596, 41.0265305009 ],
							[ 28.8474931563, 41.0266716453 ],
							[ 28.8474189827, 41.0266486484 ],
							[ 28.8474952062, 41.0265076545 ],
							[ 28.8475694596, 41.0265305009 ]
						]
					],
					[
						[
							[ 28.8481361764, 41.0254821888 ],
							[ 28.8480598744, 41.0256233336 ],
							[ 28.8479857029, 41.0256003371 ],
							[ 28.848062005, 41.0254591923 ],
							[ 28.8481361764, 41.0254821888 ]
						]
					]
				]
			},
			"properties" : {
				"ISTASYON" : "Molla Gürani",
				"PROJE_ADI" : "M3 Kirazlı-Bakırköy İDO Metro Hattı Uzatması",
				"PROJE_ASAMA" : "İnşaat Aşamasında",
				"HAT_TURU" : "Metro",
				"MUDURLUK" : "AYGM"
			}
		},
		{
			"type" : "Feature",
			"geometry" : {
				"type" : "Polygon",
				"coordinates" : [
					[
						[ 28.8757474542, 40.9967523661 ],
						[ 28.8750471894, 40.9981211863 ],
						[ 28.8748508774, 40.998063153 ],
						[ 28.8745268895, 40.9986922342 ],
						[ 28.8747232029, 40.9987502681 ],
						[ 28.874572007, 40.9990438388 ],
						[ 28.874019862, 40.9988778178 ],
						[ 28.8741696468, 40.9985866256 ],
						[ 28.8744545286, 40.9986708427 ],
						[ 28.8747756895, 40.9980420547 ],
						[ 28.8745772043, 40.9979835323 ],
						[ 28.8751171535, 40.9969351035 ],
						[ 28.8749851865, 40.9968960907 ],
						[ 28.8750174762, 40.9968333922 ],
						[ 28.8751552769, 40.9968716605 ],
						[ 28.8752289374, 40.9967284774 ],
						[ 28.8757474542, 40.9967523661 ]
					]
				]
			},
			"properties" : {
				"ISTASYON" : "İncirli",
				"PROJE_ADI" : "M3 Kirazlı-Bakırköy İDO Metro Hattı Uzatması",
				"PROJE_ASAMA" : "İnşaat Aşamasında",
				"HAT_TURU" : "Metro",
				"MUDURLUK" : "AYGM"
			}
		},
		{
			"type" : "Feature",
			"geometry" : {
				"type" : "Polygon",
				"coordinates" : [
					[
						[ 28.8137599114, 41.0377202901 ],
						[ 28.8137720214, 41.0376388735 ],
						[ 28.8137672244, 41.037638464 ],
						[ 28.8139987752, 41.0360817009 ],
						[ 28.8141147125, 41.0360915877 ],
						[ 28.8141012088, 41.0361843741 ],
						[ 28.8143784553, 41.036208016 ],
						[ 28.8143922519, 41.0361152542 ],
						[ 28.8145081846, 41.0361251397 ],
						[ 28.8142766456, 41.0376819039 ],
						[ 28.8142718485, 41.0376814953 ],
						[ 28.8142597392, 41.0377629119 ],
						[ 28.814185297, 41.0377565641 ],
						[ 28.8141974064, 41.0376751475 ],
						[ 28.8141607055, 41.0376720181 ],
						[ 28.8141691796, 41.0376150441 ],
						[ 28.8138909205, 41.0375908483 ],
						[ 28.8138831644, 41.037648351 ],
						[ 28.8138464634, 41.0376452216 ],
						[ 28.8138343535, 41.0377266381 ],
						[ 28.8137599114, 41.0377202901 ]
					]
				]
			},
			"properties" : {
				"ISTASYON" : "15 Temmuz",
				"PROJE_ADI" : "M9 (U1) Ataköy -  Bahariye Hattı",
				"PROJE_ASAMA" : "İnşaat Aşamasında",
				"HAT_TURU" : "Metro",
				"MUDURLUK" : "Avrupa Yakası Raylı Sistemler Müdürlüğü"
			}
		},
		{
			"type" : "Feature",
			"geometry" : {
				"type" : "Polygon",
				"coordinates" : [
					[
						[ 28.8177863596, 41.0157701363 ],
						[ 28.817783734, 41.0157071429 ],
						[ 28.8177789101, 41.0157072582 ],
						[ 28.81772709, 41.0144641292 ],
						[ 28.8177258713, 41.0144348823 ],
						[ 28.8177306939, 41.0144347669 ],
						[ 28.8177282567, 41.0143762731 ],
						[ 28.8178031061, 41.0143744828 ],
						[ 28.8178055434, 41.0144329766 ],
						[ 28.8178424461, 41.0144320936 ],
						[ 28.8178436648, 41.0144613405 ],
						[ 28.8178448244, 41.0144891677 ],
						[ 28.8180431725, 41.014484646 ],
						[ 28.8180763694, 41.0144838519 ],
						[ 28.8180739805, 41.0144265562 ],
						[ 28.818110882, 41.014425674 ],
						[ 28.8181084432, 41.0143671802 ],
						[ 28.8181832926, 41.0143653896 ],
						[ 28.8181857315, 41.0144238834 ],
						[ 28.8181905553, 41.0144237681 ],
						[ 28.8182435876, 41.0156961447 ],
						[ 28.8182387792, 41.0156962602 ],
						[ 28.8182414051, 41.0157592527 ],
						[ 28.8181665541, 41.0157610432 ],
						[ 28.8181639282, 41.0156980499 ],
						[ 28.818127026, 41.0156989329 ],
						[ 28.818113991, 41.0153861415 ],
						[ 28.8178826378, 41.0153962479 ],
						[ 28.8178954872, 41.0157044704 ],
						[ 28.8178585838, 41.0157053525 ],
						[ 28.8178612106, 41.0157683459 ],
						[ 28.8177863596, 41.0157701363 ]
					]
				]
			},
			"properties" : {
				"ISTASYON" : "Doğu Sanayi",
				"PROJE_ADI" : "M9 (U1) Ataköy -  Bahariye Hattı",
				"PROJE_ASAMA" : "İnşaat Aşamasında",
				"HAT_TURU" : "Metro",
				"MUDURLUK" : "Avrupa Yakası Raylı Sistemler Müdürlüğü"
			}
		},
		{
			"type" : "Feature",
			"geometry" : {
				"type" : "Polygon",
				"coordinates" : [
					[
						[ 28.7988849294, 41.0526489349 ],
						[ 28.7988875388, 41.0526039614 ],
						[ 28.7988510096, 41.0526027469 ],
						[ 28.7988517235, 41.0525904419 ],
						[ 28.7986320466, 41.0525831364 ],
						[ 28.7986313326, 41.0525954414 ],
						[ 28.7985875428, 41.0525934442 ],
						[ 28.798584951, 41.0526380946 ],
						[ 28.7985189582, 41.0526367645 ],
						[ 28.7985215691, 41.052591791 ],
						[ 28.7985147456, 41.0525915641 ],
						[ 28.7985721823, 41.0516021426 ],
						[ 28.7985789902, 41.0516023685 ],
						[ 28.7985815998, 41.051557395 ],
						[ 28.7986548342, 41.0515598306 ],
						[ 28.7986522246, 41.0516048041 ],
						[ 28.7986887367, 41.0516060185 ],
						[ 28.7986880382, 41.0516183237 ],
						[ 28.798907725, 41.0516256292 ],
						[ 28.798908427, 41.0516133241 ],
						[ 28.7989449545, 41.0516145386 ],
						[ 28.7989475638, 41.0515695651 ],
						[ 28.7990207982, 41.0515720005 ],
						[ 28.799018189, 41.051616974 ],
						[ 28.7990250123, 41.0516172009 ],
						[ 28.7989675978, 41.0526066238 ],
						[ 28.7989607744, 41.0526063969 ],
						[ 28.7989581638, 41.0526513704 ],
						[ 28.7988849294, 41.0526489349 ]
					]
				]
			},
			"properties" : {
				"ISTASYON" : "Mehmet Akif",
				"PROJE_ADI" : "Ataköy - İkitelli Metro Hattı",
				"PROJE_ASAMA" : "İnşaat Aşamasında",
				"HAT_TURU" : "Metro",
				"MUDURLUK" : "Avrupa Yakası Raylı Sistemler Müdürlüğü"
			}
		},
		{
			"type" : "Feature",
			"geometry" : {
				"type" : "MultiPolygon",
				"coordinates" : [
					[
						[
							[ 28.798673718, 41.0517920597 ],
							[ 28.7986624424, 41.0519863463 ],
							[ 28.7985948338, 41.0519840981 ],
							[ 28.7986061097, 41.0517898115 ],
							[ 28.798673718, 41.0517920597 ]
						]
					],
					[
						[
							[ 28.7986297423, 41.0525928937 ],
							[ 28.7986189061, 41.0527796141 ],
							[ 28.7985440489, 41.0527771246 ],
							[ 28.7985548853, 41.0525904042 ],
							[ 28.7986297423, 41.0525928937 ]
						]
					]
				]
			},
			"properties" : {
				"ISTASYON" : "Mehmet Akif",
				"PROJE_ADI" : "Ataköy - İkitelli Metro Hattı",
				"PROJE_ASAMA" : "İnşaat Aşamasında",
				"HAT_TURU" : "Metro",
				"MUDURLUK" : "Avrupa Yakası Raylı Sistemler Müdürlüğü"
			}
		},
		{
			"type" : "Feature",
			"geometry" : {
				"type" : "Polygon",
				"coordinates" : [
					[
						[ 28.9647943521, 41.0804590727 ],
						[ 28.9620788551, 41.0793729234 ],
						[ 28.962130315, 41.0792992626 ],
						[ 28.9621450421, 41.0793051535 ],
						[ 28.9622532327, 41.0791502842 ],
						[ 28.9622385044, 41.0791443933 ],
						[ 28.9622899639, 41.0790707324 ],
						[ 28.9650054533, 41.0801568767 ],
						[ 28.9649539959, 41.0802305388 ],
						[ 28.9649392683, 41.0802246482 ],
						[ 28.9648310822, 41.0803795192 ],
						[ 28.9648458098, 41.0803854098 ],
						[ 28.9647943521, 41.0804590727 ]
					]
				]
			},
			"properties" : {
				"ISTASYON" : "Nurtepe",
				"PROJE_ADI" : "M7 Yıldız - Mahmutbey Metro Hattı",
				"PROJE_ASAMA" : "Mevcut Hattaki İstasyon",
				"HAT_TURU" : "Metro",
				"MUDURLUK" : "Avrupa Yakası Raylı Sistemler Müdürlüğü"
			}
		},
		{
			"type" : "Feature",
			"geometry" : {
				"type" : "Polygon",
				"coordinates" : [
					[
						[ 28.9193459533, 41.0820855041 ],
						[ 28.9193731381, 41.0821807273 ],
						[ 28.9172795541, 41.0825228933 ],
						[ 28.9172523734, 41.0824276697 ],
						[ 28.9193459533, 41.0820855041 ]
					]
				]
			},
			"properties" : {
				"ISTASYON" : "Yeşilpınar",
				"PROJE_ADI" : "M7 Yıldız - Mahmutbey Metro Hattı",
				"PROJE_ASAMA" : "Mevcut Hattaki İstasyon",
				"HAT_TURU" : "Metro",
				"MUDURLUK" : "Avrupa Yakası Raylı Sistemler Müdürlüğü"
			}
		},
		{
			"type" : "Feature",
			"geometry" : {
				"type" : "Polygon",
				"coordinates" : [
					[
						[ 29.2748016964, 40.8790880489 ],
						[ 29.2745929321, 40.879402953 ],
						[ 29.2722074349, 40.8784919147 ],
						[ 29.2724162087, 40.8781770149 ],
						[ 29.2748016964, 40.8790880489 ]
					]
				]
			},
			"properties" : {
				"ISTASYON" : "Çamçeşme",
				"PROJE_ADI" : "M4 Tavşantepe - Tuzla Metro Hattı Uzatması",
				"PROJE_ASAMA" : "İnşaat Aşamasında",
				"HAT_TURU" : "Metro",
				"MUDURLUK" : "Anadolu Yakası Raylı Sistemler Müdürlüğü"
			}
		},
		{
			"type" : "Feature",
			"geometry" : {
				"type" : "Polygon",
				"coordinates" : [
					[
						[ 28.8371158669, 41.0241438586 ],
						[ 28.8355695634, 41.0234567982 ],
						[ 28.8360036481, 41.0228964681 ],
						[ 28.8375499432, 41.0235835226 ],
						[ 28.8371158669, 41.0241438586 ]
					]
				]
			},
			"properties" : {
				"ISTASYON" : "Barbaros",
				"PROJE_ADI" : "M1B (U2) Kirazlı - Halkalı Metro Hattı",
				"PROJE_ASAMA" : "İnşaat Aşamasında",
				"HAT_TURU" : "Metro",
				"MUDURLUK" : "Avrupa Yakası Raylı Sistemler Müdürlüğü"
			}
		},
		{
			"type" : "Feature",
			"geometry" : {
				"type" : "Polygon",
				"coordinates" : [
					[
						[ 29.2928864016, 40.8580609333 ],
						[ 29.2925343995, 40.8577416048 ],
						[ 29.2926660965, 40.8576506666 ],
						[ 29.2929811313, 40.8575498834 ],
						[ 29.2929329637, 40.8574621555 ],
						[ 29.29147671, 40.8568631155 ],
						[ 29.2912007853, 40.8565940609 ],
						[ 29.2911976143, 40.856595366 ],
						[ 29.291136168, 40.856535448 ],
						[ 29.2911377241, 40.8565311038 ],
						[ 29.2912543135, 40.8564659828 ],
						[ 29.2913155157, 40.8565256615 ],
						[ 29.2912644158, 40.8565564437 ],
						[ 29.2915299725, 40.8568153878 ],
						[ 29.2929962781, 40.857418559 ],
						[ 29.2930558901, 40.857525972 ],
						[ 29.2931302073, 40.8575021965 ],
						[ 29.2933023636, 40.8578124118 ],
						[ 29.2933624719, 40.8577931821 ],
						[ 29.293385957, 40.8578355015 ],
						[ 29.2933258474, 40.8578547321 ],
						[ 29.2933567699, 40.8579104521 ],
						[ 29.2931898815, 40.8579638418 ],
						[ 29.2932193538, 40.8580169478 ],
						[ 29.2932117042, 40.8580193953 ],
						[ 29.2933194637, 40.8582135714 ],
						[ 29.2931988922, 40.8584384324 ],
						[ 29.2932105607, 40.8584602585 ],
						[ 29.2932298602, 40.858467332 ],
						[ 29.2932443305, 40.858478746 ],
						[ 29.2932524432, 40.8584934446 ],
						[ 29.2932530075, 40.8585090812 ],
						[ 29.2932467656, 40.8585242466 ],
						[ 29.2932336654, 40.8585364759 ],
						[ 29.2932151773, 40.8585445488 ],
						[ 29.293194722, 40.8585470087 ],
						[ 29.2931744049, 40.8585440531 ],
						[ 29.2931565771, 40.8585357577 ],
						[ 29.2931439862, 40.8585229397 ],
						[ 29.2931379868, 40.8585077002 ],
						[ 29.2931394358, 40.858492003 ],
						[ 29.2931099342, 40.8584388436 ],
						[ 29.2932305061, 40.8582139817 ],
						[ 29.2931359642, 40.8580436258 ],
						[ 29.2931002268, 40.858055059 ],
						[ 29.2930707546, 40.858001952 ],
						[ 29.2928864016, 40.8580609333 ]
					]
				]
			},
			"properties" : {
				"ISTASYON" : "Aydıntepe",
				"PROJE_ADI" : "M4 Tavşantepe - Tuzla Metro Hattı Uzatması",
				"PROJE_ASAMA" : "İnşaat Aşamasında",
				"HAT_TURU" : "Metro",
				"MUDURLUK" : "Anadolu Yakası Raylı Sistemler Müdürlüğü"
			}
		},
		{
			"type" : "Feature",
			"geometry" : {
				"type" : "Polygon",
				"coordinates" : [
					[
						[ 29.2954181124, 40.8631575158 ],
						[ 29.295424445, 40.863180902 ],
						[ 29.2955234011, 40.8632304067 ],
						[ 29.2956268179, 40.8636123174 ],
						[ 29.2956662139, 40.8636846996 ],
						[ 29.295775262, 40.8640873969 ],
						[ 29.2957668586, 40.8640891681 ],
						[ 29.295748391, 40.8642190263 ],
						[ 29.2956659061, 40.8642122896 ],
						[ 29.2956765787, 40.8641027985 ],
						[ 29.295238426, 40.8641711381 ],
						[ 29.295238562, 40.8636258464 ],
						[ 29.295467061, 40.8636124304 ],
						[ 29.2955371252, 40.8636014953 ],
						[ 29.2955343652, 40.8635807828 ],
						[ 29.295449746, 40.8632682901 ],
						[ 29.2953507899, 40.8632187853 ],
						[ 29.2953354891, 40.8631622816 ],
						[ 29.2953164542, 40.8631366899 ],
						[ 29.295323347, 40.8631073351 ],
						[ 29.2953502597, 40.8630889795 ],
						[ 29.2953890004, 40.8630871586 ],
						[ 29.2954209717, 40.8631029339 ],
						[ 29.295431907, 40.8631306335 ],
						[ 29.2954181124, 40.8631575158 ]
					]
				]
			},
			"properties" : {
				"ISTASYON" : "Esenyalı",
				"PROJE_ADI" : "M4 Tavşantepe - Tuzla Metro Hattı Uzatması",
				"PROJE_ASAMA" : "İnşaat Aşamasında",
				"HAT_TURU" : "Metro",
				"MUDURLUK" : "Anadolu Yakası Raylı Sistemler Müdürlüğü"
			}
		},
		{
			"type" : "Feature",
			"geometry" : {
				"type" : "Polygon",
				"coordinates" : [
					[
						[ 29.3011558141, 40.8437597219 ],
						[ 29.3013450246, 40.8438973967 ],
						[ 29.2982083699, 40.8463820225 ],
						[ 29.2980208712, 40.8462455885 ],
						[ 29.3011558141, 40.8437597219 ]
					]
				]
			},
			"properties" : {
				"ISTASYON" : "Tuzla Belediye",
				"PROJE_ADI" : "M4 Tavşantepe - Tuzla Metro Hattı Uzatması",
				"PROJE_ASAMA" : "İnşaat Aşamasında",
				"HAT_TURU" : "Metro",
				"MUDURLUK" : "Anadolu Yakası Raylı Sistemler Müdürlüğü"
			}
		},
		{
			"type" : "Feature",
			"geometry" : {
				"type" : "Polygon",
				"coordinates" : [
					[
						[ 29.2386128795, 40.9693182537 ],
						[ 29.2385799035, 40.9692642687 ],
						[ 29.241092366, 40.9683825445 ],
						[ 29.241125339, 40.9684365225 ],
						[ 29.2410827903, 40.968450403 ],
						[ 29.2411055307, 40.968487629 ],
						[ 29.2411217, 40.9684819545 ],
						[ 29.241205554, 40.9686192247 ],
						[ 29.2411893847, 40.9686249001 ],
						[ 29.2412121251, 40.9686621261 ],
						[ 29.2412541444, 40.9686473785 ],
						[ 29.2412865882, 40.9687004894 ],
						[ 29.238774116, 40.9695822177 ],
						[ 29.2387411457, 40.96952824 ],
						[ 29.2387836967, 40.9695143586 ],
						[ 29.2387609573, 40.9694771321 ],
						[ 29.2387447875, 40.9694828072 ],
						[ 29.2386609376, 40.9693455343 ],
						[ 29.2386771073, 40.9693398602 ],
						[ 29.2386543681, 40.9693026328 ],
						[ 29.2386123478, 40.9693173794 ],
						[ 29.2386128795, 40.9693182537 ]
					]
				]
			},
			"properties" : {
				"ISTASYON" : "Veysel Karani",
				"PROJE_ADI" : "M5 Çekmeköy-Sultanbeyli Metro Hattı Uzatması",
				"PROJE_ASAMA" : "İnşaat Aşamasında",
				"HAT_TURU" : "Metro",
				"MUDURLUK" : "Anadolu Yakası Raylı Sistemler Müdürlüğü"
			}
		},
		{
			"type" : "Feature",
			"geometry" : {
				"type" : "MultiPolygon",
				"coordinates" : [
					[
						[
							[ 29.237761653, 40.9699260452 ],
							[ 29.2377347023, 40.9699355028 ],
							[ 29.2376987674, 40.9698766716 ],
							[ 29.2377257181, 40.969867214 ],
							[ 29.237761653, 40.9699260452 ]
						]
					],
					[
						[
							[ 29.2376398369, 40.9697780493 ],
							[ 29.237575156, 40.9698007489 ],
							[ 29.2374884272, 40.9696523274 ],
							[ 29.2375483212, 40.9696313071 ],
							[ 29.2376398369, 40.9697780493 ]
						]
					],
					[
						[
							[ 29.2403698019, 40.9691362859 ],
							[ 29.240179414, 40.9692060773 ],
							[ 29.2401464718, 40.9691521497 ],
							[ 29.2403398541, 40.9690872604 ],
							[ 29.2403698019, 40.9691362859 ]
						]
					]
				]
			},
			"properties" : {
				"ISTASYON" : "Veysel Karani",
				"PROJE_ADI" : "Çekmeköy-Sultanbeyli Metrosu",
				"PROJE_ASAMA" : "İnşaat Aşamasında",
				"HAT_TURU" : "Metro",
				"MUDURLUK" : "Anadolu Yakası Raylı Sistemler Müdürlüğü"
			}
		},
		{
			"type" : "Feature",
			"geometry" : {
				"type" : "Polygon",
				"coordinates" : [
					[
						[ 29.0275204433, 41.028331325 ],
						[ 29.0275656291, 41.0279826422 ],
						[ 29.0301688626, 41.0281760735 ],
						[ 29.0301236904, 41.0285247574 ],
						[ 29.0275204433, 41.028331325 ]
					]
				]
			},
			"properties" : {
				"ISTASYON" : "Fıstık Ağacı",
				"PROJE_ADI" : "M5 Üsküdar - Çekmeköy Metro Hattı",
				"PROJE_ASAMA" : "Mevcut Hattaki İstasyon",
				"HAT_TURU" : "Metro",
				"MUDURLUK" : "Anadolu Yakası Raylı Sistemler Müdürlüğü"
			}
		},
		{
			"type" : "Feature",
			"geometry" : {
				"type" : "Polygon",
				"coordinates" : [
					[
						[ 29.0629035169, 41.0213918966 ],
						[ 29.0632118756, 41.021653071 ],
						[ 29.0612621263, 41.0229734292 ],
						[ 29.0609537694, 41.0227122487 ],
						[ 29.0629035169, 41.0213918966 ]
					]
				]
			},
			"properties" : {
				"ISTASYON" : "Kısıklı",
				"PROJE_ADI" : "M5 Üsküdar - Çekmeköy Metro Hattı",
				"PROJE_ASAMA" : "Mevcut Hattaki İstasyon",
				"HAT_TURU" : "Metro",
				"MUDURLUK" : "Anadolu Yakası Raylı Sistemler Müdürlüğü"
			}
		},
		{
			"type" : "Feature",
			"geometry" : {
				"type" : "Polygon",
				"coordinates" : [
					[
						[ 29.1501752736, 41.0162109875 ],
						[ 29.1501423397, 41.0158615116 ],
						[ 29.1515178157, 41.0157871404 ],
						[ 29.1515168845, 41.015777261 ],
						[ 29.1519437194, 41.0157537825 ],
						[ 29.1519446873, 41.0157640565 ],
						[ 29.1528577172, 41.0157146775 ],
						[ 29.1528906655, 41.0160641527 ],
						[ 29.1519776308, 41.0161135319 ],
						[ 29.1519785999, 41.0161238069 ],
						[ 29.151551726, 41.0161468908 ],
						[ 29.151550757, 41.0161366168 ],
						[ 29.1501752736, 41.0162109875 ]
					]
				]
			},
			"properties" : {
				"ISTASYON" : "İmam Hatip",
				"PROJE_ADI" : "M5 Üsküdar - Çekmeköy Metro Hattı",
				"PROJE_ASAMA" : "Mevcut Hattaki İstasyon",
				"HAT_TURU" : "Metro",
				"MUDURLUK" : "Anadolu Yakası Raylı Sistemler Müdürlüğü"
			}
		},
		{
			"type" : "Feature",
			"geometry" : {
				"type" : "Polygon",
				"coordinates" : [
					[
						[ 29.3105239506, 40.9060961362 ],
						[ 29.3107033275, 40.9059376463 ],
						[ 29.3123241116, 40.9069935269 ],
						[ 29.3121447345, 40.9071520184 ],
						[ 29.3105239506, 40.9060961362 ]
					]
				]
			},
			"properties" : {
				"ISTASYON" : "Sabiha Gökçen",
				"PROJE_ADI" : "M4 Kadıköy - SGH Metro Hattı",
				"PROJE_ASAMA" : "Mevcut Hattaki İstasyon",
				"HAT_TURU" : "Metro",
				"MUDURLUK" : "AYGM"
			}
		},
		{
			"type" : "Feature",
			"geometry" : {
				"type" : "MultiPolygon",
				"coordinates" : [
					[
						[
							[ 28.7744141073, 41.0556060646 ],
							[ 28.774411661, 41.0556339131 ],
							[ 28.7743772445, 41.0556321802 ],
							[ 28.7743796908, 41.0556043317 ],
							[ 28.7744141073, 41.0556060646 ]
						]
					],
					[
						[
							[ 28.7750197177, 41.0574168349 ],
							[ 28.7750172703, 41.0574446834 ],
							[ 28.7749828529, 41.0574429507 ],
							[ 28.7749852991, 41.0574151022 ],
							[ 28.7750197177, 41.0574168349 ]
						]
					],
					[
						[
							[ 28.7749929158, 41.0572809206 ],
							[ 28.774995277, 41.057281179 ],
							[ 28.7749853056, 41.0573946815 ],
							[ 28.7749096455, 41.0573908733 ],
							[ 28.7749196315, 41.0572772313 ],
							[ 28.7749217065, 41.0572773353 ],
							[ 28.7749250617, 41.057239156 ],
							[ 28.7749962698, 41.0572427404 ],
							[ 28.7749929158, 41.0572809206 ]
						]
					],
					[
						[
							[ 28.7745090144, 41.0554145341 ],
							[ 28.7745113876, 41.0554146539 ],
							[ 28.7745014037, 41.0555282949 ],
							[ 28.7744254486, 41.0555244716 ],
							[ 28.7744354537, 41.0554105939 ],
							[ 28.7744378359, 41.0554106193 ],
							[ 28.7744411613, 41.0553727692 ],
							[ 28.7745123685, 41.0553763539 ],
							[ 28.7745090144, 41.0554145341 ]
						]
					],
					[
						[
							[ 28.7752430312, 41.057678771 ],
							[ 28.7748848712, 41.0576670586 ],
							[ 28.7748895586, 41.0576068385 ],
							[ 28.7752477664, 41.0576248696 ],
							[ 28.7752430312, 41.057678771 ]
						]
					]
				]
			},
			"properties" : {
				"ISTASYON" : "Tema Park",
				"PROJE_ADI" : "M11 Halkalı - İstanbul Havalimanı Metro Hattı",
				"PROJE_ASAMA" : "İnşaat Aşamasında",
				"HAT_TURU" : "Metro",
				"MUDURLUK" : "AYGM"
			}
		},
		{
			"type" : "Feature",
			"geometry" : {
				"type" : "Polygon",
				"coordinates" : [
					[
						[ 28.7459978463, 41.1803125042 ],
						[ 28.7459271596, 41.1802885769 ],
						[ 28.7459471303, 41.1802549004 ],
						[ 28.7459132003, 41.1802434154 ],
						[ 28.7459207524, 41.1802306803 ],
						[ 28.7458771977, 41.1802159373 ],
						[ 28.7458698894, 41.1802282617 ],
						[ 28.7457488951, 41.1801873054 ],
						[ 28.7457570299, 41.180175261 ],
						[ 28.7457134765, 41.1801605179 ],
						[ 28.7457061682, 41.1801728423 ],
						[ 28.7456722382, 41.1801613572 ],
						[ 28.7456520235, 41.1801954443 ],
						[ 28.745581337, 41.1801715168 ],
						[ 28.7456013079, 41.1801378404 ],
						[ 28.7455969289, 41.1801358649 ],
						[ 28.746814665, 41.1780823399 ],
						[ 28.7468195303, 41.1780834941 ],
						[ 28.7468394999, 41.1780498174 ],
						[ 28.7469101846, 41.1780737441 ],
						[ 28.7468902151, 41.1781074208 ],
						[ 28.7469241442, 41.1781189055 ],
						[ 28.7469165925, 41.1781316406 ],
						[ 28.7469601461, 41.1781463833 ],
						[ 28.746967454, 41.1781340588 ],
						[ 28.7470876188, 41.1781747338 ],
						[ 28.747080311, 41.1781870583 ],
						[ 28.7471238634, 41.1782018 ],
						[ 28.7471311713, 41.1781894764 ],
						[ 28.7471653443, 41.1782005495 ],
						[ 28.7471853138, 41.1781668727 ],
						[ 28.7472559987, 41.1781907992 ],
						[ 28.7472360293, 41.178224476 ],
						[ 28.7472404082, 41.1782264514 ],
						[ 28.7460226825, 41.180279981 ],
						[ 28.7460178171, 41.1802788277 ],
						[ 28.7459978463, 41.1803125042 ]
					]
				]
			},
			"properties" : {
				"ISTASYON" : "Arnavutköy - 1",
				"PROJE_ADI" : "M11 Halkalı - İstanbul Havalimanı Metro Hattı",
				"PROJE_ASAMA" : "İnşaat Aşamasında",
				"HAT_TURU" : "Metro",
				"MUDURLUK" : "AYGM"
			}
		},
		{
			"type" : "Feature",
			"geometry" : {
				"type" : "MultiPolygon",
				"coordinates" : [
					[
						[
							[ 28.7692488117, 41.0784798375 ],
							[ 28.7693167486, 41.0784964323 ],
							[ 28.769256225, 41.0786368064 ],
							[ 28.76918801, 41.0786220347 ],
							[ 28.7692488117, 41.0784798375 ]
						]
					],
					[
						[
							[ 28.7694874536, 41.0768889554 ],
							[ 28.7697164426, 41.0769452704 ],
							[ 28.7696971583, 41.0769988386 ],
							[ 28.7694655238, 41.0769403632 ],
							[ 28.7694874536, 41.0768889554 ]
						]
					]
				]
			},
			"properties" : {
				"ISTASYON" : "Olimpiyat",
				"PROJE_ADI" : "M11 Halkalı - İstanbul Havalimanı Metro Hattı",
				"PROJE_ASAMA" : "İnşaat Aşamasında",
				"HAT_TURU" : "Metro",
				"MUDURLUK" : "AYGM"
			}
		},
		{
			"type" : "Feature",
			"geometry" : {
				"type" : "MultiPolygon",
				"coordinates" : [
					[
						[
							[ 28.7608738273, 41.0562744052 ],
							[ 28.7608793148, 41.0562695918 ],
							[ 28.760885346, 41.0562651674 ],
							[ 28.7608918737, 41.0562611664 ],
							[ 28.7608988467, 41.0562576205 ],
							[ 28.7609062104, 41.0562545573 ],
							[ 28.7609139071, 41.0562520008 ],
							[ 28.7609218764, 41.0562499711 ],
							[ 28.7609300558, 41.0562484841 ],
							[ 28.7609383813, 41.0562475514 ],
							[ 28.7609467876, 41.0562471805 ],
							[ 28.7609552088, 41.056247374 ],
							[ 28.7609635788, 41.0562481307 ],
							[ 28.7609718322, 41.0562494444 ],
							[ 28.7609799042, 41.056251305 ],
							[ 28.7609877315, 41.0562536978 ],
							[ 28.7609952528, 41.0562566041 ],
							[ 28.7610024091, 41.0562600011 ],
							[ 28.7610091443, 41.0562638622 ],
							[ 28.7610154057, 41.0562681571 ],
							[ 28.7610211442, 41.0562728522 ],
							[ 28.7610263147, 41.0562779106 ],
							[ 28.7610308768, 41.0562832927 ],
							[ 28.7610347947, 41.0562889563 ],
							[ 28.7610380377, 41.056294857 ],
							[ 28.7610405803, 41.0563009486 ],
							[ 28.7610424027, 41.0563071834 ],
							[ 28.7610434906, 41.0563135123 ],
							[ 28.7610438354, 41.056319886 ],
							[ 28.7610434062, 41.0563258505 ],
							[ 28.7610423254, 41.0563317645 ],
							[ 28.7610406003, 41.0563375874 ],
							[ 28.7610382428, 41.0563432791 ],
							[ 28.7610352692, 41.0563488004 ],
							[ 28.7610316999, 41.0563541134 ],
							[ 28.7610275594, 41.0563591814 ],
							[ 28.7610228764, 41.0563639697 ],
							[ 28.7610202063, 41.0563664342 ],
							[ 28.7610173943, 41.0563688063 ],
							[ 28.7610144459, 41.0563710815 ],
							[ 28.7610138441, 41.0563715181 ],
							[ 28.7607989053, 41.0565274168 ],
							[ 28.7607102712, 41.0564573983 ],
							[ 28.7608691406, 41.056279218 ],
							[ 28.7608706436, 41.0562775809 ],
							[ 28.7608722062, 41.0562759762 ],
							[ 28.7608738273, 41.0562744052 ]
						]
					],
					[
						[
							[ 28.7569356516, 41.0558116734 ],
							[ 28.7569138496, 41.0561443875 ],
							[ 28.7566524998, 41.0561345741 ],
							[ 28.7566743031, 41.05580186 ],
							[ 28.7569356516, 41.0558116734 ]
						]
					],
					[
						[
							[ 28.7578817464, 41.0565219188 ],
							[ 28.7578115775, 41.056526356 ],
							[ 28.7577982756, 41.0564144735 ],
							[ 28.7576577237, 41.0564233599 ],
							[ 28.7576144633, 41.05603133 ],
							[ 28.7577199455, 41.0559818724 ],
							[ 28.7578368459, 41.0559915246 ],
							[ 28.7578829288, 41.0564091209 ],
							[ 28.7578695449, 41.0564099635 ],
							[ 28.7578817464, 41.0565219188 ]
						]
					],
					[
						[
							[ 28.7608285143, 41.0556378331 ],
							[ 28.7608039574, 41.055967918 ],
							[ 28.7602523006, 41.0559444004 ],
							[ 28.7602695775, 41.0556204205 ],
							[ 28.7608285143, 41.0556378331 ]
						]
					]
				]
			},
			"properties" : {
				"ISTASYON" : "Hastane",
				"PROJE_ADI" : "M7 (U3) Mahmutbey - Bahçeşehir- Esenyurt Metro Hattı",
				"PROJE_ASAMA" : "İnşaat Aşamasında",
				"HAT_TURU" : "Metro",
				"MUDURLUK" : "Avrupa Yakası Raylı Sistemler Müdürlüğü"
			}
		},
		{
			"type" : "Feature",
			"geometry" : {
				"type" : "MultiPolygon",
				"coordinates" : [
					[
						[
							[ 29.2620542135, 40.8773835168 ],
							[ 29.2618995865, 40.8775146716 ],
							[ 29.2618447737, 40.8774801461 ],
							[ 29.2620038236, 40.8773492907 ],
							[ 29.2620542135, 40.8773835168 ]
						]
					],
					[
						[
							[ 29.2616604849, 40.8782699419 ],
							[ 29.2615146533, 40.8784290572 ],
							[ 29.2614599221, 40.8784001582 ],
							[ 29.2616056348, 40.8782405415 ],
							[ 29.2616604849, 40.8782699419 ]
						]
					],
					[
						[
							[ 29.2626908953, 40.8776904344 ],
							[ 29.2625362396, 40.8778591819 ],
							[ 29.2624808478, 40.8778303746 ],
							[ 29.2626372954, 40.8776603015 ],
							[ 29.2626908953, 40.8776904344 ]
						]
					],
					[
						[
							[ 29.2616492624, 40.878866384 ],
							[ 29.2614901638, 40.8790451976 ],
							[ 29.2614317649, 40.8790140663 ],
							[ 29.2615942665, 40.8788377733 ],
							[ 29.2615944118, 40.8788369836 ],
							[ 29.2616492624, 40.878866384 ]
						]
					]
				]
			},
			"properties" : {
				"ISTASYON" : "Kaynarca Merkez",
				"PROJE_ADI" : "M4 Tavşantepe - Tuzla Metro Hattı Uzatması",
				"PROJE_ASAMA" : "İnşaat Aşamasında",
				"HAT_TURU" : "Metro",
				"MUDURLUK" : "Anadolu Yakası Raylı Sistemler Müdürlüğü"
			}
		},
		{
			"type" : "Feature",
			"geometry" : {
				"type" : "Polygon",
				"coordinates" : [
					[
						[ 29.1041723125, 40.9910902428 ],
						[ 29.1035714201, 40.9903703624 ],
						[ 29.1039590777, 40.9901845828 ],
						[ 29.1045599727, 40.9909044612 ],
						[ 29.1041723125, 40.9910902428 ]
					]
				]
			},
			"properties" : {
				"ISTASYON" : "Ataşehir",
				"PROJE_ADI" : "M12 Göztepe-Ümraniye Metro Hattı",
				"PROJE_ASAMA" : "İnşaat Aşamasında",
				"HAT_TURU" : "Metro",
				"MUDURLUK" : "Anadolu Yakası Raylı Sistemler Müdürlüğü"
			}
		},
		{
			"type" : "Feature",
			"geometry" : {
				"type" : "Polygon",
				"coordinates" : [
					[
						[ 29.0968903856, 41.0275950837 ],
						[ 29.0962695603, 41.0265645687 ],
						[ 29.0970498612, 41.0262949742 ],
						[ 29.0976706963, 41.0273254843 ],
						[ 29.0968903856, 41.0275950837 ]
					]
				]
			},
			"properties" : {
				"ISTASYON" : "Çarşı",
				"PROJE_ADI" : "M12 Göztepe-Ümraniye Metro Hattı",
				"PROJE_ASAMA" : "İnşaat Aşamasında",
				"HAT_TURU" : "Metro",
				"MUDURLUK" : "Anadolu Yakası Raylı Sistemler Müdürlüğü"
			}
		},
		{
			"type" : "Feature",
			"geometry" : {
				"type" : "Polygon",
				"coordinates" : [
					[
						[ 28.7679088056, 41.0249206672 ],
						[ 28.7680018719, 41.0262963843 ],
						[ 28.7676468622, 41.0263101577 ],
						[ 28.7675538033, 41.0249344405 ],
						[ 28.7679088056, 41.0249206672 ]
					]
				]
			},
			"properties" : {
				"ISTASYON" : "Bezirganbahçe",
				"PROJE_ADI" : "M1B (U2) Kirazlı - Halkalı Metro Hattı",
				"PROJE_ASAMA" : "İnşaat Aşamasında",
				"HAT_TURU" : "Metro",
				"MUDURLUK" : "Avrupa Yakası Raylı Sistemler Müdürlüğü"
			}
		},
		{
			"type" : "Feature",
			"geometry" : {
				"type" : "Polygon",
				"coordinates" : [
					[
						[ 28.8018838632, 41.0286693341 ],
						[ 28.801863691, 41.0284005644 ],
						[ 28.8036798141, 41.0283223813 ],
						[ 28.8036999937, 41.0285911508 ],
						[ 28.8018838632, 41.0286693341 ]
					]
				]
			},
			"properties" : {
				"ISTASYON" : "Fatih",
				"PROJE_ADI" : "M1B (U2) Kirazlı - Halkalı Metro Hattı",
				"PROJE_ASAMA" : "İnşaat Aşamasında",
				"HAT_TURU" : "Metro",
				"MUDURLUK" : "Avrupa Yakası Raylı Sistemler Müdürlüğü"
			}
		},
		{
			"type" : "Feature",
			"geometry" : {
				"type" : "Polygon",
				"coordinates" : [
					[
						[ 29.2844714058, 40.8759314115 ],
						[ 29.28486321, 40.8757957891 ],
						[ 29.284980359, 40.8759907762 ],
						[ 29.2851001677, 40.8759493047 ],
						[ 29.2852005816, 40.8761164362 ],
						[ 29.2846889668, 40.8762935309 ],
						[ 29.2844714058, 40.8759314115 ]
					]
				]
			},
			"properties" : {
				"ISTASYON" : "Kavakpınar",
				"PROJE_ADI" : "M4 Tavşantepe - Tuzla Metro Hattı Uzatması",
				"PROJE_ASAMA" : "İnşaat Aşamasında",
				"HAT_TURU" : "Metro",
				"MUDURLUK" : "Anadolu Yakası Raylı Sistemler Müdürlüğü"
			}
		},
		{
			"type" : "Feature",
			"geometry" : {
				"type" : "MultiPolygon",
				"coordinates" : [
					[
						[
							[ 29.2540239482, 40.9683174858 ],
							[ 29.2540235615, 40.9683148009 ],
							[ 29.2539950471, 40.9683171628 ],
							[ 29.2539878457, 40.9682688463 ],
							[ 29.2540165919, 40.968266466 ],
							[ 29.254016204, 40.9682637801 ],
							[ 29.25415342, 40.968252419 ],
							[ 29.2541611644, 40.9683061247 ],
							[ 29.2540239482, 40.9683174858 ]
						]
					],
					[
						[
							[ 29.2542597675, 40.9688931235 ],
							[ 29.2542198983, 40.9688815378 ],
							[ 29.2542308511, 40.9688603804 ],
							[ 29.2542275003, 40.9688593844 ],
							[ 29.2542953197, 40.9687283797 ],
							[ 29.2542920032, 40.9687273939 ],
							[ 29.2543008125, 40.9687103764 ],
							[ 29.254305236, 40.9687116917 ],
							[ 29.2543494711, 40.968724849 ],
							[ 29.2543538934, 40.9687261643 ],
							[ 29.2543450842, 40.9687431809 ],
							[ 29.2543417654, 40.9687421942 ],
							[ 29.2542739472, 40.968873198 ],
							[ 29.2542706296, 40.9688722113 ],
							[ 29.2542597675, 40.9688931235 ]
						]
					],
					[
						[
							[ 29.2555581081, 40.9690543313 ],
							[ 29.2555307107, 40.9690461826 ],
							[ 29.2555294089, 40.9690486982 ],
							[ 29.2553602116, 40.9689983765 ],
							[ 29.2553862475, 40.968948084 ],
							[ 29.2555554448, 40.9689984056 ],
							[ 29.255554143, 40.9690009203 ],
							[ 29.255581789, 40.9690091426 ],
							[ 29.2555581081, 40.9690543313 ]
						]
					]
				]
			},
			"properties" : {
				"ISTASYON" : "Hasanpaşa",
				"PROJE_ADI" : "M5 Çekmeköy-Sultanbeyli Metro Hattı Uzatması",
				"PROJE_ASAMA" : "İnşaat Aşamasında",
				"HAT_TURU" : "Metro",
				"MUDURLUK" : "Anadolu Yakası Raylı Sistemler Müdürlüğü"
			}
		},
		{
			"type" : "Feature",
			"geometry" : {
				"type" : "Polygon",
				"coordinates" : [
					[
						[ 29.1999562544, 41.0090023874 ],
						[ 29.1999940465, 41.0090534341 ],
						[ 29.1999536331, 41.0090706016 ],
						[ 29.1999783432, 41.009103979 ],
						[ 29.1999938942, 41.0090973732 ],
						[ 29.2000915689, 41.0092293124 ],
						[ 29.2000763033, 41.0092363047 ],
						[ 29.200100727, 41.0092692956 ],
						[ 29.2001411404, 41.0092521289 ],
						[ 29.2001789292, 41.0093031774 ],
						[ 29.1997231001, 41.0094968085 ],
						[ 29.1997255703, 41.0095001466 ],
						[ 29.1982243014, 41.0101378453 ],
						[ 29.1982218312, 41.0101345073 ],
						[ 29.1977659931, 41.0103281287 ],
						[ 29.1977282033, 41.0102770795 ],
						[ 29.197768618, 41.0102599136 ],
						[ 29.1977439097, 41.0102265358 ],
						[ 29.1977283571, 41.0102331413 ],
						[ 29.1976306857, 41.0101012002 ],
						[ 29.1976462371, 41.0100945938 ],
						[ 29.197621529, 41.0100612159 ],
						[ 29.1975811144, 41.0100783826 ],
						[ 29.1975433248, 41.0100273341 ],
						[ 29.1979991614, 41.0098337135 ],
						[ 29.1979966913, 41.0098303755 ],
						[ 29.1994979542, 41.0091926796 ],
						[ 29.1995004256, 41.0091960176 ],
						[ 29.1999562544, 41.0090023874 ]
					]
				]
			},
			"properties" : {
				"ISTASYON" : "Meclis Mahallesi",
				"PROJE_ADI" : "M5 Çekmeköy-Sultanbeyli Metro Hattı Uzatması",
				"PROJE_ASAMA" : "İnşaat Aşamasında",
				"HAT_TURU" : "Metro",
				"MUDURLUK" : "Anadolu Yakası Raylı Sistemler Müdürlüğü"
			}
		},
		{
			"type" : "Feature",
			"geometry" : {
				"type" : "Polygon",
				"coordinates" : [
					[
						[ 29.1983847923, 41.0096477159 ],
						[ 29.198996495, 41.0093878819 ],
						[ 29.1991883539, 41.0096470507 ],
						[ 29.1985393239, 41.0099227397 ],
						[ 29.1984424584, 41.009791889 ],
						[ 29.1984506637, 41.0097370952 ],
						[ 29.1983847923, 41.0096477159 ]
					]
				]
			},
			"properties" : {
				"ISTASYON" : "Meclis Mahallesi",
				"PROJE_ADI" : "M5 Çekmeköy-Sultanbeyli Metro Hattı Uzatması",
				"PROJE_ASAMA" : "İnşaat Aşamasında",
				"HAT_TURU" : "Metro",
				"MUDURLUK" : "Anadolu Yakası Raylı Sistemler Müdürlüğü"
			}
		},
		{
			"type" : "Feature",
			"geometry" : {
				"type" : "Polygon",
				"coordinates" : [
					[
						[ 29.0369295828, 41.0210669809 ],
						[ 29.0373059405, 41.0212707068 ],
						[ 29.0358984151, 41.0227621512 ],
						[ 29.0355220534, 41.0225584207 ],
						[ 29.0369295828, 41.0210669809 ]
					]
				]
			},
			"properties" : {
				"ISTASYON" : "Bağlarbaşı",
				"PROJE_ADI" : "M5 Üsküdar - Çekmeköy Metro Hattı",
				"PROJE_ASAMA" : "Mevcut Hattaki İstasyon",
				"HAT_TURU" : "Metro",
				"MUDURLUK" : "Anadolu Yakası Raylı Sistemler Müdürlüğü"
			}
		},
		{
			"type" : "Feature",
			"geometry" : {
				"type" : "Polygon",
				"coordinates" : [
					[
						[ 29.047216011, 41.0215266135 ],
						[ 29.0476734612, 41.0216250101 ],
						[ 29.0476703046, 41.0216334293 ],
						[ 29.0476684462, 41.0216383835 ],
						[ 29.0490408077, 41.0219335653 ],
						[ 29.0490458224, 41.0219201919 ],
						[ 29.0495032793, 41.0220185813 ],
						[ 29.0493668704, 41.0223823606 ],
						[ 29.0489094111, 41.0222839698 ],
						[ 29.0489144271, 41.0222705964 ],
						[ 29.0475420592, 41.0219754139 ],
						[ 29.0475370442, 41.0219887872 ],
						[ 29.0470795906, 41.0218903892 ],
						[ 29.047216011, 41.0215266135 ]
					]
				]
			},
			"properties" : {
				"ISTASYON" : "Altunizade",
				"PROJE_ADI" : "M5 Üsküdar - Çekmeköy Metro Hattı",
				"PROJE_ASAMA" : "Mevcut Hattaki İstasyon",
				"HAT_TURU" : "Metro",
				"MUDURLUK" : "Anadolu Yakası Raylı Sistemler Müdürlüğü"
			}
		},
		{
			"type" : "Feature",
			"geometry" : {
				"type" : "Polygon",
				"coordinates" : [
					[
						[ 29.0960048863, 41.0263282236 ],
						[ 29.0959108519, 41.0259824171 ],
						[ 29.0967546581, 41.0258508205 ],
						[ 29.0967531127, 41.025845141 ],
						[ 29.0971001361, 41.0257910187 ],
						[ 29.0971016803, 41.0257966982 ],
						[ 29.098635789, 41.0255574214 ],
						[ 29.0987298371, 41.0259032259 ],
						[ 29.0971957207, 41.0261425039 ],
						[ 29.0971979838, 41.0261508291 ],
						[ 29.0968509598, 41.0262049517 ],
						[ 29.0968486955, 41.0261966264 ],
						[ 29.0960048863, 41.0263282236 ]
					]
				]
			},
			"properties" : {
				"ISTASYON" : "Çarşı",
				"PROJE_ADI" : "M5 Üsküdar - Çekmeköy Metro Hattı",
				"PROJE_ASAMA" : "Mevcut Hattaki İstasyon",
				"HAT_TURU" : "Metro",
				"MUDURLUK" : "Anadolu Yakası Raylı Sistemler Müdürlüğü"
			}
		},
		{
			"type" : "Feature",
			"geometry" : {
				"type" : "Polygon",
				"coordinates" : [
					[
						[ 29.1295898838, 41.0204097379 ],
						[ 29.1293206203, 41.0201248398 ],
						[ 29.1313506746, 41.019024244 ],
						[ 29.1316199425, 41.0193091365 ],
						[ 29.1295898838, 41.0204097379 ]
					]
				]
			},
			"properties" : {
				"ISTASYON" : "Ihlamurkuyu",
				"PROJE_ADI" : "M5 Üsküdar - Çekmeköy Metro Hattı",
				"PROJE_ASAMA" : "Mevcut Hattaki İstasyon",
				"HAT_TURU" : "Metro",
				"MUDURLUK" : "Anadolu Yakası Raylı Sistemler Müdürlüğü"
			}
		},
		{
			"type" : "Feature",
			"geometry" : {
				"type" : "Polygon",
				"coordinates" : [
					[
						[ 29.1636311808, 41.0153518852 ],
						[ 29.1627568677, 41.015415567 ],
						[ 29.1611190551, 41.015528137 ],
						[ 29.161077278, 41.0151788591 ],
						[ 29.1627151229, 41.0150666312 ],
						[ 29.163591792, 41.0150049495 ],
						[ 29.1636311808, 41.0153518852 ]
					]
				]
			},
			"properties" : {
				"ISTASYON" : "Dudullu",
				"PROJE_ADI" : "M5 Üsküdar - Çekmeköy Metro Hattı",
				"PROJE_ASAMA" : "Mevcut Hattaki İstasyon",
				"HAT_TURU" : "Metro",
				"MUDURLUK" : "Anadolu Yakası Raylı Sistemler Müdürlüğü"
			}
		},
		{
			"type" : "Feature",
			"geometry" : {
				"type" : "Polygon",
				"coordinates" : [
					[
						[ 29.1899154574, 41.0143584714 ],
						[ 29.1899607486, 41.0146264067 ],
						[ 29.188500389, 41.014768019 ],
						[ 29.1884551049, 41.0145000833 ],
						[ 29.1899154574, 41.0143584714 ]
					]
				]
			},
			"properties" : {
				"ISTASYON" : "Çekmeköy",
				"PROJE_ADI" : "M5 Üsküdar - Çekmeköy Metro Hattı",
				"PROJE_ASAMA" : "Mevcut Hattaki İstasyon",
				"HAT_TURU" : "Metro",
				"MUDURLUK" : "Anadolu Yakası Raylı Sistemler Müdürlüğü"
			}
		},
		{
			"type" : "Feature",
			"geometry" : {
				"type" : "Polygon",
				"coordinates" : [
					[
						[ 29.2624142557, 40.8894699912 ],
						[ 29.2619511566, 40.8878877642 ],
						[ 29.2623932495, 40.8878134248 ],
						[ 29.2628563587, 40.8893956502 ],
						[ 29.2624142557, 40.8894699912 ]
					]
				]
			},
			"properties" : {
				"ISTASYON" : "Fevzi Çakmak - Hastane",
				"PROJE_ADI" : "M4 Kadıköy - SGH Metro Hattı",
				"PROJE_ASAMA" : "Mevcut Hattaki İstasyon",
				"HAT_TURU" : "Metro",
				"MUDURLUK" : "AYGM"
			}
		},
		{
			"type" : "Feature",
			"geometry" : {
				"type" : "Polygon",
				"coordinates" : [
					[
						[ 28.774418138, 41.05773094 ],
						[ 28.7744213852, 41.0576934682 ],
						[ 28.7744163687, 41.0576934148 ],
						[ 28.7746136449, 41.055448109 ],
						[ 28.7746186886, 41.0554483625 ],
						[ 28.7746219639, 41.0554110918 ],
						[ 28.7746991049, 41.0554149754 ],
						[ 28.7746958605, 41.0554522474 ],
						[ 28.7747328582, 41.0554541103 ],
						[ 28.7747316743, 41.0554675852 ],
						[ 28.7747792049, 41.0554699779 ],
						[ 28.7747803888, 41.055456503 ],
						[ 28.7749115278, 41.0554631045 ],
						[ 28.774910344, 41.0554765794 ],
						[ 28.7749578746, 41.055478972 ],
						[ 28.7749590583, 41.0554654971 ],
						[ 28.7749961262, 41.0554669123 ],
						[ 28.7749993609, 41.0554300904 ],
						[ 28.775076502, 41.0554339728 ],
						[ 28.7750732673, 41.0554707947 ],
						[ 28.7750782717, 41.055471498 ],
						[ 28.7748810099, 41.0577168057 ],
						[ 28.7748759268, 41.0577170011 ],
						[ 28.7748726919, 41.0577538229 ],
						[ 28.7747955481, 41.0577499394 ],
						[ 28.7747987831, 41.0577131176 ],
						[ 28.7747617937, 41.0577108046 ],
						[ 28.7747629776, 41.0576973288 ],
						[ 28.7747154197, 41.0576952311 ],
						[ 28.7747142615, 41.0577084118 ],
						[ 28.7745831169, 41.0577018091 ],
						[ 28.7745843008, 41.0576883343 ],
						[ 28.7745367687, 41.0576859414 ],
						[ 28.774535675, 41.0576983971 ],
						[ 28.7744985561, 41.0576975521 ],
						[ 28.7744952817, 41.0577348237 ],
						[ 28.774418138, 41.05773094 ]
					]
				]
			},
			"properties" : {
				"ISTASYON" : "Tema Park",
				"PROJE_ADI" : "M11 Halkalı - İstanbul Havalimanı Metro Hattı",
				"PROJE_ASAMA" : "İnşaat Aşamasında",
				"HAT_TURU" : "Metro",
				"MUDURLUK" : "AYGM"
			}
		},
		{
			"type" : "Feature",
			"geometry" : {
				"type" : "Polygon",
				"coordinates" : [
					[
						[ 29.2991605543, 40.8463996905 ],
						[ 29.2991061172, 40.8463592192 ],
						[ 29.2991291975, 40.8463400955 ],
						[ 29.2993035682, 40.8461951153 ],
						[ 29.2994779117, 40.8460501572 ],
						[ 29.2995854316, 40.8459611585 ],
						[ 29.29971842, 40.8458512989 ],
						[ 29.2998274555, 40.8457634627 ],
						[ 29.2999364728, 40.8456756389 ],
						[ 29.300047208, 40.8455890627 ],
						[ 29.3001579584, 40.8455024729 ],
						[ 29.3003133913, 40.8453839719 ],
						[ 29.3004267542, 40.845299331 ],
						[ 29.3005401153, 40.8452146099 ],
						[ 29.3007449718, 40.8450626607 ],
						[ 29.300922966, 40.8449305814 ],
						[ 29.3009675231, 40.8448973671 ],
						[ 29.3010190147, 40.844936704 ],
						[ 29.3007257119, 40.8451831918 ],
						[ 29.3007098136, 40.8451965531 ],
						[ 29.3006939142, 40.8452099117 ],
						[ 29.3006780135, 40.8452232684 ],
						[ 29.3006621094, 40.8452366215 ],
						[ 29.3006462017, 40.8452499701 ],
						[ 29.3006302882, 40.8452633133 ],
						[ 29.3006143676, 40.845276651 ],
						[ 29.3005984387, 40.8452899815 ],
						[ 29.3005825005, 40.8453033037 ],
						[ 29.3005665517, 40.845316617 ],
						[ 29.3005505911, 40.8453299202 ],
						[ 29.3005346164, 40.8453432126 ],
						[ 29.3005186276, 40.845356494 ],
						[ 29.3005026163, 40.8453697681 ],
						[ 29.3004866113, 40.8453830098 ],
						[ 29.300391713, 40.8454609218 ],
						[ 29.3002961627, 40.8455383462 ],
						[ 29.3001999461, 40.8456152928 ],
						[ 29.3001030667, 40.8456917589 ],
						[ 29.3000055304, 40.845767741 ],
						[ 29.2999073398, 40.8458432364 ],
						[ 29.2998084805, 40.8459182559 ],
						[ 29.299791675, 40.8459309118 ],
						[ 29.2997748387, 40.845943564 ],
						[ 29.2997579788, 40.8459562106 ],
						[ 29.2997411036, 40.8459688454 ],
						[ 29.299724213, 40.8459814721 ],
						[ 29.2997073083, 40.8459940887 ],
						[ 29.299690393, 40.846006698 ],
						[ 29.2996734659, 40.846019301 ],
						[ 29.2996565294, 40.8460318976 ],
						[ 29.2996395847, 40.8460444888 ],
						[ 29.2996226328, 40.8460570763 ],
						[ 29.299605675, 40.8460696611 ],
						[ 29.2995887114, 40.846082244 ],
						[ 29.2995717453, 40.8460948251 ],
						[ 29.2995547769, 40.8461074062 ],
						[ 29.2991605543, 40.8463996905 ]
					]
				]
			},
			"properties" : {
				"ISTASYON" : "İçmeler",
				"PROJE_ADI" : "Halkalı - Gebze Marmaray Yüzeysel Metro Hattı",
				"PROJE_ASAMA" : "Mevcut Hattaki İstasyon",
				"HAT_TURU" : "Banliyö",
				"MUDURLUK" : "Ulaştırma Bakanlığı"
			}
		},
		{
			"type" : "Feature",
			"geometry" : {
				"type" : "Polygon",
				"coordinates" : [
					[
						[ 29.2925027837, 40.8531567742 ],
						[ 29.2924295781, 40.8531222034 ],
						[ 29.2928775012, 40.8525546449 ],
						[ 29.292889693, 40.8525391972 ],
						[ 29.2929018859, 40.8525237514 ],
						[ 29.29291408, 40.8525083073 ],
						[ 29.2929262787, 40.8524928669 ],
						[ 29.2929384822, 40.8524774292 ],
						[ 29.2929506927, 40.8524619969 ],
						[ 29.2929629127, 40.8524465683 ],
						[ 29.2929751409, 40.8524311469 ],
						[ 29.2929873809, 40.8524157311 ],
						[ 29.2929996339, 40.8524003225 ],
						[ 29.293011901, 40.8523849221 ],
						[ 29.2930241834, 40.8523695298 ],
						[ 29.2930364835, 40.8523541467 ],
						[ 29.2930487952, 40.8523387835 ],
						[ 29.293061121, 40.8523234366 ],
						[ 29.2931263245, 40.8522428878 ],
						[ 29.2931921329, 40.8521626435 ],
						[ 29.293258557, 40.8520826919 ],
						[ 29.2933256066, 40.8520030215 ],
						[ 29.2933384231, 40.8519879081 ],
						[ 29.2933512813, 40.8519727805 ],
						[ 29.2933641512, 40.8519576701 ],
						[ 29.2933770399, 40.8519425688 ],
						[ 29.2933899451, 40.8519274739 ],
						[ 29.2934028657, 40.8519123846 ],
						[ 29.2934158005, 40.8518973016 ],
						[ 29.293428747, 40.851882224 ],
						[ 29.2934417054, 40.8518671502 ],
						[ 29.2934546744, 40.85185208 ],
						[ 29.2934676505, 40.8518370117 ],
						[ 29.2934806324, 40.8518219461 ],
						[ 29.2934936203, 40.8518068823 ],
						[ 29.2935066129, 40.8517918185 ],
						[ 29.2935196067, 40.8517767539 ],
						[ 29.2938424494, 40.8514024863 ],
						[ 29.2939077279, 40.851433313 ],
						[ 29.2936633226, 40.8517550465 ],
						[ 29.2936514722, 40.8517706458 ],
						[ 29.293639622, 40.8517862424 ],
						[ 29.2936277681, 40.8518018372 ],
						[ 29.2936159119, 40.8518174293 ],
						[ 29.2936040487, 40.8518330178 ],
						[ 29.2935921795, 40.8518486017 ],
						[ 29.2935803021, 40.851864181 ],
						[ 29.2935684141, 40.851879754 ],
						[ 29.2935565154, 40.8518953215 ],
						[ 29.2935446038, 40.8519108808 ],
						[ 29.2935326769, 40.8519264338 ],
						[ 29.2935207346, 40.8519419776 ],
						[ 29.2935087746, 40.8519575132 ],
						[ 29.2934967909, 40.8519730451 ],
						[ 29.293484804, 40.8519885445 ],
						[ 29.2934172287, 40.8520751923 ],
						[ 29.2933489583, 40.8521615026 ],
						[ 29.293279982, 40.8522474889 ],
						[ 29.2932103034, 40.8523331484 ],
						[ 29.2931399237, 40.8524184768 ],
						[ 29.2930688476, 40.8525034712 ],
						[ 29.2929970632, 40.8525881452 ],
						[ 29.2929841769, 40.8526032231 ],
						[ 29.292971261, 40.8526183016 ],
						[ 29.2929583201, 40.8526333782 ],
						[ 29.2929453615, 40.8526484466 ],
						[ 29.2929323853, 40.8526635077 ],
						[ 29.2929193924, 40.8526785633 ],
						[ 29.2929063866, 40.8526936125 ],
						[ 29.292893369, 40.8527086571 ],
						[ 29.2928803395, 40.8527236971 ],
						[ 29.2928673006, 40.8527387344 ],
						[ 29.2928542534, 40.852753768 ],
						[ 29.2928411991, 40.8527687998 ],
						[ 29.2928281401, 40.8527838306 ],
						[ 29.2928150775, 40.8527988605 ],
						[ 29.2928020126, 40.8528138904 ],
						[ 29.2925027837, 40.8531567742 ]
					]
				]
			},
			"properties" : {
				"ISTASYON" : "Aydıntepe",
				"PROJE_ADI" : "Halkalı - Gebze Marmaray Yüzeysel Metro Hattı",
				"PROJE_ASAMA" : "Mevcut Hattaki İstasyon",
				"HAT_TURU" : "Banliyö",
				"MUDURLUK" : "Ulaştırma Bakanlığı"
			}
		},
		{
			"type" : "Feature",
			"geometry" : {
				"type" : "MultiPolygon",
				"coordinates" : [
					[
						[
							[ 28.766746024, 41.0180751073 ],
							[ 28.7667721748, 41.0180749945 ],
							[ 28.7667720037, 41.0180521713 ],
							[ 28.7667910233, 41.0180520893 ],
							[ 28.7667923449, 41.0181488602 ],
							[ 28.7667459843, 41.0181490593 ],
							[ 28.766746024, 41.0180751073 ]
						]
					],
					[
						[
							[ 28.7666336106, 41.0195443689 ],
							[ 28.7667451726, 41.0195441645 ],
							[ 28.7667448946, 41.019507251 ],
							[ 28.766756782, 41.0195071999 ],
							[ 28.7667570599, 41.0195441134 ],
							[ 28.7668022337, 41.0195439187 ],
							[ 28.7668019545, 41.0195070053 ],
							[ 28.766816221, 41.0195069436 ],
							[ 28.7668164978, 41.0195438571 ],
							[ 28.766850198, 41.0195437125 ],
							[ 28.7668503329, 41.019561719 ],
							[ 28.7666332694, 41.019562654 ],
							[ 28.7666336106, 41.0195443689 ]
						]
					],
					[
						[
							[ 28.7661192991, 41.018801858 ],
							[ 28.7661188773, 41.0188244588 ],
							[ 28.7661004496, 41.0188245388 ],
							[ 28.7660989493, 41.018703765 ],
							[ 28.7661447146, 41.018703568 ],
							[ 28.7661454514, 41.0188017454 ],
							[ 28.7661192991, 41.018801858 ]
						]
					],
					[
						[
							[ 28.7663363612, 41.018800924 ],
							[ 28.7663365304, 41.0188235221 ],
							[ 28.7663175106, 41.018823604 ],
							[ 28.7663160099, 41.0187028301 ],
							[ 28.7663623697, 41.0187026304 ],
							[ 28.7663625123, 41.0188008113 ],
							[ 28.7663363612, 41.018800924 ]
						]
					],
					[
						[
							[ 28.7665289064, 41.0180682455 ],
							[ 28.7665550567, 41.0180679077 ],
							[ 28.766554589, 41.0180453109 ],
							[ 28.7665739058, 41.0180452277 ],
							[ 28.7665754069, 41.0181660015 ],
							[ 28.7665290475, 41.0181662005 ],
							[ 28.7665289064, 41.0180682455 ]
						]
					],
					[
						[
							[ 28.7665330706, 41.0187018957 ],
							[ 28.7665794303, 41.0187016959 ],
							[ 28.766579575, 41.0188000389 ],
							[ 28.7665537177, 41.0187997622 ],
							[ 28.7665535914, 41.0188225868 ],
							[ 28.7665345716, 41.0188226696 ],
							[ 28.7665330706, 41.0187018957 ]
						]
					],
					[
						[
							[ 28.7663118461, 41.0180689548 ],
							[ 28.7663374037, 41.0180688448 ],
							[ 28.7663378278, 41.018046244 ],
							[ 28.7663568473, 41.0180461622 ],
							[ 28.7663583481, 41.018166936 ],
							[ 28.7663119887, 41.0181671358 ],
							[ 28.7663118461, 41.0180689548 ]
						]
					],
					[
						[
							[ 28.7660947963, 41.0180697395 ],
							[ 28.7661197506, 41.0180697824 ],
							[ 28.7661207693, 41.018047179 ],
							[ 28.7661397889, 41.0180470972 ],
							[ 28.7661412892, 41.018167871 ],
							[ 28.7660949298, 41.0181680698 ],
							[ 28.7660947963, 41.0180697395 ]
						]
					],
					[
						[
							[ 28.7667704241, 41.0187912563 ],
							[ 28.7667708918, 41.0188138532 ],
							[ 28.7667515748, 41.0188139364 ],
							[ 28.7667499823, 41.0186811526 ],
							[ 28.7667963433, 41.0186809526 ],
							[ 28.7667965764, 41.0187911436 ],
							[ 28.7667704241, 41.0187912563 ]
						]
					],
					[
						[
							[ 28.7663203747, 41.0189675163 ],
							[ 28.76636198, 41.0189673368 ],
							[ 28.7663601161, 41.0191150029 ],
							[ 28.7663244543, 41.0191151569 ],
							[ 28.7663203747, 41.0189675163 ]
						]
					],
					[
						[
							[ 28.7665764772, 41.0194562221 ],
							[ 28.7661159023, 41.0194582045 ],
							[ 28.7661155713, 41.0194140888 ],
							[ 28.7661417239, 41.0194139762 ],
							[ 28.766141919, 41.0194400854 ],
							[ 28.766306382, 41.019439378 ],
							[ 28.7663066356, 41.019393999 ],
							[ 28.7663292213, 41.0193939022 ],
							[ 28.7663301567, 41.019439275 ],
							[ 28.7665763423, 41.0194382147 ],
							[ 28.7665760002, 41.0193927042 ],
							[ 28.7665987559, 41.0193926064 ],
							[ 28.766600227, 41.019452671 ],
							[ 28.7666329032, 41.0195139106 ],
							[ 28.7666332694, 41.019562654 ],
							[ 28.7665764772, 41.0194562221 ]
						]
					]
				]
			},
			"properties" : {
				"ISTASYON" : "Halkalı",
				"PROJE_ADI" : "Halkalı - Gebze Marmaray Yüzeysel Metro Hattı",
				"PROJE_ASAMA" : "Mevcut Hattaki İstasyon",
				"HAT_TURU" : "Banliyö",
				"MUDURLUK" : "Ulaştırma Bakanlığı"
			}
		},
		{
			"type" : "Feature",
			"geometry" : {
				"type" : "MultiPolygon",
				"coordinates" : [
					[
						[
							[ 28.7727999541, 40.9883084333 ],
							[ 28.7727738847, 40.9884148835 ],
							[ 28.7727273366, 40.988408246 ],
							[ 28.7727529045, 40.988302184 ],
							[ 28.7727999541, 40.9883084333 ]
						]
					],
					[
						[
							[ 28.7730509224, 40.9881975546 ],
							[ 28.77302692, 40.9882976545 ],
							[ 28.7729684675, 40.9882896073 ],
							[ 28.77299247, 40.9881895065 ],
							[ 28.7730509224, 40.9881975546 ]
						]
					],
					[
						[
							[ 28.7729121423, 40.9887763228 ],
							[ 28.7728881394, 40.9888764236 ],
							[ 28.7728296852, 40.9888683754 ],
							[ 28.7728536893, 40.9887682755 ],
							[ 28.7729121423, 40.9887763228 ]
						]
					],
					[
						[
							[ 28.7731984738, 40.9886902158 ],
							[ 28.7731631271, 40.9888363703 ],
							[ 28.7731143189, 40.9888296504 ],
							[ 28.7731470354, 40.9886831339 ],
							[ 28.7731984738, 40.9886902158 ]
						]
					]
				]
			},
			"properties" : {
				"ISTASYON" : "Küçükçekmece",
				"PROJE_ADI" : "Halkalı - Gebze Marmaray Yüzeysel Metro Hattı",
				"PROJE_ASAMA" : "Mevcut Hattaki İstasyon",
				"HAT_TURU" : "Banliyö",
				"MUDURLUK" : "Ulaştırma Bakanlığı"
			}
		},
		{
			"type" : "Feature",
			"geometry" : {
				"type" : "Polygon",
				"coordinates" : [
					[
						[ 28.8808401702, 40.9820323354 ],
						[ 28.8808551089, 40.981980434 ],
						[ 28.8809434583, 40.9819950388 ],
						[ 28.8809918438, 40.9818269439 ],
						[ 28.8807933445, 40.9817941307 ],
						[ 28.8808090696, 40.9817395023 ],
						[ 28.8806657096, 40.9817158045 ],
						[ 28.8806703198, 40.9816976748 ],
						[ 28.8805797776, 40.9816827072 ],
						[ 28.8805919316, 40.9816404829 ],
						[ 28.8806824737, 40.9816554504 ],
						[ 28.8806882451, 40.981637512 ],
						[ 28.880831605, 40.9816612107 ],
						[ 28.8808581924, 40.9815688439 ],
						[ 28.8809847208, 40.9815897596 ],
						[ 28.880999913, 40.9815369791 ],
						[ 28.881137295, 40.9815596882 ],
						[ 28.8811226759, 40.9816162508 ],
						[ 28.8812923602, 40.9816447444 ],
						[ 28.8812622981, 40.9817512973 ],
						[ 28.8813528418, 40.9817662643 ],
						[ 28.8813406882, 40.9818084896 ],
						[ 28.8812495639, 40.9817934269 ],
						[ 28.8812286497, 40.9818660886 ],
						[ 28.8810533671, 40.9818371138 ],
						[ 28.8809900419, 40.98205711 ],
						[ 28.8808401702, 40.9820323354 ]
					]
				]
			},
			"properties" : {
				"ISTASYON" : "Yenimahalle",
				"PROJE_ADI" : "Halkalı - Gebze Marmaray Yüzeysel Metro Hattı",
				"PROJE_ASAMA" : "Mevcut Hattaki İstasyon",
				"HAT_TURU" : "Banliyö",
				"MUDURLUK" : "Ulaştırma Bakanlığı"
			}
		},
		{
			"type" : "Feature",
			"geometry" : {
				"type" : "Polygon",
				"coordinates" : [
					[
						[ 28.9155659627, 40.9928607858 ],
						[ 28.9162773739, 40.9927367064 ],
						[ 28.9166170913, 40.9926780972 ],
						[ 28.916870127, 40.9926373603 ],
						[ 28.9171818219, 40.9925904547 ],
						[ 28.917495434, 40.9925469124 ],
						[ 28.9181853191, 40.9924544406 ],
						[ 28.9181997298, 40.9925073481 ],
						[ 28.9174893468, 40.9926344646 ],
						[ 28.9171647637, 40.9926905245 ],
						[ 28.9169001491, 40.9927325823 ],
						[ 28.9166873356, 40.9927658455 ],
						[ 28.9162710122, 40.9928244505 ],
						[ 28.9157540565, 40.9928935557 ],
						[ 28.9155810461, 40.9929161789 ],
						[ 28.9155659627, 40.9928607858 ]
					]
				]
			},
			"properties" : {
				"ISTASYON" : "Kazlıçeşme",
				"PROJE_ADI" : "Halkalı - Gebze Marmaray Yüzeysel Metro Hattı",
				"PROJE_ASAMA" : "Mevcut Hattaki İstasyon",
				"HAT_TURU" : "Banliyö",
				"MUDURLUK" : "Ulaştırma Bakanlığı"
			}
		},
		{
			"type" : "Feature",
			"geometry" : {
				"type" : "Polygon",
				"coordinates" : [
					[
						[ 28.867049758, 40.9738820642 ],
						[ 28.8669973827, 40.9736861642 ],
						[ 28.869104749, 40.9733625013 ],
						[ 28.8691571291, 40.9735584005 ],
						[ 28.867049758, 40.9738820642 ]
					]
				]
			},
			"properties" : {
				"ISTASYON" : "Bakırköy İDO",
				"PROJE_ADI" : "M3 Kirazlı-Bakırköy İDO Metro Hattı Uzatması",
				"PROJE_ASAMA" : "İnşaat Aşamasında",
				"HAT_TURU" : "Metro",
				"MUDURLUK" : "AYGM"
			}
		},
		{
			"type" : "Feature",
			"geometry" : {
				"type" : "Polygon",
				"coordinates" : [
					[
						[ 28.874341742, 40.9984845975 ],
						[ 28.8751139219, 40.9969742564 ],
						[ 28.8755545441, 40.9971045119 ],
						[ 28.8747725692, 40.9986119582 ],
						[ 28.874341742, 40.9984845975 ]
					]
				]
			},
			"properties" : {
				"ISTASYON" : "İncirli",
				"PROJE_ADI" : "M3 Kirazlı-Bakırköy İDO Metro Hattı Uzatması",
				"PROJE_ASAMA" : "İnşaat Aşamasında",
				"HAT_TURU" : "Metro",
				"MUDURLUK" : "AYGM"
			}
		},
		{
			"type" : "Feature",
			"geometry" : {
				"type" : "MultiPolygon",
				"coordinates" : [
					[
						[
							[ 28.866753757, 41.0107347273 ],
							[ 28.8667799142, 41.0108596968 ],
							[ 28.8666309323, 41.0110016157 ],
							[ 28.8664913803, 41.0109175597 ],
							[ 28.8666170046, 41.0108000887 ],
							[ 28.8666109384, 41.010771107 ],
							[ 28.8664367933, 41.0106838268 ],
							[ 28.8665023819, 41.0106087388 ],
							[ 28.866753757, 41.0107347273 ]
						]
					],
					[
						[
							[ 28.8649595618, 41.0123445448 ],
							[ 28.8645413985, 41.0120594247 ],
							[ 28.8647680429, 41.0118687091 ],
							[ 28.8649262967, 41.0119766129 ],
							[ 28.8653823074, 41.0117690016 ],
							[ 28.8655278071, 41.0116465634 ],
							[ 28.8656167496, 41.0117072063 ],
							[ 28.8649595618, 41.0123445448 ]
						]
					]
				]
			},
			"properties" : {
				"ISTASYON" : "İlkyuva",
				"PROJE_ADI" : "M3 Kirazlı-Bakırköy İDO Metro Hattı Uzatması",
				"PROJE_ASAMA" : "İnşaat Aşamasında",
				"HAT_TURU" : "Metro",
				"MUDURLUK" : "AYGM"
			}
		},
		{
			"type" : "Feature",
			"geometry" : {
				"type" : "MultiPolygon",
				"coordinates" : [
					[
						[
							[ 28.8716514863, 41.004854447 ],
							[ 28.871549365, 41.0049680055 ],
							[ 28.8714727496, 41.0049284654 ],
							[ 28.8715748709, 41.0048149079 ],
							[ 28.8716514863, 41.004854447 ]
						]
					],
					[
						[
							[ 28.8715142936, 41.0046304606 ],
							[ 28.8714365656, 41.004638459 ],
							[ 28.8714061719, 41.0044689465 ],
							[ 28.8714838997, 41.0044609482 ],
							[ 28.8715142936, 41.0046304606 ]
						]
					]
				]
			},
			"properties" : {
				"ISTASYON" : "Haznedar",
				"PROJE_ADI" : "M3 Kirazlı-Bakırköy İDO Metro Hattı Uzatması",
				"PROJE_ASAMA" : "İnşaat Aşamasında",
				"HAT_TURU" : "Metro",
				"MUDURLUK" : "AYGM"
			}
		},
		{
			"type" : "Feature",
			"geometry" : {
				"type" : "MultiPolygon",
				"coordinates" : [
					[
						[
							[ 28.8575576854, 41.0194742686 ],
							[ 28.8573719344, 41.0195202385 ],
							[ 28.8573440568, 41.0194556233 ],
							[ 28.8575298089, 41.0194096535 ],
							[ 28.8575576854, 41.0194742686 ]
						]
					],
					[
						[
							[ 28.8583487975, 41.0194248232 ],
							[ 28.8581260348, 41.0194799543 ],
							[ 28.8580957229, 41.0194110029 ],
							[ 28.8583191421, 41.0193559118 ],
							[ 28.8583487975, 41.0194248232 ]
						]
					]
				]
			},
			"properties" : {
				"ISTASYON" : "Yıldıztepe",
				"PROJE_ADI" : "M3 Kirazlı-Bakırköy İDO Metro Hattı Uzatması",
				"PROJE_ASAMA" : "İnşaat Aşamasında",
				"HAT_TURU" : "Metro",
				"MUDURLUK" : "AYGM"
			}
		},
		{
			"type" : "Feature",
			"geometry" : {
				"type" : "Polygon",
				"coordinates" : [
					[
						[ 28.8222998087, 41.0004830434 ],
						[ 28.82234438, 41.0002477609 ],
						[ 28.8227522229, 40.9980947661 ],
						[ 28.8228263319, 40.9981028237 ],
						[ 28.8228113444, 40.9981819415 ],
						[ 28.8229136862, 40.9981930689 ],
						[ 28.8229286724, 40.9981139511 ],
						[ 28.8230027814, 40.9981220087 ],
						[ 28.8225503771, 41.000510288 ],
						[ 28.8224762655, 41.0005022302 ],
						[ 28.8225208363, 41.0002669467 ],
						[ 28.8224184913, 41.0002558189 ],
						[ 28.8223739202, 41.0004911023 ],
						[ 28.8222998087, 41.0004830434 ]
					]
				]
			},
			"properties" : {
				"ISTASYON" : "Çobançeşme - Kuyumcukent",
				"PROJE_ADI" : "M9 (U1) Ataköy -  Bahariye Hattı",
				"PROJE_ASAMA" : "İnşaat Aşamasında",
				"HAT_TURU" : "Metro",
				"MUDURLUK" : "Avrupa Yakası Raylı Sistemler Müdürlüğü"
			}
		},
		{
			"type" : "Feature",
			"geometry" : {
				"type" : "Polygon",
				"coordinates" : [
					[
						[ 28.8181410492, 41.0066794317 ],
						[ 28.818158251, 41.0066410686 ],
						[ 28.8181533206, 41.0066398006 ],
						[ 28.8186120148, 41.0056167775 ],
						[ 28.818616944, 41.0056180464 ],
						[ 28.8186341452, 41.0055796831 ],
						[ 28.8187050432, 41.0055979251 ],
						[ 28.8186878432, 41.0056362883 ],
						[ 28.8187224362, 41.0056451889 ],
						[ 28.8186980995, 41.0056994681 ],
						[ 28.8189624357, 41.0057674821 ],
						[ 28.8189867793, 41.0057132047 ],
						[ 28.8190213581, 41.0057221015 ],
						[ 28.8190385591, 41.0056837382 ],
						[ 28.8191094585, 41.0057019808 ],
						[ 28.8190922576, 41.0057403441 ],
						[ 28.8190971879, 41.0057416129 ],
						[ 28.8186384861, 41.0067646334 ],
						[ 28.8186335698, 41.0067633683 ],
						[ 28.8186163695, 41.0068017324 ],
						[ 28.8185454691, 41.0067834895 ],
						[ 28.8185626706, 41.0067451263 ],
						[ 28.8185280771, 41.0067362256 ],
						[ 28.8185524228, 41.0066819385 ],
						[ 28.8182875745, 41.0066133339 ],
						[ 28.8182637434, 41.0066682125 ],
						[ 28.81822915, 41.0066593117 ],
						[ 28.8182119494, 41.0066976749 ],
						[ 28.8181410492, 41.0066794317 ]
					]
				]
			},
			"properties" : {
				"ISTASYON" : "İhlas Yuva",
				"PROJE_ADI" : "M9 (U1) Ataköy -  Bahariye Hattı",
				"PROJE_ASAMA" : "İnşaat Aşamasında",
				"HAT_TURU" : "Metro",
				"MUDURLUK" : "Avrupa Yakası Raylı Sistemler Müdürlüğü"
			}
		},
		{
			"type" : "Feature",
			"geometry" : {
				"type" : "MultiPolygon",
				"coordinates" : [
					[
						[
							[ 28.8084247334, 41.0453847204 ],
							[ 28.8076699692, 41.0454103246 ],
							[ 28.8076744663, 41.0453446957 ],
							[ 28.8084208658, 41.0453193795 ],
							[ 28.8084247334, 41.0453847204 ]
						]
					],
					[
						[
							[ 28.8059068917, 41.0454701159 ],
							[ 28.8046843061, 41.0455115608 ],
							[ 28.8046804412, 41.0454462152 ],
							[ 28.8058481512, 41.0454066356 ],
							[ 28.8059068917, 41.0454701159 ]
						]
					],
					[
						[
							[ 28.8062316619, 41.0454743029 ],
							[ 28.8060173807, 41.0455879518 ],
							[ 28.8057157875, 41.04526202 ],
							[ 28.8059300693, 41.0451483716 ],
							[ 28.8062316619, 41.0454743029 ]
						]
					],
					[
						[
							[ 28.8068953943, 41.0459802524 ],
							[ 28.8068090537, 41.0459779853 ],
							[ 28.8068337607, 41.0454386859 ],
							[ 28.8062194339, 41.0454595181 ],
							[ 28.8061606895, 41.0453960335 ],
							[ 28.8074858828, 41.0453510921 ],
							[ 28.8074813843, 41.045416722 ],
							[ 28.8069203457, 41.0454357502 ],
							[ 28.8068953943, 41.0459802524 ]
						]
					],
					[
						[
							[ 28.8086589975, 41.0469464869 ],
							[ 28.8085675493, 41.0469500985 ],
							[ 28.8085659496, 41.0469268914 ],
							[ 28.8091745542, 41.0462457597 ],
							[ 28.8091247897, 41.0453609618 ],
							[ 28.8092111031, 41.0453580341 ],
							[ 28.8092673925, 41.0462655894 ],
							[ 28.8091191238, 41.046431528 ],
							[ 28.8091486754, 41.0464466617 ],
							[ 28.8090790435, 41.0465245918 ],
							[ 28.8090494919, 41.0465094581 ],
							[ 28.8086589975, 41.0469464869 ]
						]
					],
					[
						[
							[ 28.8076888668, 41.0445235145 ],
							[ 28.807727348, 41.0445558365 ],
							[ 28.8076669945, 41.045436427 ],
							[ 28.8074817237, 41.0454291487 ],
							[ 28.8075228896, 41.0448285472 ],
							[ 28.8074308792, 41.0446376512 ],
							[ 28.807543149, 41.0445177891 ],
							[ 28.8076888668, 41.0445235145 ]
						]
					],
					[
						[
							[ 28.8115688603, 41.0457343684 ],
							[ 28.8114919725, 41.0457686012 ],
							[ 28.8111242318, 41.0452930944 ],
							[ 28.8088666815, 41.0453696899 ],
							[ 28.8088628147, 41.0453043499 ],
							[ 28.810205106, 41.0452588175 ],
							[ 28.8102064764, 41.0450417804 ],
							[ 28.8102929372, 41.0450321669 ],
							[ 28.810289696, 41.0452563448 ],
							[ 28.8112472085, 41.0452234507 ],
							[ 28.8112510776, 41.0452887961 ],
							[ 28.8112218947, 41.0452897871 ],
							[ 28.8115688603, 41.0457343684 ]
						]
					]
				]
			},
			"properties" : {
				"ISTASYON" : "Halkalı Caddesi",
				"PROJE_ADI" : "M9 (U1) Ataköy -  Bahariye Hattı",
				"PROJE_ASAMA" : "İnşaat Aşamasında",
				"HAT_TURU" : "Metro",
				"MUDURLUK" : "Avrupa Yakası Raylı Sistemler Müdürlüğü"
			}
		},
		{
			"type" : "Feature",
			"geometry" : {
				"type" : "Polygon",
				"coordinates" : [
					[
						[ 28.926641603, 41.0795846468 ],
						[ 28.9281228956, 41.079509125 ],
						[ 28.928119395, 41.0794690431 ],
						[ 28.9282017354, 41.0794648964 ],
						[ 28.9282052379, 41.079505008 ],
						[ 28.9295284775, 41.0794388443 ],
						[ 28.9295363439, 41.079529081 ],
						[ 28.9295185621, 41.0795299684 ],
						[ 28.9295332767, 41.079698742 ],
						[ 28.9295510835, 41.079697854 ],
						[ 28.9295589499, 41.0797880897 ],
						[ 28.9282357306, 41.079854253 ],
						[ 28.9282380453, 41.0798807543 ],
						[ 28.9281556942, 41.0798848713 ],
						[ 28.9281533795, 41.0798583709 ],
						[ 28.926676123, 41.079933583 ],
						[ 28.9266661757, 41.0798434916 ],
						[ 28.9266840449, 41.0798423614 ],
						[ 28.9266693163, 41.0796736485 ],
						[ 28.926651614, 41.0796747613 ],
						[ 28.926641603, 41.0795846468 ]
					]
				]
			},
			"properties" : {
				"ISTASYON" : "Veysel Karani - Akşemsettin",
				"PROJE_ADI" : "M7 Yıldız - Mahmutbey Metro Hattı",
				"PROJE_ASAMA" : "Mevcut Hattaki İstasyon",
				"HAT_TURU" : "Metro",
				"MUDURLUK" : "Avrupa Yakası Raylı Sistemler Müdürlüğü"
			}
		},
		{
			"type" : "Feature",
			"geometry" : {
				"type" : "Polygon",
				"coordinates" : [
					[
						[ 28.9933746384, 41.0656154903 ],
						[ 28.9933501308, 41.0655631825 ],
						[ 28.9967886959, 41.0647011156 ],
						[ 28.9967728493, 41.0646647765 ],
						[ 28.9968512043, 41.0646452034 ],
						[ 28.996867052, 41.0646815443 ],
						[ 28.9971859174, 41.0646018877 ],
						[ 28.9972204218, 41.0646810102 ],
						[ 28.9971825789, 41.0646904659 ],
						[ 28.9972551208, 41.0648568122 ],
						[ 28.9972929662, 41.0648473601 ],
						[ 28.9973274709, 41.0649264826 ],
						[ 28.9970086029, 41.0650061377 ],
						[ 28.9970244486, 41.0650424731 ],
						[ 28.9969460932, 41.0650620463 ],
						[ 28.9969302464, 41.0650257091 ],
						[ 28.9934906627, 41.0658817249 ],
						[ 28.9934685253, 41.0658309532 ],
						[ 28.9936146562, 41.0657944546 ],
						[ 28.9935198656, 41.0655770624 ],
						[ 28.9933746384, 41.0656154903 ]
					]
				]
			},
			"properties" : {
				"ISTASYON" : "Mecidiyeköy",
				"PROJE_ADI" : "M7 Yıldız - Mahmutbey Metro Hattı",
				"PROJE_ASAMA" : "Mevcut Hattaki İstasyon",
				"HAT_TURU" : "Metro",
				"MUDURLUK" : "Avrupa Yakası Raylı Sistemler Müdürlüğü"
			}
		},
		{
			"type" : "Feature",
			"geometry" : {
				"type" : "Polygon",
				"coordinates" : [
					[
						[ 28.9942663627, 41.1032569943 ],
						[ 28.9946157454, 41.1030305948 ],
						[ 28.9947342908, 41.1031352659 ],
						[ 28.9946208438, 41.10320878 ],
						[ 28.9946463991, 41.1032313445 ],
						[ 28.994524816, 41.1033101298 ],
						[ 28.994483788, 41.1032739041 ],
						[ 28.9943694364, 41.1033480035 ],
						[ 28.9942663627, 41.1032569943 ]
					]
				]
			},
			"properties" : {
				"ISTASYON" : "1. İstasyon",
				"PROJE_ADI" : "Cendere Vadisi -Seyrantepe Füniküler Hattı",
				"PROJE_ASAMA" : "Mevcut Hattaki İstasyon",
				"HAT_TURU" : "Metro",
				"MUDURLUK" : "Avrupa Yakası Raylı Sistemler Müdürlüğü"
			}
		},
		{
			"type" : "Feature",
			"geometry" : {
				"type" : "MultiPolygon",
				"coordinates" : [
					[
						[
							[ 29.2912016687, 40.8564967239 ],
							[ 29.2911399108, 40.856533236 ],
							[ 29.2910502916, 40.8564458479 ],
							[ 29.2910530987, 40.8564441884 ],
							[ 29.291034884, 40.8564264263 ],
							[ 29.2910910276, 40.856393234 ],
							[ 29.2911092434, 40.8564109962 ],
							[ 29.2911120505, 40.8564093358 ],
							[ 29.2912016687, 40.8564967239 ]
						]
					],
					[
						[
							[ 29.2930391242, 40.8576464997 ],
							[ 29.2929669929, 40.8576695762 ],
							[ 29.2928847167, 40.85752132 ],
							[ 29.2928879953, 40.8575202712 ],
							[ 29.292876484, 40.8574995257 ],
							[ 29.2929420568, 40.8574785477 ],
							[ 29.2929535729, 40.8574992914 ],
							[ 29.2929568491, 40.8574982435 ],
							[ 29.2930391242, 40.8576464997 ]
						]
					]
				]
			},
			"properties" : {
				"ISTASYON" : "Aydıntepe",
				"PROJE_ADI" : "M4 Tavşantepe - Tuzla Metro Hattı Uzatması",
				"PROJE_ASAMA" : "İnşaat Aşamasında",
				"HAT_TURU" : "Metro",
				"MUDURLUK" : "Anadolu Yakası Raylı Sistemler Müdürlüğü"
			}
		},
		{
			"type" : "Feature",
			"geometry" : {
				"type" : "Polygon",
				"coordinates" : [
					[
						[ 29.3023364985, 40.8434068411 ],
						[ 29.3021555606, 40.8435617959 ],
						[ 29.3019413858, 40.8434175663 ],
						[ 29.3013526202, 40.8438842182 ],
						[ 29.3013701717, 40.8438969889 ],
						[ 29.2999007836, 40.8450619573 ],
						[ 29.2999342692, 40.8450856873 ],
						[ 29.2999507924, 40.8454217649 ],
						[ 29.2999932693, 40.8454526723 ],
						[ 29.3000285441, 40.8454247158 ],
						[ 29.3000651771, 40.8454513707 ],
						[ 29.299875073, 40.8456036144 ],
						[ 29.299837402, 40.8455762039 ],
						[ 29.299932563, 40.8455007847 ],
						[ 29.2998644337, 40.8454512123 ],
						[ 29.2998479109, 40.8451151338 ],
						[ 29.2998403842, 40.8451097816 ],
						[ 29.2982097627, 40.8464017424 ],
						[ 29.2979957232, 40.8462459965 ],
						[ 29.2988009227, 40.8456078706 ],
						[ 29.2985564911, 40.8454300089 ],
						[ 29.2994072036, 40.8447557968 ],
						[ 29.2991811802, 40.8445913302 ],
						[ 29.3002582862, 40.8437376682 ],
						[ 29.3007278841, 40.8440793675 ],
						[ 29.3011552772, 40.8437406249 ],
						[ 29.3012986821, 40.8438449711 ],
						[ 29.3018854544, 40.8433799003 ],
						[ 29.3018255411, 40.8433395537 ],
						[ 29.3020064802, 40.8431845994 ],
						[ 29.3023364985, 40.8434068411 ]
					]
				]
			},
			"properties" : {
				"ISTASYON" : "Tuzla Belediye",
				"PROJE_ADI" : "M4 Tavşantepe - Tuzla Metro Hattı Uzatması",
				"PROJE_ASAMA" : "İnşaat Aşamasında",
				"HAT_TURU" : "Metro",
				"MUDURLUK" : "Anadolu Yakası Raylı Sistemler Müdürlüğü"
			}
		},
		{
			"type" : "Feature",
			"geometry" : {
				"type" : "MultiPolygon",
				"coordinates" : [
					[
						[
							[ 29.2289216323, 40.9919165845 ],
							[ 29.2288523798, 40.9919037859 ],
							[ 29.2288594193, 40.9918819168 ],
							[ 29.2288559566, 40.991881276 ],
							[ 29.2288921335, 40.9917689127 ],
							[ 29.2289683304, 40.9917829742 ],
							[ 29.2289321462, 40.9918953573 ],
							[ 29.228928674, 40.9918947154 ],
							[ 29.2289216323, 40.9919165845 ]
						]
					],
					[
						[
							[ 29.2295638192, 40.990180744 ],
							[ 29.2294908598, 40.9901504702 ],
							[ 29.2294910936, 40.9901504934 ],
							[ 29.2295862955, 40.9900222496 ],
							[ 29.2296549972, 40.9900507569 ],
							[ 29.2295638192, 40.990180744 ]
						]
					],
					[
						[
							[ 29.2285536839, 40.9895937233 ],
							[ 29.2284768451, 40.9896055975 ],
							[ 29.2284226496, 40.989413476 ],
							[ 29.2284993412, 40.9894010552 ],
							[ 29.2285536839, 40.9895937233 ]
						]
					]
				]
			},
			"properties" : {
				"ISTASYON" : "Sancaktepe",
				"PROJE_ADI" : "M5 Çekmeköy-Sultanbeyli Metro Hattı Uzatması",
				"PROJE_ASAMA" : "İnşaat Aşamasında",
				"HAT_TURU" : "Metro",
				"MUDURLUK" : "Anadolu Yakası Raylı Sistemler Müdürlüğü"
			}
		},
		{
			"type" : "Feature",
			"geometry" : {
				"type" : "Polygon",
				"coordinates" : [
					[
						[ 29.2551354907, 40.9689431486 ],
						[ 29.2547893562, 40.9688402027 ],
						[ 29.2547841489, 40.9688502614 ],
						[ 29.2544844423, 40.9687611225 ],
						[ 29.254462059, 40.9687747781 ],
						[ 29.2542760891, 40.9687194668 ],
						[ 29.2542430423, 40.9686518808 ],
						[ 29.2544174327, 40.9683150202 ],
						[ 29.2544467837, 40.9683174837 ],
						[ 29.2544628501, 40.9682864479 ],
						[ 29.2544512799, 40.9682830063 ],
						[ 29.2541369764, 40.9683090325 ],
						[ 29.254128979, 40.9682535359 ],
						[ 29.2544732246, 40.9682250309 ],
						[ 29.2545603504, 40.968250944 ],
						[ 29.2545226086, 40.9683238468 ],
						[ 29.254592254, 40.9683322869 ],
						[ 29.2546370655, 40.9683456152 ],
						[ 29.2546661286, 40.9684136868 ],
						[ 29.254686921, 40.9684383533 ],
						[ 29.2547149469, 40.9684577674 ],
						[ 29.2547490695, 40.9684814044 ],
						[ 29.2547830988, 40.9685001324 ],
						[ 29.2548192293, 40.9685165768 ],
						[ 29.2548701508, 40.9685353879 ],
						[ 29.254895737, 40.9685444236 ],
						[ 29.2552823732, 40.968659416 ],
						[ 29.2552292047, 40.9687621218 ],
						[ 29.2552079132, 40.9688498456 ],
						[ 29.2551854159, 40.968846708 ],
						[ 29.2551649334, 40.9688855069 ],
						[ 29.255581789, 40.9690091426 ],
						[ 29.2555583579, 40.9690544058 ],
						[ 29.2551417956, 40.9689299166 ],
						[ 29.2551354907, 40.9689431486 ]
					]
				]
			},
			"properties" : {
				"ISTASYON" : "Hasanpaşa",
				"PROJE_ADI" : "M5 Çekmeköy-Sultanbeyli Metro Hattı Uzatması",
				"PROJE_ASAMA" : "İnşaat Aşamasında",
				"HAT_TURU" : "Metro",
				"MUDURLUK" : "Anadolu Yakası Raylı Sistemler Müdürlüğü"
			}
		},
		{
			"type" : "Feature",
			"geometry" : {
				"type" : "Polygon",
				"coordinates" : [
					[
						[ 29.1988528303, 41.0095407856 ],
						[ 29.1988144587, 41.0094889537 ],
						[ 29.1989488045, 41.009431885 ],
						[ 29.1989505484, 41.009434241 ],
						[ 29.1989764685, 41.0094232312 ],
						[ 29.1990113525, 41.009470352 ],
						[ 29.1989854335, 41.0094813627 ],
						[ 29.1989871774, 41.0094837186 ],
						[ 29.1988528303, 41.0095407856 ]
					]
				]
			},
			"properties" : {
				"ISTASYON" : "Meclis Mahallesi",
				"PROJE_ADI" : "M5 Çekmeköy-Sultanbeyli Metro Hattı Uzatması",
				"PROJE_ASAMA" : "İnşaat Aşamasında",
				"HAT_TURU" : "Metro",
				"MUDURLUK" : "Anadolu Yakası Raylı Sistemler Müdürlüğü"
			}
		},
		{
			"type" : "Feature",
			"geometry" : {
				"type" : "Polygon",
				"coordinates" : [
					[
						[ 29.2309418304, 40.9837612372 ],
						[ 29.2311197532, 40.9834634893 ],
						[ 29.2312412596, 40.9835051848 ],
						[ 29.2313321197, 40.9834701597 ],
						[ 29.2314580813, 40.9835795872 ],
						[ 29.2316395912, 40.9836418714 ],
						[ 29.2318615809, 40.9838078693 ],
						[ 29.2317183203, 40.984047616 ],
						[ 29.2315825922, 40.9840999363 ],
						[ 29.2314283937, 40.9839282011 ],
						[ 29.2309418304, 40.9837612372 ]
					]
				]
			},
			"properties" : {
				"ISTASYON" : "Samandıra Merkez",
				"PROJE_ADI" : "M5 Çekmeköy-Sultanbeyli Metro Hattı Uzatması",
				"PROJE_ASAMA" : "İnşaat Aşamasında",
				"HAT_TURU" : "Metro",
				"MUDURLUK" : "Anadolu Yakası Raylı Sistemler Müdürlüğü"
			}
		},
		{
			"type" : "Feature",
			"geometry" : {
				"type" : "Polygon",
				"coordinates" : [
					[
						[ 29.2106905141, 41.0103488627 ],
						[ 29.213285524, 41.0096226576 ],
						[ 29.2133140506, 41.0096811465 ],
						[ 29.2132705877, 41.0096933103 ],
						[ 29.2132999394, 41.0097534896 ],
						[ 29.2133166645, 41.0097488089 ],
						[ 29.2133621845, 41.0098421378 ],
						[ 29.2133454593, 41.0098468186 ],
						[ 29.21337481, 41.009906997 ],
						[ 29.2134182742, 41.0098948332 ],
						[ 29.213446801, 41.009953323 ],
						[ 29.210851781, 41.0106795316 ],
						[ 29.2108232574, 41.0106210412 ],
						[ 29.2108667213, 41.0106088783 ],
						[ 29.2108373715, 41.0105486993 ],
						[ 29.2108206459, 41.0105533797 ],
						[ 29.2107751291, 41.0104600489 ],
						[ 29.2107918546, 41.0104553685 ],
						[ 29.2107625049, 41.0103951895 ],
						[ 29.2107190411, 41.0104073523 ],
						[ 29.2106905141, 41.0103488627 ]
					]
				]
			},
			"properties" : {
				"ISTASYON" : "Sarıgazi",
				"PROJE_ADI" : "M5 Çekmeköy-Sultanbeyli Metro Hattı Uzatması",
				"PROJE_ASAMA" : "İnşaat Aşamasında",
				"HAT_TURU" : "Metro",
				"MUDURLUK" : "Anadolu Yakası Raylı Sistemler Müdürlüğü"
			}
		},
		{
			"type" : "Feature",
			"geometry" : {
				"type" : "Polygon",
				"coordinates" : [
					[
						[ 29.2170372681, 41.0015879639 ],
						[ 29.2177903113, 41.0001452521 ],
						[ 29.21806545, 41.0002278183 ],
						[ 29.2173111251, 41.0016691769 ],
						[ 29.2170372681, 41.0015879639 ]
					]
				]
			},
			"properties" : {
				"ISTASYON" : "Sancaktepe Şehir Hastanesi",
				"PROJE_ADI" : "M5 Çekmeköy-Sultanbeyli Metro Hattı Uzatması",
				"PROJE_ASAMA" : "İnşaat Aşamasında",
				"HAT_TURU" : "Metro",
				"MUDURLUK" : "Anadolu Yakası Raylı Sistemler Müdürlüğü"
			}
		},
		{
			"type" : "Feature",
			"geometry" : {
				"type" : "Polygon",
				"coordinates" : [
					[
						[ 29.2393270913, 40.8878782292 ],
						[ 29.2397056622, 40.8881956927 ],
						[ 29.2377305711, 40.8895694269 ],
						[ 29.2373493801, 40.8892537839 ],
						[ 29.2393270913, 40.8878782292 ]
					]
				]
			},
			"properties" : {
				"ISTASYON" : "Pendik",
				"PROJE_ADI" : "M4 Kadıköy - SGH Metro Hattı",
				"PROJE_ASAMA" : "Mevcut Hattaki İstasyon",
				"HAT_TURU" : "Metro",
				"MUDURLUK" : "Anadolu Yakası Raylı Sistemler Müdürlüğü"
			}
		},
		{
			"type" : "Feature",
			"geometry" : {
				"type" : "Polygon",
				"coordinates" : [
					[
						[ 29.2259862014, 40.8971973585 ],
						[ 29.2281279762, 40.8959756643 ],
						[ 29.2284099795, 40.8962603236 ],
						[ 29.2262681829, 40.8974820048 ],
						[ 29.2259862014, 40.8971973585 ]
					]
				]
			},
			"properties" : {
				"ISTASYON" : "Yakacık - Adnan Kahveci",
				"PROJE_ADI" : "M4 Kadıköy - SGH Metro Hattı",
				"PROJE_ASAMA" : "Mevcut Hattaki İstasyon",
				"HAT_TURU" : "Metro",
				"MUDURLUK" : "Anadolu Yakası Raylı Sistemler Müdürlüğü"
			}
		},
		{
			"type" : "Feature",
			"geometry" : {
				"type" : "Polygon",
				"coordinates" : [
					[
						[ 29.2284755235, 40.9896058111 ],
						[ 29.2285573076, 40.9895931848 ],
						[ 29.2286209848, 40.9898254417 ],
						[ 29.2292904739, 40.990521551 ],
						[ 29.2293460203, 40.9903508767 ],
						[ 29.2294908598, 40.9901504702 ],
						[ 29.2295638192, 40.990180744 ],
						[ 29.2294681954, 40.9903130532 ],
						[ 29.2295351194, 40.9903407581 ],
						[ 29.2294774649, 40.9904205203 ],
						[ 29.2294453016, 40.9904072398 ],
						[ 29.2292531381, 40.9910047729 ],
						[ 29.2293293817, 40.9909954578 ],
						[ 29.2294779884, 40.9910350464 ],
						[ 29.2295447562, 40.9910910363 ],
						[ 29.2294186408, 40.9913628371 ],
						[ 29.229390614, 40.9913553705 ],
						[ 29.2292471439, 40.9916645697 ],
						[ 29.2290276161, 40.9916060895 ],
						[ 29.2289705418, 40.9917834032 ],
						[ 29.2289683254, 40.9917829931 ],
						[ 29.2289321462, 40.9918953573 ],
						[ 29.228928674, 40.9918947154 ],
						[ 29.2289216323, 40.9919165845 ],
						[ 29.2288523787, 40.9919037859 ],
						[ 29.2288594193, 40.9918819168 ],
						[ 29.2288559566, 40.991881276 ],
						[ 29.2289488606, 40.9915851089 ],
						[ 29.2289250975, 40.9915787783 ],
						[ 29.2291196306, 40.9909744182 ],
						[ 29.2291432679, 40.9909807155 ],
						[ 29.2292654036, 40.9905994383 ],
						[ 29.2285314814, 40.9898400649 ],
						[ 29.2284489806, 40.9898526819 ],
						[ 29.2284251364, 40.9897663102 ],
						[ 29.2285158621, 40.9897519302 ],
						[ 29.2284758043, 40.989605786 ],
						[ 29.2284755235, 40.9896058111 ]
					]
				]
			},
			"properties" : {
				"ISTASYON" : "Sancaktepe",
				"PROJE_ADI" : "M5 Çekmeköy-Sultanbeyli Metro Hattı Uzatması",
				"PROJE_ASAMA" : "İnşaat Aşamasında",
				"HAT_TURU" : "Metro",
				"MUDURLUK" : "Anadolu Yakası Raylı Sistemler Müdürlüğü"
			}
		},
		{
			"type" : "Feature",
			"geometry" : {
				"type" : "Polygon",
				"coordinates" : [
					[
						[ 29.1392737863, 41.016787505 ],
						[ 29.1392409098, 41.0164380266 ],
						[ 29.141849917, 41.0162970237 ],
						[ 29.1418824221, 41.016646866 ],
						[ 29.1392737863, 41.016787505 ]
					]
				]
			},
			"properties" : {
				"ISTASYON" : "Altınşehir",
				"PROJE_ADI" : "M5 Üsküdar - Çekmeköy Metro Hattı",
				"PROJE_ASAMA" : "Mevcut Hattaki İstasyon",
				"HAT_TURU" : "Metro",
				"MUDURLUK" : "Anadolu Yakası Raylı Sistemler Müdürlüğü"
			}
		},
		{
			"type" : "Feature",
			"geometry" : {
				"type" : "MultiPolygon",
				"coordinates" : [
					[
						[
							[ 28.7696022144, 41.0786331813 ],
							[ 28.7694815936, 41.0789159233 ],
							[ 28.769179598, 41.0788421548 ],
							[ 28.7691717224, 41.0788591517 ],
							[ 28.7690088485, 41.0788193661 ],
							[ 28.7690570977, 41.078706269 ],
							[ 28.7691362726, 41.0787256095 ],
							[ 28.7691811592, 41.0786203938 ],
							[ 28.769264986, 41.0786420026 ],
							[ 28.76930022, 41.0785594123 ],
							[ 28.7696022144, 41.0786331813 ]
						]
					],
					[
						[
							[ 28.7703702466, 41.0770582405 ],
							[ 28.7701885922, 41.07748407 ],
							[ 28.7700415571, 41.0774481529 ],
							[ 28.7698125346, 41.0773409382 ],
							[ 28.7699314188, 41.077060793 ],
							[ 28.7696944421, 41.0770029057 ],
							[ 28.7697209387, 41.0769393675 ],
							[ 28.7698136933, 41.0769620257 ],
							[ 28.7698392786, 41.0769020498 ],
							[ 28.7699840512, 41.0769374135 ],
							[ 28.7699743831, 41.0769615425 ],
							[ 28.7703702466, 41.0770582405 ]
						]
					]
				]
			},
			"properties" : {
				"ISTASYON" : "Olimpiyat",
				"PROJE_ADI" : "M11 Halkalı - İstanbul Havalimanı Metro Hattı",
				"PROJE_ASAMA" : "İnşaat Aşamasında",
				"HAT_TURU" : "Metro",
				"MUDURLUK" : "AYGM"
			}
		},
		{
			"type" : "Feature",
			"geometry" : {
				"type" : "Polygon",
				"coordinates" : [
					[
						[ 28.7655114881, 41.1185376699 ],
						[ 28.7654569502, 41.1162873552 ],
						[ 28.7659178916, 41.116280822 ],
						[ 28.7659688745, 41.1185311912 ],
						[ 28.7655114881, 41.1185376699 ]
					]
				]
			},
			"properties" : {
				"ISTASYON" : "Kayaşehir Merkez",
				"PROJE_ADI" : "M11 Halkalı - İstanbul Havalimanı Metro Hattı",
				"PROJE_ASAMA" : "İnşaat Aşamasında",
				"HAT_TURU" : "Metro",
				"MUDURLUK" : "AYGM"
			}
		},
		{
			"type" : "Feature",
			"geometry" : {
				"type" : "Polygon",
				"coordinates" : [
					[
						[ 29.2822177154, 40.8567582976 ],
						[ 29.282229982, 40.8567584108 ],
						[ 29.2823583659, 40.8567603019 ],
						[ 29.282486728, 40.8567628969 ],
						[ 29.2826150635, 40.8567661957 ],
						[ 29.282743363, 40.8567701983 ],
						[ 29.2828716217, 40.8567749048 ],
						[ 29.2829998314, 40.8567803149 ],
						[ 29.2831279872, 40.8567864287 ],
						[ 29.2832561165, 40.8567932465 ],
						[ 29.2848792178, 40.856884076 ],
						[ 29.2848738693, 40.8569391898 ],
						[ 29.2848010561, 40.8569395722 ],
						[ 29.2846796167, 40.8569395792 ],
						[ 29.2845581804, 40.8569389557 ],
						[ 29.2844367522, 40.8569377027 ],
						[ 29.2843153378, 40.8569358194 ],
						[ 29.2841939433, 40.8569333057 ],
						[ 29.2840725746, 40.8569301617 ],
						[ 29.2839512364, 40.8569263884 ],
						[ 29.2838299358, 40.8569219857 ],
						[ 29.2837086764, 40.8569169528 ],
						[ 29.2835874392, 40.8569112905 ],
						[ 29.2835653004, 40.8569101886 ],
						[ 29.2835431345, 40.8569090649 ],
						[ 29.28352097, 40.8569079232 ],
						[ 29.283498814, 40.8569067644 ],
						[ 29.2834766474, 40.8569055903 ],
						[ 29.2834544811, 40.8569044008 ],
						[ 29.2834323149, 40.8569031979 ],
						[ 29.2834101476, 40.8569019832 ],
						[ 29.2833879805, 40.8569007586 ],
						[ 29.2833658122, 40.8568995241 ],
						[ 29.2833436429, 40.8568982815 ],
						[ 29.2833214736, 40.8568970326 ],
						[ 29.2832993032, 40.8568957782 ],
						[ 29.2832771317, 40.8568945203 ],
						[ 29.2832549578, 40.8568932587 ],
						[ 29.2832327839, 40.8568919962 ],
						[ 29.2823340181, 40.8568408105 ],
						[ 29.2823106246, 40.8568394781 ],
						[ 29.28228723, 40.8568381467 ],
						[ 29.2822638341, 40.856836817 ],
						[ 29.282240437, 40.8568354899 ],
						[ 29.2822105494, 40.8568338002 ],
						[ 29.2822177154, 40.8567582976 ]
					]
				]
			},
			"properties" : {
				"ISTASYON" : "Güzelyalı",
				"PROJE_ADI" : "Halkalı - Gebze Marmaray Yüzeysel Metro Hattı",
				"PROJE_ASAMA" : "Mevcut Hattaki İstasyon",
				"HAT_TURU" : "Banliyö",
				"MUDURLUK" : "Ulaştırma Bakanlığı"
			}
		},
		{
			"type" : "Feature",
			"geometry" : {
				"type" : "MultiPolygon",
				"coordinates" : [
					[
						[
							[ 28.7878731498, 40.973112966 ],
							[ 28.7877418766, 40.9731581544 ],
							[ 28.7877235425, 40.9731190356 ],
							[ 28.7878532684, 40.9730782827 ],
							[ 28.7878731498, 40.973112966 ]
						]
					],
					[
						[
							[ 28.7875821329, 40.9727783377 ],
							[ 28.7873782536, 40.9728449795 ],
							[ 28.7873387275, 40.9727760249 ],
							[ 28.7875423706, 40.9727089701 ],
							[ 28.7875821329, 40.9727783377 ]
						]
					]
				]
			},
			"properties" : {
				"ISTASYON" : "Florya",
				"PROJE_ADI" : "Halkalı - Gebze Marmaray Yüzeysel Metro Hattı",
				"PROJE_ASAMA" : "Mevcut Hattaki İstasyon",
				"HAT_TURU" : "Banliyö",
				"MUDURLUK" : "Ulaştırma Bakanlığı"
			}
		},
		{
			"type" : "Feature",
			"geometry" : {
				"type" : "Polygon",
				"coordinates" : [
					[
						[ 28.8708388846, 40.9801177607 ],
						[ 28.8708507847, 40.9800764155 ],
						[ 28.8709117266, 40.9800864896 ],
						[ 28.8709128658, 40.9800825307 ],
						[ 28.871138637, 40.9801198501 ],
						[ 28.8711431067, 40.9801043235 ],
						[ 28.8718291303, 40.9802177195 ],
						[ 28.8718057618, 40.9802989151 ],
						[ 28.8711197374, 40.9801855189 ],
						[ 28.8711244586, 40.9801691131 ],
						[ 28.8708986872, 40.9801317928 ],
						[ 28.8708998264, 40.9801278348 ],
						[ 28.8708388846, 40.9801177607 ]
					]
				]
			},
			"properties" : {
				"ISTASYON" : "Bakırköy",
				"PROJE_ADI" : "Halkalı - Gebze Marmaray Yüzeysel Metro Hattı",
				"PROJE_ASAMA" : "Mevcut Hattaki İstasyon",
				"HAT_TURU" : "Banliyö",
				"MUDURLUK" : "Ulaştırma Bakanlığı"
			}
		},
		{
			"type" : "Feature",
			"geometry" : {
				"type" : "Polygon",
				"coordinates" : [
					[
						[ 28.9485846042, 41.0043943421 ],
						[ 28.9531752733, 41.0053483458 ],
						[ 28.9530691598, 41.0056465285 ],
						[ 28.9484708468, 41.0046893046 ],
						[ 28.9485846042, 41.0043943421 ]
					]
				]
			},
			"properties" : {
				"ISTASYON" : "Yenikapı",
				"PROJE_ADI" : "Halkalı - Gebze Marmaray Yüzeysel Metro Hattı",
				"PROJE_ASAMA" : "Mevcut Hattaki İstasyon",
				"HAT_TURU" : "Banliyö",
				"MUDURLUK" : "Ulaştırma Bakanlığı"
			}
		},
		{
			"type" : "Feature",
			"geometry" : {
				"type" : "Polygon",
				"coordinates" : [
					[
						[ 29.0118903297, 41.0255695455 ],
						[ 29.0119736618, 41.0252886047 ],
						[ 29.0151544301, 41.0258296559 ],
						[ 29.015071112, 41.0261105991 ],
						[ 29.0118903297, 41.0255695455 ]
					]
				]
			},
			"properties" : {
				"ISTASYON" : "Üsküdar",
				"PROJE_ADI" : "Halkalı - Gebze Marmaray Yüzeysel Metro Hattı",
				"PROJE_ASAMA" : "Mevcut Hattaki İstasyon",
				"HAT_TURU" : "Banliyö",
				"MUDURLUK" : "Ulaştırma Bakanlığı"
			}
		},
		{
			"type" : "Feature",
			"geometry" : {
				"type" : "MultiPolygon",
				"coordinates" : [
					[
						[
							[ 29.0938167868, 40.9541456169 ],
							[ 29.0938028129, 40.9541201962 ],
							[ 29.0941806702, 40.9540008109 ],
							[ 29.0941615737, 40.9539678258 ],
							[ 29.0945640041, 40.9538473374 ],
							[ 29.0945773641, 40.9538716403 ],
							[ 29.095078998, 40.9537131429 ],
							[ 29.0950826374, 40.9536797313 ],
							[ 29.0957963152, 40.9534547179 ],
							[ 29.0958082471, 40.9534775921 ],
							[ 29.096166926, 40.9533598075 ],
							[ 29.0962843331, 40.9533196528 ],
							[ 29.096492393, 40.9532425495 ],
							[ 29.0966426971, 40.9531808449 ],
							[ 29.0967743775, 40.9531208122 ],
							[ 29.0968807863, 40.9530677203 ],
							[ 29.0969739764, 40.9530178951 ],
							[ 29.0970855877, 40.9529528956 ],
							[ 29.0971992756, 40.9528807752 ],
							[ 29.097320918, 40.9527985769 ],
							[ 29.097452663, 40.9526958525 ],
							[ 29.0974913259, 40.9527247293 ],
							[ 29.0972838071, 40.9528788068 ],
							[ 29.0970440672, 40.9530290595 ],
							[ 29.0968710532, 40.9531220964 ],
							[ 29.096610408, 40.9532417634 ],
							[ 29.0963283594, 40.9533495823 ],
							[ 29.0959637093, 40.9534705712 ],
							[ 29.0938167868, 40.9541456169 ]
						]
					],
					[
						[
							[ 29.09585646, 40.953675612 ],
							[ 29.0933879248, 40.9544513011 ],
							[ 29.0933408736, 40.9543668016 ],
							[ 29.095809224, 40.953590714 ],
							[ 29.09585646, 40.953675612 ]
						]
					]
				]
			},
			"properties" : {
				"ISTASYON" : "Bostancı",
				"PROJE_ADI" : "Halkalı - Gebze Marmaray Yüzeysel Metro Hattı",
				"PROJE_ASAMA" : "Mevcut Hattaki İstasyon",
				"HAT_TURU" : "Banliyö",
				"MUDURLUK" : "Ulaştırma Bakanlığı"
			}
		},
		{
			"type" : "Feature",
			"geometry" : {
				"type" : "Polygon",
				"coordinates" : [
					[
						[ 29.1685261244, 40.8993204531 ],
						[ 29.1688805557, 40.8990064349 ],
						[ 29.1696046654, 40.8983879156 ],
						[ 29.1703240003, 40.8978168011 ],
						[ 29.1703763657, 40.8978549479 ],
						[ 29.1700115614, 40.8981825598 ],
						[ 29.169796453, 40.8983728386 ],
						[ 29.1692984126, 40.8987918606 ],
						[ 29.1689520482, 40.8990673047 ],
						[ 29.1685817771, 40.8993566181 ],
						[ 29.1685261244, 40.8993204531 ]
					]
				]
			},
			"properties" : {
				"ISTASYON" : "Atalar",
				"PROJE_ADI" : "Halkalı - Gebze Marmaray Yüzeysel Metro Hattı",
				"PROJE_ASAMA" : "Mevcut Hattaki İstasyon",
				"HAT_TURU" : "Banliyö",
				"MUDURLUK" : "Ulaştırma Bakanlığı"
			}
		},
		{
			"type" : "Feature",
			"geometry" : {
				"type" : "Polygon",
				"coordinates" : [
					[
						[ 29.0140292879, 41.0753560071 ],
						[ 29.0140670399, 41.0752988185 ],
						[ 29.015025007, 41.0756609405 ],
						[ 29.0149872568, 41.0757181293 ],
						[ 29.0140292879, 41.0753560071 ]
					]
				]
			},
			"properties" : {
				"ISTASYON" : "Levent",
				"PROJE_ADI" : "M6 Levent - Boğaziçi Ünv./Hisarüstü Metro Hattı",
				"PROJE_ASAMA" : "Mevcut Hattaki İstasyon",
				"HAT_TURU" : "Metro",
				"MUDURLUK" : "Avrupa Yakası Raylı Sistemler Müdürlüğü"
			}
		},
		{
			"type" : "Feature",
			"geometry" : {
				"type" : "MultiPolygon",
				"coordinates" : [
					[
						[
							[ 28.905524263, 40.9856809194 ],
							[ 28.9054884408, 40.9857072477 ],
							[ 28.9054487331, 40.985676225 ],
							[ 28.9054709084, 40.9856599269 ],
							[ 28.9054501442, 40.9856437045 ],
							[ 28.9054655226, 40.985631148 ],
							[ 28.905524263, 40.9856809194 ]
						]
					],
					[
						[
							[ 28.9055142057, 40.9860773644 ],
							[ 28.9054941783, 40.9860914544 ],
							[ 28.9055154795, 40.9861088416 ],
							[ 28.9054963237, 40.9861223185 ],
							[ 28.9054388757, 40.9860704676 ],
							[ 28.9054756025, 40.986045857 ],
							[ 28.9055142057, 40.9860773644 ]
						]
					],
					[
						[
							[ 28.9055484501, 40.985530813 ],
							[ 28.9054372751, 40.9856125233 ],
							[ 28.9054038816, 40.9855887758 ],
							[ 28.9055166011, 40.9855059303 ],
							[ 28.9055484501, 40.985530813 ]
						]
					],
					[
						[
							[ 28.9056497865, 40.9856099858 ],
							[ 28.9055994014, 40.9856501534 ],
							[ 28.9055124767, 40.9855854741 ],
							[ 28.9055649946, 40.9855437393 ],
							[ 28.9056497865, 40.9856099858 ]
						]
					]
				]
			},
			"properties" : {
				"ISTASYON" : "Zeyinburnu",
				"PROJE_ADI" : "Halkalı - Gebze Marmaray Yüzeysel Metro Hattı",
				"PROJE_ASAMA" : "Mevcut Hattaki İstasyon",
				"HAT_TURU" : "Banliyö",
				"MUDURLUK" : "Ulaştırma Bakanlığı"
			}
		},
		{
			"type" : "Feature",
			"geometry" : {
				"type" : "MultiPolygon",
				"coordinates" : [
					[
						[
							[ 28.950869842, 41.0051281623 ],
							[ 28.9508551745, 41.005169368 ],
							[ 28.9505416926, 41.0051053346 ],
							[ 28.9505556074, 41.0050649072 ],
							[ 28.950869842, 41.0051281623 ]
						]
					],
					[
						[
							[ 28.9521602238, 41.0050417551 ],
							[ 28.952142141, 41.0050925674 ],
							[ 28.9517779811, 41.0050235798 ],
							[ 28.9517966353, 41.0049677077 ],
							[ 28.9521602238, 41.0050417551 ]
						]
					],
					[
						[
							[ 28.9524712951, 41.0054966872 ],
							[ 28.9524480921, 41.005561888 ],
							[ 28.9520326698, 41.0054770466 ],
							[ 28.9520550361, 41.0054107425 ],
							[ 28.9524712951, 41.0054966872 ]
						]
					]
				]
			},
			"properties" : {
				"ISTASYON" : "Yenikapı",
				"PROJE_ADI" : "Halkalı - Gebze Marmaray Yüzeysel Metro Hattı",
				"PROJE_ASAMA" : "Mevcut Hattaki İstasyon",
				"HAT_TURU" : "Banliyö",
				"MUDURLUK" : "Ulaştırma Bakanlığı"
			}
		},
		{
			"type" : "Feature",
			"geometry" : {
				"type" : "Polygon",
				"coordinates" : [
					[
						[ 29.1566545437, 40.9091067262 ],
						[ 29.1567343397, 40.9091414157 ],
						[ 29.1565286372, 40.9094459267 ],
						[ 29.156518488, 40.9094609505 ],
						[ 29.1565083376, 40.9094759725 ],
						[ 29.1564981861, 40.9094909919 ],
						[ 29.1564880298, 40.9095060093 ],
						[ 29.1564778677, 40.9095210223 ],
						[ 29.1564676984, 40.9095360315 ],
						[ 29.156457521, 40.9095510372 ],
						[ 29.1564473341, 40.9095660364 ],
						[ 29.1564371342, 40.9095810302 ],
						[ 29.1564269225, 40.9095960175 ],
						[ 29.1564166943, 40.9096109975 ],
						[ 29.1564064519, 40.9096259703 ],
						[ 29.1563961858, 40.909640941 ],
						[ 29.1563859045, 40.9096558963 ],
						[ 29.1563756031, 40.9096708434 ],
						[ 29.1563652913, 40.9096857607 ],
						[ 29.1563067558, 40.9097695996 ],
						[ 29.1562474588, 40.909853107 ],
						[ 29.1561873883, 40.9099362953 ],
						[ 29.156126549, 40.910019161 ],
						[ 29.1560649433, 40.9101017005 ],
						[ 29.1560025726, 40.9101839093 ],
						[ 29.1559394428, 40.9102657829 ],
						[ 29.1558755552, 40.9103473178 ],
						[ 29.1558109133, 40.9104285103 ],
						[ 29.1557455207, 40.910509356 ],
						[ 29.1556793799, 40.9105898505 ],
						[ 29.1556124957, 40.91066999 ],
						[ 29.1555448693, 40.9107497712 ],
						[ 29.1554765056, 40.9108291893 ],
						[ 29.1554082343, 40.9109072944 ],
						[ 29.1553216169, 40.9108647596 ],
						[ 29.1553814963, 40.9107934754 ],
						[ 29.1554445754, 40.9107172656 ],
						[ 29.1555069842, 40.9106407403 ],
						[ 29.1555687203, 40.9105639002 ],
						[ 29.1556297801, 40.9104867507 ],
						[ 29.1556901623, 40.9104092946 ],
						[ 29.1557498634, 40.9103315355 ],
						[ 29.1558088809, 40.9102534768 ],
						[ 29.1558671991, 40.9101751384 ],
						[ 29.1558780907, 40.9101603731 ],
						[ 29.1558889465, 40.9101456156 ],
						[ 29.1558997788, 40.9101308508 ],
						[ 29.1559105872, 40.9101160839 ],
						[ 29.1559213816, 40.9101013044 ],
						[ 29.1559321583, 40.9100865184 ],
						[ 29.1559429184, 40.9100717269 ],
						[ 29.1559536644, 40.9100569317 ],
						[ 29.1559643973, 40.910042131 ],
						[ 29.1559751196, 40.9100273275 ],
						[ 29.1559858312, 40.9100125222 ],
						[ 29.1559965345, 40.9099977132 ],
						[ 29.156007232, 40.9099829032 ],
						[ 29.1560179235, 40.9099680923 ],
						[ 29.1560286102, 40.9099532813 ],
						[ 29.1560392885, 40.909938482 ],
						[ 29.156140948, 40.9097981611 ],
						[ 29.1562432575, 40.9096581277 ],
						[ 29.1563462218, 40.90951837 ],
						[ 29.1564498408, 40.9093788916 ],
						[ 29.1565541133, 40.9092396934 ],
						[ 29.1566545437, 40.9091067262 ]
					]
				]
			},
			"properties" : {
				"ISTASYON" : "Cevizli",
				"PROJE_ADI" : "Halkalı - Gebze Marmaray Yüzeysel Metro Hattı",
				"PROJE_ASAMA" : "Mevcut Hattaki İstasyon",
				"HAT_TURU" : "Banliyö",
				"MUDURLUK" : "Ulaştırma Bakanlığı"
			}
		},
		{
			"type" : "Feature",
			"geometry" : {
				"type" : "Polygon",
				"coordinates" : [
					[
						[ 28.8481694003, 41.0252497307 ],
						[ 28.8484246588, 41.0253288708 ],
						[ 28.8476071048, 41.0268411866 ],
						[ 28.8473518427, 41.0267620456 ],
						[ 28.8481694003, 41.0252497307 ]
					]
				]
			},
			"properties" : {
				"ISTASYON" : "Molla Gürani",
				"PROJE_ADI" : "M3 Kirazlı-Bakırköy İDO Metro Hattı Uzatması",
				"PROJE_ASAMA" : "İnşaat Aşamasında",
				"HAT_TURU" : "Metro",
				"MUDURLUK" : "AYGM"
			}
		},
		{
			"type" : "Feature",
			"geometry" : {
				"type" : "MultiPolygon",
				"coordinates" : [
					[
						[
							[ 28.8117269008, 41.0459351561 ],
							[ 28.8117287702, 41.0459906985 ],
							[ 28.8116794798, 41.0460126442 ],
							[ 28.8114910399, 41.0457700611 ],
							[ 28.8115709983, 41.0457344607 ],
							[ 28.8117269008, 41.0459351561 ]
						]
					],
					[
						[
							[ 28.8069056766, 41.0459814241 ],
							[ 28.8068880386, 41.0463664378 ],
							[ 28.8067977103, 41.0463640654 ],
							[ 28.8068118864, 41.0460546357 ],
							[ 28.8067311686, 41.0460525159 ],
							[ 28.8067346322, 41.0459769319 ],
							[ 28.8069056766, 41.0459814241 ]
						]
					],
					[
						[
							[ 28.808866224, 41.0453820697 ],
							[ 28.8084266483, 41.045396978 ],
							[ 28.80841986, 41.0452822471 ],
							[ 28.8088594348, 41.0452673389 ],
							[ 28.808866224, 41.0453820697 ]
						]
					],
					[
						[
							[ 28.8108567357, 41.0449685398 ],
							[ 28.8101088838, 41.0450516976 ],
							[ 28.8100957604, 41.0449840452 ],
							[ 28.8108436115, 41.0449008884 ],
							[ 28.8108567357, 41.0449685398 ]
						]
					],
					[
						[
							[ 28.8046831765, 41.0455125989 ],
							[ 28.8039602583, 41.0458959957 ],
							[ 28.8039084017, 41.0458399523 ],
							[ 28.8045946258, 41.0454760171 ],
							[ 28.8045906925, 41.0454095201 ],
							[ 28.8046769086, 41.0454065984 ],
							[ 28.8046831765, 41.0455125989 ]
						]
					]
				]
			},
			"properties" : {
				"ISTASYON" : "Halkalı Caddesi",
				"PROJE_ADI" : "M9 (U1) Ataköy -  Bahariye Hattı",
				"PROJE_ASAMA" : "İnşaat Aşamasında",
				"HAT_TURU" : "Metro",
				"MUDURLUK" : "Avrupa Yakası Raylı Sistemler Müdürlüğü"
			}
		},
		{
			"type" : "Feature",
			"geometry" : {
				"type" : "Polygon",
				"coordinates" : [
					[
						[ 28.8140033267, 41.0368395378 ],
						[ 28.8140111775, 41.0367867516 ],
						[ 28.8143379363, 41.0368146147 ],
						[ 28.8143302184, 41.0368665073 ],
						[ 28.8140033267, 41.0368395378 ]
					]
				]
			},
			"properties" : {
				"ISTASYON" : "15 Temmuz",
				"PROJE_ADI" : "M9 (U1) Ataköy -  Bahariye Hattı",
				"PROJE_ASAMA" : "İnşaat Aşamasında",
				"HAT_TURU" : "Metro",
				"MUDURLUK" : "Avrupa Yakası Raylı Sistemler Müdürlüğü"
			}
		},
		{
			"type" : "Feature",
			"geometry" : {
				"type" : "Polygon",
				"coordinates" : [
					[
						[ 28.818405154, 41.0065024343 ],
						[ 28.8186481235, 41.0059605378 ],
						[ 28.8186605033, 41.0059637226 ],
						[ 28.8187708748, 41.0057175572 ],
						[ 28.8188684268, 41.0057426581 ],
						[ 28.8188618925, 41.0057917315 ],
						[ 28.8189497302, 41.0057984439 ],
						[ 28.8189222027, 41.0060026643 ],
						[ 28.8186989262, 41.0065006437 ],
						[ 28.8184800545, 41.0065217061 ],
						[ 28.818405154, 41.0065024343 ]
					]
				]
			},
			"properties" : {
				"ISTASYON" : "İhlas Yuva",
				"PROJE_ADI" : "M9 (U1) Ataköy -  Bahariye Hattı",
				"PROJE_ASAMA" : "İnşaat Aşamasında",
				"HAT_TURU" : "Metro",
				"MUDURLUK" : "Avrupa Yakası Raylı Sistemler Müdürlüğü"
			}
		},
		{
			"type" : "Feature",
			"geometry" : {
				"type" : "Polygon",
				"coordinates" : [
					[
						[ 28.8166341567, 41.0256777337 ],
						[ 28.8166285836, 41.025708962 ],
						[ 28.816554359, 41.0257013646 ],
						[ 28.8165599321, 41.0256701363 ],
						[ 28.8162937382, 41.0256428855 ],
						[ 28.8162571441, 41.0256391393 ],
						[ 28.8162515708, 41.0256703676 ],
						[ 28.8161773463, 41.02566277 ],
						[ 28.8163806236, 41.0244966321 ],
						[ 28.8163854064, 41.0244971215 ],
						[ 28.81639337, 41.0244525103 ],
						[ 28.8164675919, 41.0244601086 ],
						[ 28.8164596296, 41.0245047199 ],
						[ 28.8164962232, 41.024508466 ],
						[ 28.816486083, 41.0245652737 ],
						[ 28.8167156874, 41.0245887781 ],
						[ 28.8167258202, 41.0245319693 ],
						[ 28.8167624126, 41.0245357154 ],
						[ 28.816770376, 41.0244911041 ],
						[ 28.8168445992, 41.0244987023 ],
						[ 28.8168366359, 41.0245433135 ],
						[ 28.8168414045, 41.0245438019 ],
						[ 28.8166600767, 41.0256803878 ],
						[ 28.8166341567, 41.0256777337 ]
					]
				]
			},
			"properties" : {
				"ISTASYON" : "Mimar Sinan",
				"PROJE_ADI" : "M9 (U1) Ataköy -  Bahariye Hattı",
				"PROJE_ASAMA" : "İnşaat Aşamasında",
				"HAT_TURU" : "Metro",
				"MUDURLUK" : "Avrupa Yakası Raylı Sistemler Müdürlüğü"
			}
		},
		{
			"type" : "Feature",
			"geometry" : {
				"type" : "Polygon",
				"coordinates" : [
					[
						[ 29.008569153, 41.0440999546 ],
						[ 29.0085794993, 41.0441046034 ],
						[ 29.0085148935, 41.0441870185 ],
						[ 29.0085015984, 41.044181044 ],
						[ 29.0084630349, 41.0441632928 ],
						[ 29.0084249683, 41.044144934 ],
						[ 29.0083874154, 41.0441259759 ],
						[ 29.0083453172, 41.0441042291 ],
						[ 29.0083096097, 41.0440862068 ],
						[ 29.0082734088, 41.0440687604 ],
						[ 29.0082367308, 41.0440518977 ],
						[ 29.0063849457, 41.0432210499 ],
						[ 29.0063370748, 41.0431999041 ],
						[ 29.0062888352, 41.0431792472 ],
						[ 29.0062402355, 41.0431590829 ],
						[ 29.006134009, 41.0431157201 ],
						[ 29.0060840514, 41.0430949924 ],
						[ 29.0060344639, 41.0430737583 ],
						[ 29.0059852555, 41.0430520215 ],
						[ 29.005971956, 41.0430460539 ],
						[ 29.0060364918, 41.0429636091 ],
						[ 29.0060497913, 41.0429695767 ],
						[ 29.0060975232, 41.0429906612 ],
						[ 29.0061456228, 41.0430112581 ],
						[ 29.0061940813, 41.0430313638 ],
						[ 29.006300309, 41.0430747265 ],
						[ 29.0063095202, 41.0430784979 ],
						[ 29.0063187193, 41.0430822864 ],
						[ 29.0063279061, 41.0430860921 ],
						[ 29.0064405288, 41.0429422124 ],
						[ 29.0064317088, 41.0429379385 ],
						[ 29.0064229026, 41.0429336482 ],
						[ 29.0064141104, 41.0429293416 ],
						[ 29.0063128667, 41.0428796135 ],
						[ 29.0062663015, 41.0428570834 ],
						[ 29.0062193427, 41.0428350288 ],
						[ 29.0061719989, 41.0428134538 ],
						[ 29.0061586994, 41.0428074863 ],
						[ 29.0062232348, 41.0427250404 ],
						[ 29.0062365342, 41.042731008 ],
						[ 29.0062853422, 41.0427532503 ],
						[ 29.0063337532, 41.0427759871 ],
						[ 29.0063817585, 41.0427992141 ],
						[ 29.0064830021, 41.042848942 ],
						[ 29.0065297025, 41.0428715377 ],
						[ 29.0065767976, 41.0428936563 ],
						[ 29.0066242789, 41.042915294 ],
						[ 29.0084760587, 41.0437461379 ],
						[ 29.0085380197, 41.0437733804 ],
						[ 29.0086005928, 41.0437998039 ],
						[ 29.0086637589, 41.0438254002 ],
						[ 29.0087353867, 41.0438544891 ],
						[ 29.0088062694, 41.0438846125 ],
						[ 29.0088763809, 41.0439157592 ],
						[ 29.0088891198, 41.0439215451 ],
						[ 29.0088239959, 41.0440037254 ],
						[ 29.0088112582, 41.0439979394 ],
						[ 29.0087712168, 41.043979988 ],
						[ 29.0087309113, 41.0439623807 ],
						[ 29.0086903467, 41.0439451197 ],
						[ 29.0086625241, 41.0439806647 ],
						[ 29.0086730833, 41.0439854018 ],
						[ 29.0086085497, 41.044067849 ],
						[ 29.0085979906, 41.0440631119 ],
						[ 29.008569153, 41.0440999546 ]
					]
				]
			},
			"properties" : {
				"ISTASYON" : "Beşiktaş",
				"PROJE_ADI" : "M7 (U2) Kabataş - Mecidiyeköy Metro Hattı",
				"PROJE_ASAMA" : "İnşaat Aşamasında",
				"HAT_TURU" : "Metro",
				"MUDURLUK" : "Avrupa Yakası Raylı Sistemler Müdürlüğü"
			}
		},
		{
			"type" : "Feature",
			"geometry" : {
				"type" : "Polygon",
				"coordinates" : [
					[
						[ 28.9794612048, 41.0712610405 ],
						[ 28.9803093444, 41.0705476675 ],
						[ 28.9802894605, 41.0705341048 ],
						[ 28.9803447073, 41.0704877163 ],
						[ 28.9803645923, 41.0705012799 ],
						[ 28.9812870971, 41.0697266969 ],
						[ 28.9813688778, 41.0697824805 ],
						[ 28.9811074886, 41.0700019586 ],
						[ 28.9812794278, 41.0701192394 ],
						[ 28.981540817, 41.0698997609 ],
						[ 28.9816225993, 41.0699555452 ],
						[ 28.9807000928, 41.070730129 ],
						[ 28.9807199768, 41.0707436926 ],
						[ 28.9806647289, 41.0707900804 ],
						[ 28.9806448449, 41.0707765168 ],
						[ 28.9797966842, 41.071488754 ],
						[ 28.9797148086, 41.0714330504 ],
						[ 28.9797269433, 41.0714228353 ],
						[ 28.9795554558, 41.071306164 ],
						[ 28.9795436586, 41.0713162533 ],
						[ 28.9794612048, 41.0712610405 ]
					]
				]
			},
			"properties" : {
				"ISTASYON" : "Çağlayan",
				"PROJE_ADI" : "M7 Yıldız - Mahmutbey Metro Hattı",
				"PROJE_ASAMA" : "Mevcut Hattaki İstasyon",
				"HAT_TURU" : "Metro",
				"MUDURLUK" : "Avrupa Yakası Raylı Sistemler Müdürlüğü"
			}
		},
		{
			"type" : "Feature",
			"geometry" : {
				"type" : "Polygon",
				"coordinates" : [
					[
						[ 29.2732686772, 40.8788615417 ],
						[ 29.2729751869, 40.8787544214 ],
						[ 29.2729905826, 40.8787301274 ],
						[ 29.2729431359, 40.8787120062 ],
						[ 29.2729460005, 40.8785369563 ],
						[ 29.2732474269, 40.8780822941 ],
						[ 29.2736766146, 40.8782462155 ],
						[ 29.2732686772, 40.8788615417 ]
					]
				]
			},
			"properties" : {
				"ISTASYON" : "Çamçeşme",
				"PROJE_ADI" : "M4 Tavşantepe - Tuzla Metro Hattı Uzatması",
				"PROJE_ASAMA" : "İnşaat Aşamasında",
				"HAT_TURU" : "Metro",
				"MUDURLUK" : "Anadolu Yakası Raylı Sistemler Müdürlüğü"
			}
		},
		{
			"type" : "Feature",
			"geometry" : {
				"type" : "Polygon",
				"coordinates" : [
					[
						[ 29.2608796144, 40.8795380354 ],
						[ 29.2606371195, 40.8794099955 ],
						[ 29.2608003945, 40.8792318554 ],
						[ 29.2608393485, 40.8792524242 ],
						[ 29.2609951706, 40.8790824142 ],
						[ 29.2609562155, 40.8790618454 ],
						[ 29.2613240858, 40.8786604737 ],
						[ 29.2612637061, 40.878628593 ],
						[ 29.2613890387, 40.878491846 ],
						[ 29.261327199, 40.8784591932 ],
						[ 29.2613925744, 40.8783878632 ],
						[ 29.261435425, 40.8784104882 ],
						[ 29.2616097368, 40.8782202982 ],
						[ 29.2616749886, 40.878254751 ],
						[ 29.2621459567, 40.8777408734 ],
						[ 29.2618356327, 40.8775770198 ],
						[ 29.2618034413, 40.8776043232 ],
						[ 29.2617185751, 40.8775466793 ],
						[ 29.2618902412, 40.8774010722 ],
						[ 29.2619141109, 40.877417284 ],
						[ 29.2620161842, 40.8773307048 ],
						[ 29.2620771819, 40.8773721359 ],
						[ 29.2618890331, 40.8775317248 ],
						[ 29.2621913463, 40.8776913479 ],
						[ 29.2621974433, 40.8776846955 ],
						[ 29.2624151018, 40.87779962 ],
						[ 29.2624571034, 40.8777537907 ],
						[ 29.2625106657, 40.8777820713 ],
						[ 29.2626494754, 40.8776306133 ],
						[ 29.2627244635, 40.8776702065 ],
						[ 29.2624894554, 40.8779266289 ],
						[ 29.2624625769, 40.8779124367 ],
						[ 29.2623311506, 40.8780558382 ],
						[ 29.2622655118, 40.8780211807 ],
						[ 29.2617574146, 40.8785755648 ],
						[ 29.2617289619, 40.8786192239 ],
						[ 29.2617552567, 40.8786331064 ],
						[ 29.261732435, 40.878662738 ],
						[ 29.2617061929, 40.8787024078 ],
						[ 29.2617284227, 40.8787964117 ],
						[ 29.2614901638, 40.8790451976 ],
						[ 29.2613683751, 40.8789811155 ],
						[ 29.2613121454, 40.8790424674 ],
						[ 29.261326753, 40.8790501808 ],
						[ 29.2608796144, 40.8795380354 ]
					]
				]
			},
			"properties" : {
				"ISTASYON" : "Kaynarca Merkez",
				"PROJE_ADI" : "M4 Tavşantepe - Tuzla Metro Hattı Uzatması",
				"PROJE_ASAMA" : "İnşaat Aşamasında",
				"HAT_TURU" : "Metro",
				"MUDURLUK" : "Anadolu Yakası Raylı Sistemler Müdürlüğü"
			}
		},
		{
			"type" : "Feature",
			"geometry" : {
				"type" : "Polygon",
				"coordinates" : [
					[
						[ 29.2602888307, 40.8781135378 ],
						[ 29.2607158987, 40.8780792107 ],
						[ 29.260777136, 40.8780746732 ],
						[ 29.2611697019, 40.8800704852 ],
						[ 29.2606819026, 40.8801264456 ],
						[ 29.2602888307, 40.8781135378 ]
					]
				]
			},
			"properties" : {
				"ISTASYON" : "Kaynarca Merkez",
				"PROJE_ADI" : "M10 Pendik - SGH Metro Hattı, Pendik - Fevzi Çakmak Etabı",
				"PROJE_ASAMA" : "İnşaat Aşamasında",
				"HAT_TURU" : "Metro",
				"MUDURLUK" : "Anadolu Yakası Raylı Sistemler Müdürlüğü"
			}
		},
		{
			"type" : "Feature",
			"geometry" : {
				"type" : "Polygon",
				"coordinates" : [
					[
						[ 29.110200695, 40.9989835689 ],
						[ 29.1104387069, 40.9988048066 ],
						[ 29.111501343, 40.9996168887 ],
						[ 29.1112633321, 40.9997956531 ],
						[ 29.110200695, 40.9989835689 ]
					]
				]
			},
			"properties" : {
				"ISTASYON" : "Finans Merkezi",
				"PROJE_ADI" : "M12 Göztepe-Ümraniye Metro Hattı",
				"PROJE_ASAMA" : "İnşaat Aşamasında",
				"HAT_TURU" : "Metro",
				"MUDURLUK" : "Anadolu Yakası Raylı Sistemler Müdürlüğü"
			}
		},
		{
			"type" : "Feature",
			"geometry" : {
				"type" : "Polygon",
				"coordinates" : [
					[
						[ 29.2832071278, 40.8762981859 ],
						[ 29.286074182, 40.8753055845 ],
						[ 29.2862625846, 40.8756191587 ],
						[ 29.2833954309, 40.8766116183 ],
						[ 29.2832071278, 40.8762981859 ]
					]
				]
			},
			"properties" : {
				"ISTASYON" : "Kavakpınar",
				"PROJE_ADI" : "M4 Tavşantepe - Tuzla Metro Hattı Uzatması",
				"PROJE_ASAMA" : "İnşaat Aşamasında",
				"HAT_TURU" : "Metro",
				"MUDURLUK" : "Anadolu Yakası Raylı Sistemler Müdürlüğü"
			}
		},
		{
			"type" : "Feature",
			"geometry" : {
				"type" : "Polygon",
				"coordinates" : [
					[
						[ 29.2306266853, 40.9829038789 ],
						[ 29.2307009235, 40.9828769474 ],
						[ 29.2307219222, 40.9829082306 ],
						[ 29.2307669324, 40.9828908803 ],
						[ 29.230758852, 40.9828788422 ],
						[ 29.2309367727, 40.9828102576 ],
						[ 29.2309448531, 40.9828222956 ],
						[ 29.230989862, 40.9828049461 ],
						[ 29.2309688632, 40.982773662 ],
						[ 29.2310429376, 40.982746486 ],
						[ 29.232296007, 40.9846131862 ],
						[ 29.2322226657, 40.9846414574 ],
						[ 29.2322016646, 40.9846101744 ],
						[ 29.2321566548, 40.9846275253 ],
						[ 29.2321647369, 40.9846395633 ],
						[ 29.2319868125, 40.9847081498 ],
						[ 29.2319787305, 40.9846961118 ],
						[ 29.2319337206, 40.9847134617 ],
						[ 29.2319547204, 40.9847447456 ],
						[ 29.23188138, 40.9847730166 ],
						[ 29.2306266853, 40.9829038789 ]
					]
				]
			},
			"properties" : {
				"ISTASYON" : "Samandıra Merkez",
				"PROJE_ADI" : "M5 Çekmeköy-Sultanbeyli Metro Hattı Uzatması",
				"PROJE_ASAMA" : "İnşaat Aşamasında",
				"HAT_TURU" : "Metro",
				"MUDURLUK" : "Anadolu Yakası Raylı Sistemler Müdürlüğü"
			}
		},
		{
			"type" : "Feature",
			"geometry" : {
				"type" : "Polygon",
				"coordinates" : [
					[
						[ 29.2289860057, 40.8805452438 ],
						[ 29.229657434, 40.8805879518 ],
						[ 29.2297787098, 40.8805278962 ],
						[ 29.2315895628, 40.8806430591 ],
						[ 29.2315821347, 40.8807103567 ],
						[ 29.2317057047, 40.8807182135 ],
						[ 29.2317078834, 40.8806984735 ],
						[ 29.2335923518, 40.8808182852 ],
						[ 29.2335651221, 40.8810650412 ],
						[ 29.2289609385, 40.8807722587 ],
						[ 29.2289669323, 40.8807179724 ],
						[ 29.2289225992, 40.880715152 ],
						[ 29.2289351831, 40.8806011961 ],
						[ 29.2289795162, 40.8806040165 ],
						[ 29.2289860057, 40.8805452438 ]
					]
				]
			},
			"properties" : {
				"ISTASYON" : "Pendik",
				"PROJE_ADI" : "M10 Pendik - SGH Metro Hattı, Pendik - Fevzi Çakmak Etabı",
				"PROJE_ASAMA" : "İnşaat Aşamasında",
				"HAT_TURU" : "Metro",
				"MUDURLUK" : "Anadolu Yakası Raylı Sistemler Müdürlüğü"
			}
		},
		{
			"type" : "Feature",
			"geometry" : {
				"type" : "Polygon",
				"coordinates" : [
					[
						[ 29.2742898914, 40.9032018897 ],
						[ 29.276165339, 40.9039778939 ],
						[ 29.2759484929, 40.904279587 ],
						[ 29.2740730394, 40.9035035793 ],
						[ 29.2742898914, 40.9032018897 ]
					]
				]
			},
			"properties" : {
				"ISTASYON" : "Yayalar - Şeyhli",
				"PROJE_ADI" : "M4 Kadıköy - SGH Metro Hattı",
				"PROJE_ASAMA" : "Mevcut Hattaki İstasyon",
				"HAT_TURU" : "Metro",
				"MUDURLUK" : "AYGM"
			}
		},
		{
			"type" : "Feature",
			"geometry" : {
				"type" : "Polygon",
				"coordinates" : [
					[
						[ 29.1527346119, 41.0309640644 ],
						[ 29.1528255027, 41.0308243253 ],
						[ 29.153010567, 41.0308933494 ],
						[ 29.1529196766, 41.0310330887 ],
						[ 29.1527346119, 41.0309640644 ]
					]
				]
			},
			"properties" : {
				"ISTASYON" : "Parseller",
				"PROJE_ADI" : "M8 Bostancı - Dudullu Metro Hattı",
				"PROJE_ASAMA" : "Mevcut Hattaki İstasyon",
				"HAT_TURU" : "Metro",
				"MUDURLUK" : "Anadolu Yakası Raylı Sistemler Müdürlüğü"
			}
		},
		{
			"type" : "Feature",
			"geometry" : {
				"type" : "Polygon",
				"coordinates" : [
					[
						[ 29.152576075, 41.0315613507 ],
						[ 29.1524662679, 41.0317301681 ],
						[ 29.152281203, 41.031661144 ],
						[ 29.1523910104, 41.0314923267 ],
						[ 29.152576075, 41.0315613507 ]
					]
				]
			},
			"properties" : {
				"ISTASYON" : "Parseller",
				"PROJE_ADI" : "M8 Bostancı - Dudullu Metro Hattı",
				"PROJE_ASAMA" : "Mevcut Hattaki İstasyon",
				"HAT_TURU" : "Metro",
				"MUDURLUK" : "Anadolu Yakası Raylı Sistemler Müdürlüğü"
			}
		},
		{
			"type" : "Feature",
			"geometry" : {
				"type" : "Polygon",
				"coordinates" : [
					[
						[ 29.1273136522, 40.9792269309 ],
						[ 29.1273940671, 40.9792332791 ],
						[ 29.1273812144, 40.979326782 ],
						[ 29.1254195664, 40.979171896 ],
						[ 29.125432423, 40.9790783933 ],
						[ 29.1254557651, 40.9790802371 ],
						[ 29.1254744986, 40.9789439878 ],
						[ 29.1252781096, 40.9789284795 ],
						[ 29.1252904748, 40.9788385453 ],
						[ 29.1254868636, 40.9788540535 ],
						[ 29.1255055957, 40.9787178041 ],
						[ 29.1254822536, 40.9787159612 ],
						[ 29.1254951088, 40.9786224649 ],
						[ 29.1274567396, 40.9787773495 ],
						[ 29.1274438883, 40.9788708461 ],
						[ 29.1273634739, 40.978864497 ],
						[ 29.1273447418, 40.979000762 ],
						[ 29.1274918109, 40.9790123727 ],
						[ 29.12747945, 40.9791022982 ],
						[ 29.1273323819, 40.9790906803 ],
						[ 29.1273136522, 40.9792269309 ]
					]
				]
			},
			"properties" : {
				"ISTASYON" : "İçerenköy",
				"PROJE_ADI" : "M8 Bostancı - Dudullu Metro Hattı",
				"PROJE_ASAMA" : "Mevcut Hattaki İstasyon",
				"HAT_TURU" : "Metro",
				"MUDURLUK" : "Anadolu Yakası Raylı Sistemler Müdürlüğü"
			}
		},
		{
			"type" : "Feature",
			"geometry" : {
				"type" : "Polygon",
				"coordinates" : [
					[
						[ 29.1526337718, 41.0309341666 ],
						[ 29.1524933275, 41.031150088 ],
						[ 29.1523909264, 41.0311118945 ],
						[ 29.1525072999, 41.0309329801 ],
						[ 29.1525627666, 41.0309536686 ],
						[ 29.1525868377, 41.0309166618 ],
						[ 29.1526337718, 41.0309341666 ]
					]
				]
			},
			"properties" : {
				"ISTASYON" : "Parseller",
				"PROJE_ADI" : "M8 Bostancı - Dudullu Metro Hattı",
				"PROJE_ASAMA" : "Mevcut Hattaki İstasyon",
				"HAT_TURU" : "Metro",
				"MUDURLUK" : "Anadolu Yakası Raylı Sistemler Müdürlüğü"
			}
		},
		{
			"type" : "Feature",
			"geometry" : {
				"type" : "MultiPolygon",
				"coordinates" : [
					[
						[
							[ 28.7741685848, 41.006112626 ],
							[ 28.7740830285, 41.0061396663 ],
							[ 28.7740647226, 41.0061064293 ],
							[ 28.7741502789, 41.006079389 ],
							[ 28.7741685848, 41.006112626 ]
						]
					],
					[
						[
							[ 28.7740662007, 41.0064458256 ],
							[ 28.7740450856, 41.0064524984 ],
							[ 28.7740557497, 41.0064736153 ],
							[ 28.7740381988, 41.0064791617 ],
							[ 28.773980443, 41.006375463 ],
							[ 28.7740210279, 41.0063626358 ],
							[ 28.7740662007, 41.0064458256 ]
						]
					],
					[
						[
							[ 28.7738292942, 41.0060145037 ],
							[ 28.7737884806, 41.0060269151 ],
							[ 28.7737264589, 41.0059125458 ],
							[ 28.7737471389, 41.0059062538 ],
							[ 28.7737366349, 41.0058848432 ],
							[ 28.7737541856, 41.005879296 ],
							[ 28.7738292942, 41.0060145037 ]
						]
					],
					[
						[
							[ 28.7738412217, 41.0064570541 ],
							[ 28.7738029445, 41.0064693952 ],
							[ 28.7735684509, 41.0060138066 ],
							[ 28.7736035513, 41.006002713 ],
							[ 28.7738412217, 41.0064570541 ]
						]
					]
				]
			},
			"properties" : {
				"ISTASYON" : "Mustafa Kemal",
				"PROJE_ADI" : "Halkalı - Gebze Marmaray Yüzeysel Metro Hattı",
				"PROJE_ASAMA" : "Mevcut Hattaki İstasyon",
				"HAT_TURU" : "Banliyö",
				"MUDURLUK" : "Ulaştırma Bakanlığı"
			}
		},
		{
			"type" : "Feature",
			"geometry" : {
				"type" : "Polygon",
				"coordinates" : [
					[
						[ 28.8235644666, 40.9628122349 ],
						[ 28.8235511503, 40.9627246373 ],
						[ 28.8262060241, 40.9624926969 ],
						[ 28.8262198152, 40.962583393 ],
						[ 28.8235644666, 40.9628122349 ]
					]
				]
			},
			"properties" : {
				"ISTASYON" : "Yeşilköy",
				"PROJE_ADI" : "Halkalı - Gebze Marmaray Yüzeysel Metro Hattı",
				"PROJE_ASAMA" : "Mevcut Hattaki İstasyon",
				"HAT_TURU" : "Banliyö",
				"MUDURLUK" : "Ulaştırma Bakanlığı"
			}
		},
		{
			"type" : "Feature",
			"geometry" : {
				"type" : "Polygon",
				"coordinates" : [
					[
						[ 28.8797569139, 40.9814833171 ],
						[ 28.8801852698, 40.9815448023 ],
						[ 28.8808115976, 40.9816367099 ],
						[ 28.881455793, 40.9817429604 ],
						[ 28.8823681701, 40.9819149163 ],
						[ 28.8823492829, 40.9819795614 ],
						[ 28.8815510116, 40.981867678 ],
						[ 28.8811574438, 40.9818074063 ],
						[ 28.8807654648, 40.9817415434 ],
						[ 28.8802746634, 40.9816509828 ],
						[ 28.8797384002, 40.9815479321 ],
						[ 28.8797569139, 40.9814833171 ]
					]
				]
			},
			"properties" : {
				"ISTASYON" : "Yenimahalle",
				"PROJE_ADI" : "Halkalı - Gebze Marmaray Yüzeysel Metro Hattı",
				"PROJE_ASAMA" : "Mevcut Hattaki İstasyon",
				"HAT_TURU" : "Banliyö",
				"MUDURLUK" : "Ulaştırma Bakanlığı"
			}
		},
		{
			"type" : "Feature",
			"geometry" : {
				"type" : "Polygon",
				"coordinates" : [
					[
						[ 28.9046084592, 40.9851207064 ],
						[ 28.9064104263, 40.9866174801 ],
						[ 28.9063346744, 40.9866699461 ],
						[ 28.9045198566, 40.9851825721 ],
						[ 28.9046084592, 40.9851207064 ]
					]
				]
			},
			"properties" : {
				"ISTASYON" : "Zeytinburnu",
				"PROJE_ADI" : "Halkalı - Gebze Marmaray Yüzeysel Metro Hattı",
				"PROJE_ASAMA" : "Mevcut Hattaki İstasyon",
				"HAT_TURU" : "Banliyö",
				"MUDURLUK" : "Ulaştırma Bakanlığı"
			}
		},
		{
			"type" : "Feature",
			"geometry" : {
				"type" : "Polygon",
				"coordinates" : [
					[
						[ 29.1135212468, 40.938658649 ],
						[ 29.1137350791, 40.9383749179 ],
						[ 29.1139008086, 40.9381565214 ],
						[ 29.1141577703, 40.9378324815 ],
						[ 29.1143312622, 40.9376208858 ],
						[ 29.1145411091, 40.9373736577 ],
						[ 29.1147268223, 40.9371568587 ],
						[ 29.1149182386, 40.9369334001 ],
						[ 29.1149853341, 40.9369618941 ],
						[ 29.1147031887, 40.9373358332 ],
						[ 29.1146004298, 40.9374706126 ],
						[ 29.1144792387, 40.9376259735 ],
						[ 29.1142766327, 40.9378777549 ],
						[ 29.1141294125, 40.9380536665 ],
						[ 29.1135860005, 40.9386867116 ],
						[ 29.1135212468, 40.938658649 ]
					]
				]
			},
			"properties" : {
				"ISTASYON" : "İdealtepe",
				"PROJE_ADI" : "Halkalı - Gebze Marmaray Yüzeysel Metro Hattı",
				"PROJE_ASAMA" : "Mevcut Hattaki İstasyon",
				"HAT_TURU" : "Banliyö",
				"MUDURLUK" : "Ulaştırma Bakanlığı"
			}
		},
		{
			"type" : "Feature",
			"geometry" : {
				"type" : "Polygon",
				"coordinates" : [
					[
						[ 29.061231288, 40.9789204839 ],
						[ 29.0619495756, 40.9790203102 ],
						[ 29.0624549751, 40.9790957635 ],
						[ 29.0628489069, 40.9791607159 ],
						[ 29.0631396324, 40.9792099123 ],
						[ 29.0635564076, 40.979280438 ],
						[ 29.0638482318, 40.979329819 ],
						[ 29.0638282888, 40.979397433 ],
						[ 29.0634103215, 40.9793434056 ],
						[ 29.0631338743, 40.9793064027 ],
						[ 29.062955584, 40.9792811898 ],
						[ 29.0627427928, 40.9792491895 ],
						[ 29.0625973853, 40.9792264936 ],
						[ 29.0624728578, 40.979207055 ],
						[ 29.0623531873, 40.9791864609 ],
						[ 29.0621814998, 40.9791569144 ],
						[ 29.061965192, 40.9791182369 ],
						[ 29.061707462, 40.9790697086 ],
						[ 29.0612189085, 40.9789755402 ],
						[ 29.061231288, 40.9789204839 ]
					]
				]
			},
			"properties" : {
				"ISTASYON" : "Göztepe",
				"PROJE_ADI" : "Halkalı - Gebze Marmaray Yüzeysel Metro Hattı",
				"PROJE_ASAMA" : "Mevcut Hattaki İstasyon",
				"HAT_TURU" : "Banliyö",
				"MUDURLUK" : "Ulaştırma Bakanlığı"
			}
		},
		{
			"type" : "Feature",
			"geometry" : {
				"type" : "MultiPolygon",
				"coordinates" : [
					[
						[
							[ 29.1315804175, 40.9214207784 ],
							[ 29.131547812, 40.9213766813 ],
							[ 29.1334823531, 40.9205606307 ],
							[ 29.1334539764, 40.9205213563 ],
							[ 29.1339447974, 40.9203173172 ],
							[ 29.1339715057, 40.9203542828 ],
							[ 29.1351792485, 40.9198447831 ],
							[ 29.1352114171, 40.9198891028 ],
							[ 29.1315804175, 40.9214207784 ]
						]
					],
					[
						[
							[ 29.134801825, 40.9202429164 ],
							[ 29.133202067, 40.9209163664 ],
							[ 29.1329810095, 40.9210059609 ],
							[ 29.1326713889, 40.9211245454 ],
							[ 29.1324451973, 40.9212081175 ],
							[ 29.1324023032, 40.921149616 ],
							[ 29.1347427438, 40.9201623357 ],
							[ 29.134801825, 40.9202429164 ]
						]
					]
				]
			},
			"properties" : {
				"ISTASYON" : "Maltepe",
				"PROJE_ADI" : "Halkalı - Gebze Marmaray Yüzeysel Metro Hattı",
				"PROJE_ASAMA" : "Mevcut Hattaki İstasyon",
				"HAT_TURU" : "Banliyö",
				"MUDURLUK" : "Ulaştırma Bakanlığı"
			}
		},
		{
			"type" : "Feature",
			"geometry" : {
				"type" : "Polygon",
				"coordinates" : [
					[
						[ 28.7985314719, 41.0522305805 ],
						[ 28.7985276719, 41.0522960678 ],
						[ 28.7979204305, 41.0521940254 ],
						[ 28.7979187894, 41.0522222979 ],
						[ 28.7978335943, 41.0522194642 ],
						[ 28.7978448828, 41.0520250022 ],
						[ 28.7978512132, 41.0519159481 ],
						[ 28.7977878272, 41.0519138399 ],
						[ 28.7977915718, 41.0518493471 ],
						[ 28.7978549566, 41.0518514553 ],
						[ 28.7978564628, 41.0518254946 ],
						[ 28.7979416574, 41.0518283283 ],
						[ 28.7979300764, 41.052027835 ],
						[ 28.7979242311, 41.0521285382 ],
						[ 28.7985314719, 41.0522305805 ]
					]
				]
			},
			"properties" : {
				"ISTASYON" : "Atatürk Mahallesi",
				"PROJE_ADI" : "M7 (U3) Mahmutbey - Bahçeşehir- Esenyurt Metro Hattı",
				"PROJE_ASAMA" : "İnşaat Aşamasında",
				"HAT_TURU" : "Metro",
				"MUDURLUK" : "Avrupa Yakası Raylı Sistemler Müdürlüğü"
			}
		},
		{
			"type" : "Feature",
			"geometry" : {
				"type" : "Polygon",
				"coordinates" : [
					[
						[ 28.7874845608, 41.0552675932 ],
						[ 28.7874788473, 41.0555072024 ],
						[ 28.7848501003, 41.05547125 ],
						[ 28.7848561312, 41.0551435583 ],
						[ 28.7874866609, 41.0551795347 ],
						[ 28.7874845608, 41.0552675932 ]
					]
				]
			},
			"properties" : {
				"ISTASYON" : "Toplu Konut",
				"PROJE_ADI" : "M7 (U3) Mahmutbey - Bahçeşehir- Esenyurt Metro Hattı",
				"PROJE_ASAMA" : "İnşaat Aşamasında",
				"HAT_TURU" : "Metro",
				"MUDURLUK" : "Avrupa Yakası Raylı Sistemler Müdürlüğü"
			}
		},
		{
			"type" : "Feature",
			"geometry" : {
				"type" : "Polygon",
				"coordinates" : [
					[
						[ 28.8589061026, 41.0186354633 ],
						[ 28.8591654061, 41.0189255745 ],
						[ 28.8567835811, 41.0201467516 ],
						[ 28.8565242754, 41.0198566251 ],
						[ 28.8589061026, 41.0186354633 ]
					]
				]
			},
			"properties" : {
				"ISTASYON" : "Yıldıztepe",
				"PROJE_ADI" : "M3 Kirazlı-Bakırköy İDO Metro Hattı Uzatması",
				"PROJE_ASAMA" : "İnşaat Aşamasında",
				"HAT_TURU" : "Metro",
				"MUDURLUK" : "AYGM"
			}
		},
		{
			"type" : "Feature",
			"geometry" : {
				"type" : "Polygon",
				"coordinates" : [
					[
						[ 28.8646120082, 41.0122226528 ],
						[ 28.8664092177, 41.010710294 ],
						[ 28.8664935363, 41.0107677851 ],
						[ 28.8663896409, 41.0108588186 ],
						[ 28.8664452862, 41.010897385 ],
						[ 28.8664857676, 41.0108687819 ],
						[ 28.8666901626, 41.0109975482 ],
						[ 28.8649358937, 41.0124737765 ],
						[ 28.8647346514, 41.0123365614 ],
						[ 28.8647633446, 41.0123087081 ],
						[ 28.8647098385, 41.0122723842 ],
						[ 28.8646986911, 41.0122817578 ],
						[ 28.8646120082, 41.0122226528 ]
					]
				]
			},
			"properties" : {
				"ISTASYON" : "İlkyuva",
				"PROJE_ADI" : "M3 Kirazlı-Bakırköy İDO Metro Hattı Uzatması",
				"PROJE_ASAMA" : "İnşaat Aşamasında",
				"HAT_TURU" : "Metro",
				"MUDURLUK" : "AYGM"
			}
		},
		{
			"type" : "Feature",
			"geometry" : {
				"type" : "Polygon",
				"coordinates" : [
					[
						[ 28.8188893635, 41.0055854242 ],
						[ 28.8189768698, 41.0055921116 ],
						[ 28.8189493991, 41.005798418 ],
						[ 28.8188619035, 41.0057916496 ],
						[ 28.8188893635, 41.0055854242 ]
					]
				]
			},
			"properties" : {
				"ISTASYON" : "İhlas Yuva",
				"PROJE_ADI" : "M9 (U1) Ataköy -  Bahariye Hattı",
				"PROJE_ASAMA" : "İnşaat Aşamasında",
				"HAT_TURU" : "Metro",
				"MUDURLUK" : "Avrupa Yakası Raylı Sistemler Müdürlüğü"
			}
		},
		{
			"type" : "Feature",
			"geometry" : {
				"type" : "MultiPolygon",
				"coordinates" : [
					[
						[
							[ 28.8561435234, 40.98003086 ],
							[ 28.8559310655, 40.9800388977 ],
							[ 28.8559273927, 40.9799831438 ],
							[ 28.8561398517, 40.979975107 ],
							[ 28.8561435234, 40.98003086 ]
						]
					],
					[
						[
							[ 28.8565711588, 40.9798722516 ],
							[ 28.8563522264, 40.9798805348 ],
							[ 28.8563481974, 40.9798193863 ],
							[ 28.8565673864, 40.9798110932 ],
							[ 28.8565711588, 40.9798722516 ]
						]
					]
				]
			},
			"properties" : {
				"ISTASYON" : "Ataköy",
				"PROJE_ADI" : "M9 (U1) Ataköy -  Bahariye Hattı",
				"PROJE_ASAMA" : "İnşaat Aşamasında",
				"HAT_TURU" : "Metro",
				"MUDURLUK" : "Avrupa Yakası Raylı Sistemler Müdürlüğü"
			}
		},
		{
			"type" : "Feature",
			"geometry" : {
				"type" : "Polygon",
				"coordinates" : [
					[
						[ 28.8156962252, 41.0255927102 ],
						[ 28.816615422, 41.0248642219 ],
						[ 28.8164897786, 41.0247732981 ],
						[ 28.8164431438, 41.02473955 ],
						[ 28.8166739557, 41.0245735077 ],
						[ 28.8168350971, 41.0246901196 ],
						[ 28.8169298842, 41.0246149962 ],
						[ 28.8169560487, 41.0246339307 ],
						[ 28.8171952702, 41.0244443356 ],
						[ 28.8172844009, 41.0241869972 ],
						[ 28.8174270554, 41.0241282996 ],
						[ 28.8174650824, 41.0241813048 ],
						[ 28.8173691881, 41.0242207619 ],
						[ 28.8172794182, 41.0244799478 ],
						[ 28.8170235228, 41.0246827587 ],
						[ 28.817169696, 41.0247885373 ],
						[ 28.8169614876, 41.024953552 ],
						[ 28.81709569, 41.025050668 ],
						[ 28.8171654382, 41.0251011418 ],
						[ 28.8172871932, 41.0251892499 ],
						[ 28.8175411817, 41.025161291 ],
						[ 28.817552297, 41.0252192056 ],
						[ 28.8171050283, 41.0252684399 ],
						[ 28.8170939122, 41.0252105252 ],
						[ 28.817149776, 41.025204376 ],
						[ 28.8168859239, 41.0250134393 ],
						[ 28.8167615206, 41.0251120345 ],
						[ 28.8166600767, 41.0256803878 ],
						[ 28.8164533088, 41.0256592212 ],
						[ 28.8164192016, 41.0258503056 ],
						[ 28.8162693216, 41.0259039637 ],
						[ 28.8162550945, 41.0258811716 ],
						[ 28.8162330172, 41.0258890758 ],
						[ 28.816195417, 41.0258288405 ],
						[ 28.8162512629, 41.0258088483 ],
						[ 28.8162461819, 41.0258007084 ],
						[ 28.8163456318, 41.0257651048 ],
						[ 28.8163661243, 41.0256502958 ],
						[ 28.8161148144, 41.0256245697 ],
						[ 28.8159360372, 41.0257662538 ],
						[ 28.8156962252, 41.0255927102 ]
					]
				]
			},
			"properties" : {
				"ISTASYON" : "Mimar Sinan",
				"PROJE_ADI" : "M9 (U1) Ataköy -  Bahariye Hattı",
				"PROJE_ASAMA" : "İnşaat Aşamasında",
				"HAT_TURU" : "Metro",
				"MUDURLUK" : "Avrupa Yakası Raylı Sistemler Müdürlüğü"
			}
		},
		{
			"type" : "Feature",
			"geometry" : {
				"type" : "Polygon",
				"coordinates" : [
					[
						[ 28.7610558578, 41.0563637021 ],
						[ 28.7610619662, 41.0563641982 ],
						[ 28.761042884, 41.0564966626 ],
						[ 28.7606810747, 41.0564667989 ],
						[ 28.7606818148, 41.0564616574 ],
						[ 28.7578629813, 41.0562283625 ],
						[ 28.7576341154, 41.0562094182 ],
						[ 28.7574646581, 41.0561954262 ],
						[ 28.7574745435, 41.0561268295 ],
						[ 28.7576262558, 41.0561381908 ],
						[ 28.7576016726, 41.0559198068 ],
						[ 28.757505565, 41.0559115581 ],
						[ 28.7575154503, 41.0558429622 ],
						[ 28.7575877584, 41.055848958 ],
						[ 28.7591016268, 41.0559737112 ],
						[ 28.759211227, 41.0559827423 ],
						[ 28.7598367246, 41.0560342804 ],
						[ 28.7599222077, 41.0560413242 ],
						[ 28.7602864299, 41.0560713323 ],
						[ 28.7604112994, 41.0560818771 ],
						[ 28.7604113351, 41.0560816236 ],
						[ 28.7607327472, 41.0561081038 ],
						[ 28.7607335843, 41.0561022961 ],
						[ 28.7610953916, 41.0561321605 ],
						[ 28.7610763095, 41.0562646249 ],
						[ 28.7610682428, 41.056263888 ],
						[ 28.7610558578, 41.0563637021 ]
					]
				]
			},
			"properties" : {
				"ISTASYON" : "Hastane",
				"PROJE_ADI" : "M7 (U3) Mahmutbey - Bahçeşehir- Esenyurt Metro Hattı",
				"PROJE_ASAMA" : "İnşaat Aşamasında",
				"HAT_TURU" : "Metro",
				"MUDURLUK" : "Avrupa Yakası Raylı Sistemler Müdürlüğü"
			}
		},
		{
			"type" : "Feature",
			"geometry" : {
				"type" : "Polygon",
				"coordinates" : [
					[
						[ 28.891740512, 41.0842364427 ],
						[ 28.8916868675, 41.0841478829 ],
						[ 28.8936339916, 41.0834726304 ],
						[ 28.8936876382, 41.0835611893 ],
						[ 28.891740512, 41.0842364427 ]
					]
				]
			},
			"properties" : {
				"ISTASYON" : "Yenimahalle",
				"PROJE_ADI" : "M7 Yıldız - Mahmutbey Metro Hattı",
				"PROJE_ASAMA" : "Mevcut Hattaki İstasyon",
				"HAT_TURU" : "Metro",
				"MUDURLUK" : "Avrupa Yakası Raylı Sistemler Müdürlüğü"
			}
		},
		{
			"type" : "Feature",
			"geometry" : {
				"type" : "Polygon",
				"coordinates" : [
					[
						[ 28.8135664582, 41.0572160212 ],
						[ 28.8134779803, 41.0572309009 ],
						[ 28.8131625231, 41.0561561017 ],
						[ 28.8131005763, 41.055945039 ],
						[ 28.8128475252, 41.0550828315 ],
						[ 28.8129358309, 41.055067981 ],
						[ 28.8129400484, 41.0550821675 ],
						[ 28.8130352575, 41.0550661554 ],
						[ 28.8130122149, 41.0549876411 ],
						[ 28.8131318076, 41.0549675293 ],
						[ 28.8131548504, 41.0550460435 ],
						[ 28.8132494091, 41.0550301416 ],
						[ 28.8132452428, 41.0550159467 ],
						[ 28.8133337201, 41.0550010671 ],
						[ 28.8139647392, 41.0571490416 ],
						[ 28.8138762496, 41.0571639234 ],
						[ 28.8138437064, 41.0570530482 ],
						[ 28.8137344237, 41.0570714265 ],
						[ 28.813747836, 41.0571171739 ],
						[ 28.8136645775, 41.0571311585 ],
						[ 28.813651171, 41.0570854273 ],
						[ 28.8135339155, 41.057105146 ],
						[ 28.8135664582, 41.0572160212 ]
					]
				]
			},
			"properties" : {
				"ISTASYON" : "Bölge Parkı",
				"PROJE_ADI" : "M7 (U3) Mahmutbey - Bahçeşehir- Esenyurt Metro Hattı",
				"PROJE_ASAMA" : "İnşaat Aşamasında",
				"HAT_TURU" : "Metro",
				"MUDURLUK" : "Avrupa Yakası Raylı Sistemler Müdürlüğü"
			}
		},
		{
			"type" : "Feature",
			"geometry" : {
				"type" : "MultiPolygon",
				"coordinates" : [
					[
						[
							[ 28.9508381319, 41.0791292018 ],
							[ 28.9506999931, 41.0791394478 ],
							[ 28.9507086985, 41.0792066541 ],
							[ 28.9485771356, 41.0793647494 ],
							[ 28.9485597267, 41.0792303382 ],
							[ 28.9508293563, 41.07906146 ],
							[ 28.9508381319, 41.0791292018 ]
						]
					],
					[
						[
							[ 28.9508205109, 41.0789931772 ],
							[ 28.9483678717, 41.0791750873 ],
							[ 28.9483591945, 41.0791080557 ],
							[ 28.9485420404, 41.0790937779 ],
							[ 28.9485334048, 41.0790271086 ],
							[ 28.9506649568, 41.078869014 ],
							[ 28.9506736645, 41.0789362204 ],
							[ 28.9508117329, 41.0789254372 ],
							[ 28.9508205109, 41.0789931772 ]
						]
					]
				]
			},
			"properties" : {
				"ISTASYON" : "Alibeyköy",
				"PROJE_ADI" : "M7 Yıldız - Mahmutbey Metro Hattı",
				"PROJE_ASAMA" : "Mevcut Hattaki İstasyon",
				"HAT_TURU" : "Metro",
				"MUDURLUK" : "Avrupa Yakası Raylı Sistemler Müdürlüğü"
			}
		},
		{
			"type" : "Feature",
			"geometry" : {
				"type" : "Polygon",
				"coordinates" : [
					[
						[ 28.9348000293, 41.080254448 ],
						[ 28.9348165205, 41.0801648798 ],
						[ 28.9348341973, 41.0801667433 ],
						[ 28.9348650403, 41.0799992198 ],
						[ 28.9348473636, 41.0799973564 ],
						[ 28.9348638498, 41.0799077882 ],
						[ 28.9376508573, 41.080201549 ],
						[ 28.9376343748, 41.0802911168 ],
						[ 28.9376166967, 41.0802892537 ],
						[ 28.9375858605, 41.0804567789 ],
						[ 28.9376035386, 41.0804586419 ],
						[ 28.9375870512, 41.0805482095 ],
						[ 28.9361952221, 41.0804015148 ],
						[ 28.9361915285, 41.0804215774 ],
						[ 28.9361097872, 41.080412961 ],
						[ 28.9361134808, 41.0803928984 ],
						[ 28.9348000293, 41.080254448 ]
					]
				]
			},
			"properties" : {
				"ISTASYON" : "Çırçır",
				"PROJE_ADI" : "M7 Yıldız - Mahmutbey Metro Hattı",
				"PROJE_ASAMA" : "Mevcut Hattaki İstasyon",
				"HAT_TURU" : "Metro",
				"MUDURLUK" : "Avrupa Yakası Raylı Sistemler Müdürlüğü"
			}
		},
		{
			"type" : "Feature",
			"geometry" : {
				"type" : "Polygon",
				"coordinates" : [
					[
						[ 28.7604300123, 41.0559519769 ],
						[ 28.7604113351, 41.0560816236 ],
						[ 28.7602864299, 41.0560713323 ],
						[ 28.760290185, 41.0560463841 ],
						[ 28.7599257526, 41.0560163008 ],
						[ 28.7599222077, 41.0560413242 ],
						[ 28.7598367246, 41.0560342804 ],
						[ 28.7598406189, 41.0560092733 ],
						[ 28.7592151294, 41.0559576372 ],
						[ 28.759211227, 41.0559827423 ],
						[ 28.7591016268, 41.0559737112 ],
						[ 28.7591204501, 41.0558426904 ],
						[ 28.7592292302, 41.0558516712 ],
						[ 28.7592231689, 41.0558937377 ],
						[ 28.7603046976, 41.0559830179 ],
						[ 28.7603096295, 41.0559468397 ],
						[ 28.7604300123, 41.0559519769 ]
					]
				]
			},
			"properties" : {
				"ISTASYON" : "Hastane",
				"PROJE_ADI" : "M7 (U3) Mahmutbey - Bahçeşehir- Esenyurt Metro Hattı",
				"PROJE_ASAMA" : "İnşaat Aşamasında",
				"HAT_TURU" : "Metro",
				"MUDURLUK" : "Avrupa Yakası Raylı Sistemler Müdürlüğü"
			}
		},
		{
			"type" : "Feature",
			"geometry" : {
				"type" : "Polygon",
				"coordinates" : [
					[
						[ 29.0463554977, 41.0847400817 ],
						[ 29.0464594545, 41.0848660492 ],
						[ 29.0460075633, 41.0850792183 ],
						[ 29.0459037209, 41.0849531955 ],
						[ 29.0463554977, 41.0847400817 ]
					]
				]
			},
			"properties" : {
				"ISTASYON" : "Rumeli Hisarüstü",
				"PROJE_ADI" : "F4 Rumeli Hisarüstü - Aşiyan Füniküleri",
				"PROJE_ASAMA" : "Mevcut Hattaki İstasyon",
				"HAT_TURU" : "Füniküler",
				"MUDURLUK" : "Avrupa Yakası Raylı Sistemler Müdürlüğü"
			}
		},
		{
			"type" : "Feature",
			"geometry" : {
				"type" : "Polygon",
				"coordinates" : [
					[
						[ 29.0660084172, 40.9774914141 ],
						[ 29.067066345, 40.9790108116 ],
						[ 29.0665707944, 40.9792089853 ],
						[ 29.065512875, 40.9776895834 ],
						[ 29.0660084172, 40.9774914141 ]
					]
				]
			},
			"properties" : {
				"ISTASYON" : "Göztepe",
				"PROJE_ADI" : "M12 Göztepe-Ümraniye Metro Hattı",
				"PROJE_ASAMA" : "İnşaat Aşamasında",
				"HAT_TURU" : "Metro",
				"MUDURLUK" : "Anadolu Yakası Raylı Sistemler Müdürlüğü"
			}
		},
		{
			"type" : "Feature",
			"geometry" : {
				"type" : "Polygon",
				"coordinates" : [
					[
						[ 29.0985544111, 41.0429905134 ],
						[ 29.098632706, 41.0427690455 ],
						[ 29.0985821585, 41.042758802 ],
						[ 29.0986380439, 41.04260072 ],
						[ 29.0986885913, 41.0426109635 ],
						[ 29.0987591983, 41.0424112395 ],
						[ 29.099040422, 41.0424682285 ],
						[ 29.0989698158, 41.0426679517 ],
						[ 29.0990203633, 41.0426781951 ],
						[ 29.0989644788, 41.0428362772 ],
						[ 29.0989139312, 41.0428260339 ],
						[ 29.0988356371, 41.043047502 ],
						[ 29.0985544111, 41.0429905134 ]
					]
				]
			},
			"properties" : {
				"ISTASYON" : "Kazım Karabekir",
				"PROJE_ADI" : "M12 Göztepe-Ümraniye Metro Hattı",
				"PROJE_ASAMA" : "İnşaat Aşamasında",
				"HAT_TURU" : "Metro",
				"MUDURLUK" : "Anadolu Yakası Raylı Sistemler Müdürlüğü"
			}
		},
		{
			"type" : "Feature",
			"geometry" : {
				"type" : "Polygon",
				"coordinates" : [
					[
						[ 29.076356945, 40.9797328255 ],
						[ 29.077845015, 40.9796267107 ],
						[ 29.077913101, 40.9801750117 ],
						[ 29.0764250187, 40.9802811273 ],
						[ 29.076356945, 40.9797328255 ]
					]
				]
			},
			"properties" : {
				"ISTASYON" : "Sahra-ı Cedid",
				"PROJE_ADI" : "M12 Göztepe-Ümraniye Metro Hattı",
				"PROJE_ASAMA" : "İnşaat Aşamasında",
				"HAT_TURU" : "Metro",
				"MUDURLUK" : "Anadolu Yakası Raylı Sistemler Müdürlüğü"
			}
		},
		{
			"type" : "Feature",
			"geometry" : {
				"type" : "Polygon",
				"coordinates" : [
					[
						[ 28.7675856754, 41.0183576782 ],
						[ 28.767574269, 41.0169711789 ],
						[ 28.767835781, 41.0169699448 ],
						[ 28.7678471917, 41.0183564441 ],
						[ 28.7675856754, 41.0183576782 ]
					]
				]
			},
			"properties" : {
				"ISTASYON" : "Halkalı",
				"PROJE_ADI" : "M1B (U2) Kirazlı - Halkalı Metro Hattı",
				"PROJE_ASAMA" : "İnşaat Aşamasında",
				"HAT_TURU" : "Metro",
				"MUDURLUK" : "Avrupa Yakası Raylı Sistemler Müdürlüğü"
			}
		},
		{
			"type" : "Feature",
			"geometry" : {
				"type" : "Polygon",
				"coordinates" : [
					[
						[ 28.7886422067, 41.0348724246 ],
						[ 28.7888030952, 41.034234307 ],
						[ 28.7905643462, 41.0344889021 ],
						[ 28.7904034727, 41.0351270223 ],
						[ 28.7886422067, 41.0348724246 ]
					]
				]
			},
			"properties" : {
				"ISTASYON" : "Halkalı - Üniversite",
				"PROJE_ADI" : "M1B (U2) Kirazlı - Halkalı Metro Hattı",
				"PROJE_ASAMA" : "İnşaat Aşamasında",
				"HAT_TURU" : "Metro",
				"MUDURLUK" : "Avrupa Yakası Raylı Sistemler Müdürlüğü"
			}
		},
		{
			"type" : "Feature",
			"geometry" : {
				"type" : "Polygon",
				"coordinates" : [
					[
						[ 28.7700914924, 41.0329580391 ],
						[ 28.7704671996, 41.0324866306 ],
						[ 28.7720023244, 41.0331881467 ],
						[ 28.7716266238, 41.0336595603 ],
						[ 28.7700914924, 41.0329580391 ]
					]
				]
			},
			"properties" : {
				"ISTASYON" : "Yenidoğan",
				"PROJE_ADI" : "M1B (U2) Kirazlı - Halkalı Metro Hattı",
				"PROJE_ASAMA" : "İnşaat Aşamasında",
				"HAT_TURU" : "Metro",
				"MUDURLUK" : "Avrupa Yakası Raylı Sistemler Müdürlüğü"
			}
		},
		{
			"type" : "Feature",
			"geometry" : {
				"type" : "Polygon",
				"coordinates" : [
					[
						[ 29.2119770974, 41.0097658902 ],
						[ 29.2120145833, 41.0098427505 ],
						[ 29.2121818357, 41.0097959448 ],
						[ 29.2124430028, 41.0103314317 ],
						[ 29.2122771435, 41.0103778475 ],
						[ 29.2123146301, 41.0104547077 ],
						[ 29.2121423584, 41.0105029172 ],
						[ 29.212104872, 41.010426057 ],
						[ 29.2119390111, 41.0104724723 ],
						[ 29.2116778476, 41.0099369843 ],
						[ 29.2118437061, 41.0098905685 ],
						[ 29.2118062204, 41.0098137073 ],
						[ 29.2119770974, 41.0097658902 ]
					]
				]
			},
			"properties" : {
				"ISTASYON" : "Sarıgazi",
				"PROJE_ADI" : "M5 Çekmeköy-Sultanbeyli Metro Hattı Uzatması",
				"PROJE_ASAMA" : "İnşaat Aşamasında",
				"HAT_TURU" : "Metro",
				"MUDURLUK" : "Anadolu Yakası Raylı Sistemler Müdürlüğü"
			}
		},
		{
			"type" : "Feature",
			"geometry" : {
				"type" : "Polygon",
				"coordinates" : [
					[
						[ 29.2716832277, 40.9669630043 ],
						[ 29.2716308955, 40.9669198182 ],
						[ 29.271680117, 40.9668810618 ],
						[ 29.2716411275, 40.9668526114 ],
						[ 29.2716287703, 40.9668623411 ],
						[ 29.2714849961, 40.9667574279 ],
						[ 29.2714973544, 40.9667476982 ],
						[ 29.271458514, 40.9667205047 ],
						[ 29.2714091425, 40.9667580021 ],
						[ 29.271350221, 40.9667200049 ],
						[ 29.2732904607, 40.9651922773 ],
						[ 29.2733463587, 40.9652326541 ],
						[ 29.2733142461, 40.9652579401 ],
						[ 29.2733532353, 40.9652863909 ],
						[ 29.2733655931, 40.9652766601 ],
						[ 29.273509366, 40.965381571 ],
						[ 29.2734970094, 40.9653913009 ],
						[ 29.2735359988, 40.9654197516 ],
						[ 29.2735681114, 40.9653944656 ],
						[ 29.2736234669, 40.9654352702 ],
						[ 29.2716832277, 40.9669630043 ]
					]
				]
			},
			"properties" : {
				"ISTASYON" : "Sultanbeyli",
				"PROJE_ADI" : "M5 Çekmeköy-Sultanbeyli Metro Hattı Uzatması",
				"PROJE_ASAMA" : "İnşaat Aşamasında",
				"HAT_TURU" : "Metro",
				"MUDURLUK" : "Anadolu Yakası Raylı Sistemler Müdürlüğü"
			}
		},
		{
			"type" : "Feature",
			"geometry" : {
				"type" : "Polygon",
				"coordinates" : [
					[
						[ 29.2724947053, 40.9658002755 ],
						[ 29.2727051195, 40.9658107842 ],
						[ 29.2727326195, 40.965832484 ],
						[ 29.2729148033, 40.9658410835 ],
						[ 29.2730650374, 40.9656006216 ],
						[ 29.2726811078, 40.965580652 ],
						[ 29.2726618225, 40.9655128563 ],
						[ 29.273035552, 40.9655322934 ],
						[ 29.2730400239, 40.9654828855 ],
						[ 29.2731638983, 40.9654893269 ],
						[ 29.273158987, 40.965543599 ],
						[ 29.274534269, 40.9660292424 ],
						[ 29.2745604689, 40.9660233994 ],
						[ 29.2745426974, 40.9659776172 ],
						[ 29.2746532509, 40.9659529613 ],
						[ 29.2746643169, 40.9659814665 ],
						[ 29.2746984906, 40.9659738448 ],
						[ 29.2747069847, 40.9659957271 ],
						[ 29.2748846379, 40.9659567319 ],
						[ 29.2749269303, 40.9659942301 ],
						[ 29.2745039481, 40.9660885674 ],
						[ 29.273149842, 40.9656079394 ],
						[ 29.2729642312, 40.9659050271 ],
						[ 29.2728223859, 40.9658976302 ],
						[ 29.2728988346, 40.9659533564 ],
						[ 29.2723756926, 40.9663652762 ],
						[ 29.272205765, 40.9662412793 ],
						[ 29.2722222101, 40.9662143235 ],
						[ 29.2722174229, 40.9660186056 ],
						[ 29.2724947053, 40.9658002755 ]
					]
				]
			},
			"properties" : {
				"ISTASYON" : "Sultanbeyli",
				"PROJE_ADI" : "M5 Çekmeköy-Sultanbeyli Metro Hattı Uzatması",
				"PROJE_ASAMA" : "İnşaat Aşamasında",
				"HAT_TURU" : "Metro",
				"MUDURLUK" : "Anadolu Yakası Raylı Sistemler Müdürlüğü"
			}
		},
		{
			"type" : "Feature",
			"geometry" : {
				"type" : "Polygon",
				"coordinates" : [
					[
						[ 29.2180588612, 41.0011223732 ],
						[ 29.2181096919, 41.0011376259 ],
						[ 29.217922559, 41.001496762 ],
						[ 29.2178568156, 41.0014770337 ],
						[ 29.2178929913, 41.0014078444 ],
						[ 29.2176331712, 41.0012636559 ],
						[ 29.2174755415, 41.0015651358 ],
						[ 29.2173521853, 41.0016382632 ],
						[ 29.2167321804, 41.0028193591 ],
						[ 29.2164194616, 41.0027255146 ],
						[ 29.2177789674, 41.0001253823 ],
						[ 29.218091676, 41.0002192231 ],
						[ 29.2176687065, 41.0010282084 ],
						[ 29.2176931881, 41.0011488667 ],
						[ 29.2176625759, 41.0012074152 ],
						[ 29.2179390182, 41.0013515868 ],
						[ 29.2180588612, 41.0011223732 ]
					]
				]
			},
			"properties" : {
				"ISTASYON" : "Sancaktepe Şehir Hastanesi",
				"PROJE_ADI" : "M5 Çekmeköy-Sultanbeyli Metro Hattı Uzatması",
				"PROJE_ASAMA" : "İnşaat Aşamasında",
				"HAT_TURU" : "Metro",
				"MUDURLUK" : "Anadolu Yakası Raylı Sistemler Müdürlüğü"
			}
		},
		{
			"type" : "Feature",
			"geometry" : {
				"type" : "Polygon",
				"coordinates" : [
					[
						[ 29.0116228095, 41.0249823567 ],
						[ 29.0138591783, 41.025363249 ],
						[ 29.0138615268, 41.0253553434 ],
						[ 29.0140308791, 41.0253841847 ],
						[ 29.0139635801, 41.0256108234 ],
						[ 29.0126771942, 41.0253917383 ],
						[ 29.0126811078, 41.0253785615 ],
						[ 29.011561763, 41.0251879116 ],
						[ 29.0116228095, 41.0249823567 ]
					]
				]
			},
			"properties" : {
				"ISTASYON" : "Üsküdar",
				"PROJE_ADI" : "M5 Üsküdar - Çekmeköy Metro Hattı",
				"PROJE_ASAMA" : "Mevcut Hattaki İstasyon",
				"HAT_TURU" : "Metro",
				"MUDURLUK" : "Anadolu Yakası Raylı Sistemler Müdürlüğü"
			}
		},
		{
			"type" : "Feature",
			"geometry" : {
				"type" : "Polygon",
				"coordinates" : [
					[
						[ 28.6698045048, 41.0553072833 ],
						[ 28.6700905875, 41.0552184113 ],
						[ 28.6704151494, 41.0558170606 ],
						[ 28.6704848718, 41.055795397 ],
						[ 28.6704009013, 41.0556405145 ],
						[ 28.6704537283, 41.0556241278 ],
						[ 28.670537699, 41.0557790101 ],
						[ 28.6705582641, 41.0557786847 ],
						[ 28.6708054675, 41.0562275242 ],
						[ 28.6711881695, 41.056109481 ],
						[ 28.6712203964, 41.0560975898 ],
						[ 28.6714743136, 41.0556286089 ],
						[ 28.6714825145, 41.0556139932 ],
						[ 28.6715628712, 41.0556460356 ],
						[ 28.6713340916, 41.0560631848 ],
						[ 28.6713821877, 41.0561449943 ],
						[ 28.6713027769, 41.0561716009 ],
						[ 28.6718918802, 41.0570247776 ],
						[ 28.6718108126, 41.0570544655 ],
						[ 28.6712071618, 41.0561969959 ],
						[ 28.670847025, 41.0563095862 ],
						[ 28.67089144, 41.056386095 ],
						[ 28.6708683024, 41.0563949538 ],
						[ 28.6709781492, 41.0566080728 ],
						[ 28.6709240046, 41.0566219217 ],
						[ 28.6708086637, 41.0564118097 ],
						[ 28.6707480329, 41.0564311419 ],
						[ 28.6715342193, 41.0578810796 ],
						[ 28.6715764035, 41.0578127981 ],
						[ 28.6716210776, 41.0576999294 ],
						[ 28.6716798975, 41.0577111704 ],
						[ 28.6716224772, 41.0578456832 ],
						[ 28.6716063472, 41.057876577 ],
						[ 28.6716870705, 41.0580254558 ],
						[ 28.6716276408, 41.0580439181 ],
						[ 28.6717704848, 41.0583168328 ],
						[ 28.6714843907, 41.0584057088 ],
						[ 28.6714254053, 41.0582969196 ],
						[ 28.6713870607, 41.0583085675 ],
						[ 28.6713602604, 41.0583814716 ],
						[ 28.6713113639, 41.0584772411 ],
						[ 28.6712534282, 41.05857139 ],
						[ 28.6711974255, 41.0585482832 ],
						[ 28.6712902407, 41.0584022986 ],
						[ 28.6713198219, 41.0583184225 ],
						[ 28.6712378122, 41.0581671686 ],
						[ 28.6713381536, 41.0581359979 ],
						[ 28.6698045048, 41.0553072833 ]
					]
				]
			},
			"properties" : {
				"ISTASYON" : "Esenkent",
				"PROJE_ADI" : "M7 (U4) Mahmutbey - Bahçeşehir- Esenyurt Metro Hattı",
				"PROJE_ASAMA" : "İnşaat Aşamasında",
				"HAT_TURU" : "Metro",
				"MUDURLUK" : "Avrupa Yakası Raylı Sistemler Müdürlüğü"
			}
		},
		{
			"type" : "Feature",
			"geometry" : {
				"type" : "MultiPolygon",
				"coordinates" : [
					[
						[
							[ 28.6712477029, 41.0585691387 ],
							[ 28.6711420076, 41.0586822786 ],
							[ 28.6710969323, 41.058655389 ],
							[ 28.6711968752, 41.0585491484 ],
							[ 28.6712477029, 41.0585691387 ]
						]
					],
					[
						[
							[ 28.6706939622, 41.0561771811 ],
							[ 28.6706257418, 41.0561983742 ],
							[ 28.6705450474, 41.0560459806 ],
							[ 28.6706110676, 41.0560254717 ],
							[ 28.6706939622, 41.0561771811 ]
						]
					],
					[
						[
							[ 28.6717126676, 41.057505531 ],
							[ 28.6717041263, 41.0576081831 ],
							[ 28.6716788189, 41.0577143427 ],
							[ 28.6716190904, 41.0577034506 ],
							[ 28.671640122, 41.0576096747 ],
							[ 28.6716474574, 41.057503407 ],
							[ 28.6717126676, 41.057505531 ]
						]
					],
					[
						[
							[ 28.6719942948, 41.0571726969 ],
							[ 28.6719145691, 41.0572043255 ],
							[ 28.6718077548, 41.0570501209 ],
							[ 28.671886594, 41.0570171423 ],
							[ 28.6719942948, 41.0571726969 ]
						]
					],
					[
						[
							[ 28.670979982, 41.0566116281 ],
							[ 28.6710458164, 41.0567393576 ],
							[ 28.6710786521, 41.0568377129 ],
							[ 28.6711114174, 41.0569938159 ],
							[ 28.6710535986, 41.0569946951 ],
							[ 28.6710384092, 41.0569057618 ],
							[ 28.6710140307, 41.0568193113 ],
							[ 28.6709240046, 41.0566219217 ],
							[ 28.6709781492, 41.0566080728 ],
							[ 28.670979982, 41.0566116281 ]
						]
					]
				]
			},
			"properties" : {
				"ISTASYON" : "Esenkent",
				"PROJE_ADI" : "M7 (U4) Mahmutbey - Bahçeşehir- Esenyurt Metro Hattı",
				"PROJE_ASAMA" : "İnşaat Aşamasında",
				"HAT_TURU" : "Metro",
				"MUDURLUK" : "Avrupa Yakası Raylı Sistemler Müdürlüğü"
			}
		},
		{
			"type" : "Feature",
			"geometry" : {
				"type" : "MultiPolygon",
				"coordinates" : [
					[
						[
							[ 28.7854835022, 41.0554208391 ],
							[ 28.7854828489, 41.055456354 ],
							[ 28.7852283688, 41.0554536715 ],
							[ 28.7852290222, 41.0554181565 ],
							[ 28.7854835022, 41.0554208391 ]
						]
					],
					[
						[
							[ 28.7872108907, 41.0551903091 ],
							[ 28.7872099766, 41.0552400741 ],
							[ 28.7870002941, 41.055237867 ],
							[ 28.7870012084, 41.0551881019 ],
							[ 28.7872108907, 41.0551903091 ]
						]
					]
				]
			},
			"properties" : {
				"ISTASYON" : "Toplu Konut",
				"PROJE_ADI" : "M7 (U3) Mahmutbey - Bahçeşehir- Esenyurt Metro Hattı",
				"PROJE_ASAMA" : "İnşaat Aşamasında",
				"HAT_TURU" : "Metro",
				"MUDURLUK" : "Ulaşım Planlama Müdürlüğü"
			}
		},
		{
			"type" : "Feature",
			"geometry" : {
				"type" : "Polygon",
				"coordinates" : [
					[
						[ 28.7690734934, 41.079011772 ],
						[ 28.7699870451, 41.0768703298 ],
						[ 28.7704303255, 41.0769786108 ],
						[ 28.7695167865, 41.0791200567 ],
						[ 28.7690734934, 41.079011772 ]
					]
				]
			},
			"properties" : {
				"ISTASYON" : "Olimpiyat",
				"PROJE_ADI" : "M11 Halkalı - İstanbul Havalimanı Metro Hattı",
				"PROJE_ASAMA" : "İnşaat Aşamasında",
				"HAT_TURU" : "Metro",
				"MUDURLUK" : "AYGM"
			}
		},
		{
			"type" : "Feature",
			"geometry" : {
				"type" : "Polygon",
				"coordinates" : [
					[
						[ 29.1778569134, 40.889618169 ],
						[ 29.1779238059, 40.8896422543 ],
						[ 29.1777580158, 40.8899558911 ],
						[ 29.1777491802, 40.8899726038 ],
						[ 29.1777403445, 40.8899893147 ],
						[ 29.1777315065, 40.8900060238 ],
						[ 29.1777226626, 40.890022731 ],
						[ 29.177713814, 40.8900394347 ],
						[ 29.1777049571, 40.8900561346 ],
						[ 29.1776960907, 40.8900728309 ],
						[ 29.1776872149, 40.8900895226 ],
						[ 29.177678325, 40.8901062097 ],
						[ 29.177669422, 40.8901228913 ],
						[ 29.1776605025, 40.8901395665 ],
						[ 29.1776515665, 40.8901562353 ],
						[ 29.1776426103, 40.8901728967 ],
						[ 29.1776336305, 40.8901895579 ],
						[ 29.1776246415, 40.8902061867 ],
						[ 29.1775725349, 40.8903015636 ],
						[ 29.1775196377, 40.8903966683 ],
						[ 29.1774659437, 40.8904915152 ],
						[ 29.1774114519, 40.8905861007 ],
						[ 29.1773561683, 40.8906804202 ],
						[ 29.1773000927, 40.8907744711 ],
						[ 29.1772432278, 40.890868248 ],
						[ 29.177185565, 40.8909617652 ],
						[ 29.1771754473, 40.8909780167 ],
						[ 29.1771652999, 40.8909942716 ],
						[ 29.1771551264, 40.8910105272 ],
						[ 29.1771449339, 40.8910267763 ],
						[ 29.1771347237, 40.8910430208 ],
						[ 29.1771244958, 40.8910592598 ],
						[ 29.1771142537, 40.8910754951 ],
						[ 29.1771039986, 40.8910917267 ],
						[ 29.1770937316, 40.8911079555 ],
						[ 29.177083454, 40.8911241815 ],
						[ 29.1770731681, 40.8911404057 ],
						[ 29.1770628751, 40.8911566289 ],
						[ 29.1770525773, 40.8911728512 ],
						[ 29.1770422748, 40.8911890725 ],
						[ 29.1770319711, 40.8912052947 ],
						[ 29.1768448134, 40.8914999345 ],
						[ 29.1767772953, 40.8914790993 ],
						[ 29.1769847418, 40.891091959 ],
						[ 29.1769936806, 40.8910752768 ],
						[ 29.1770026219, 40.8910585964 ],
						[ 29.1770115642, 40.8910419178 ],
						[ 29.1770205113, 40.891025242 ],
						[ 29.1770294655, 40.8910085689 ],
						[ 29.1770384255, 40.8909918995 ],
						[ 29.1770473962, 40.8909752346 ],
						[ 29.1770563775, 40.8909585734 ],
						[ 29.1770653706, 40.8909419177 ],
						[ 29.1770743779, 40.8909252675 ],
						[ 29.1770834016, 40.8909086228 ],
						[ 29.177092442, 40.8908919855 ],
						[ 29.1771015012, 40.8908753554 ],
						[ 29.1771105768, 40.890858739 ],
						[ 29.1771196712, 40.8908421408 ],
						[ 29.1771670498, 40.8907564824 ],
						[ 29.1772150663, 40.8906710474 ],
						[ 29.1772637279, 40.8905858222 ],
						[ 29.1773130334, 40.8905008105 ],
						[ 29.1773629792, 40.890416015 ],
						[ 29.1774135654, 40.8903314384 ],
						[ 29.1774648003, 40.890247068 ],
						[ 29.1774747867, 40.8902307678 ],
						[ 29.17748481, 40.8902144526 ],
						[ 29.177494851, 40.890198151 ],
						[ 29.1775049109, 40.8901818559 ],
						[ 29.1775149897, 40.8901655654 ],
						[ 29.1775250839, 40.8901492795 ],
						[ 29.1775351934, 40.8901329973 ],
						[ 29.177545316, 40.8901167188 ],
						[ 29.1775554516, 40.890100444 ],
						[ 29.1775655954, 40.890084171 ],
						[ 29.1775757499, 40.8900679 ],
						[ 29.1775859091, 40.8900516307 ],
						[ 29.1775960754, 40.8900353616 ],
						[ 29.1776062452, 40.8900190933 ],
						[ 29.1776164163, 40.8900028241 ],
						[ 29.1778569134, 40.889618169 ]
					]
				]
			},
			"properties" : {
				"ISTASYON" : "Başak",
				"PROJE_ADI" : "Halkalı - Gebze Marmaray Yüzeysel Metro Hattı",
				"PROJE_ASAMA" : "Mevcut Hattaki İstasyon",
				"HAT_TURU" : "Banliyö",
				"MUDURLUK" : "Ulaştırma Bakanlığı"
			}
		},
		{
			"type" : "Feature",
			"geometry" : {
				"type" : "Polygon",
				"coordinates" : [
					[
						[ 28.7726530902, 40.989513769 ],
						[ 28.7727269856, 40.9891480073 ],
						[ 28.7727817832, 40.988881226 ],
						[ 28.7728240824, 40.9886885427 ],
						[ 28.7728501315, 40.9885680662 ],
						[ 28.772881665, 40.9884448108 ],
						[ 28.7729490698, 40.9881813359 ],
						[ 28.7730602118, 40.9877758973 ],
						[ 28.7731306357, 40.987521077 ],
						[ 28.7732322376, 40.9875328844 ],
						[ 28.7731387648, 40.9879912119 ],
						[ 28.7730833696, 40.9882579177 ],
						[ 28.7729956142, 40.988637208 ],
						[ 28.7729392309, 40.9888565825 ],
						[ 28.7727543101, 40.9895255043 ],
						[ 28.7726530902, 40.989513769 ]
					]
				]
			},
			"properties" : {
				"ISTASYON" : "Küçükçekmece",
				"PROJE_ADI" : "Halkalı - Gebze Marmaray Yüzeysel Metro Hattı",
				"PROJE_ASAMA" : "Mevcut Hattaki İstasyon",
				"HAT_TURU" : "Banliyö",
				"MUDURLUK" : "Ulaştırma Bakanlığı"
			}
		},
		{
			"type" : "Feature",
			"geometry" : {
				"type" : "Polygon",
				"coordinates" : [
					[
						[ 28.7977538682, 40.9669146527 ],
						[ 28.7978506762, 40.9669668235 ],
						[ 28.7963020112, 40.9686178598 ],
						[ 28.7962051985, 40.9685656894 ],
						[ 28.7977538682, 40.9669146527 ]
					]
				]
			},
			"properties" : {
				"ISTASYON" : "Florya Akvaryum",
				"PROJE_ADI" : "Halkalı - Gebze Marmaray Yüzeysel Metro Hattı",
				"PROJE_ASAMA" : "Mevcut Hattaki İstasyon",
				"HAT_TURU" : "Banliyö",
				"MUDURLUK" : "Ulaştırma Bakanlığı"
			}
		},
		{
			"type" : "Feature",
			"geometry" : {
				"type" : "MultiPolygon",
				"coordinates" : [
					[
						[
							[ 28.8714269213, 40.980016555 ],
							[ 28.8714223267, 40.9800314618 ],
							[ 28.871449431, 40.9800359422 ],
							[ 28.8714453806, 40.980050017 ],
							[ 28.8713052444, 40.9800268533 ],
							[ 28.8713144335, 40.9799970396 ],
							[ 28.8714269213, 40.980016555 ]
						]
					],
					[
						[
							[ 28.8733816112, 40.9804965744 ],
							[ 28.8733708516, 40.9805339609 ],
							[ 28.8732587342, 40.9805154307 ],
							[ 28.8732653162, 40.980492559 ],
							[ 28.8732361809, 40.9804877432 ],
							[ 28.8732402309, 40.9804736683 ],
							[ 28.8733816112, 40.9804965744 ]
						]
					],
					[
						[
							[ 28.873671111, 40.9803597143 ],
							[ 28.8736556918, 40.9804132948 ],
							[ 28.8735411846, 40.9803943697 ],
							[ 28.873556604, 40.9803407892 ],
							[ 28.873671111, 40.9803597143 ]
						]
					],
					[
						[
							[ 28.871371086, 40.9801651845 ],
							[ 28.8713643394, 40.9801875683 ],
							[ 28.8713937648, 40.9801924324 ],
							[ 28.8713897143, 40.9802065072 ],
							[ 28.8712011015, 40.9801753312 ],
							[ 28.8712124428, 40.9801380406 ],
							[ 28.871371086, 40.9801651845 ]
						]
					]
				]
			},
			"properties" : {
				"ISTASYON" : "Bakırköy",
				"PROJE_ADI" : "Halkalı - Gebze Marmaray Yüzeysel Metro Hattı",
				"PROJE_ASAMA" : "Mevcut Hattaki İstasyon",
				"HAT_TURU" : "Banliyö",
				"MUDURLUK" : "Ulaştırma Bakanlığı"
			}
		},
		{
			"type" : "Feature",
			"geometry" : {
				"type" : "Polygon",
				"coordinates" : [
					[
						[ 29.3233083266, 40.829240502 ],
						[ 29.3233591851, 40.8292836965 ],
						[ 29.323141888, 40.829446919 ],
						[ 29.3229214241, 40.8296125186 ],
						[ 29.3226594776, 40.8298075398 ],
						[ 29.3222948418, 40.8300684667 ],
						[ 29.3220083848, 40.8302651018 ],
						[ 29.3217606077, 40.8304314374 ],
						[ 29.3214141731, 40.8306631992 ],
						[ 29.3213603146, 40.8306218322 ],
						[ 29.321682496, 40.8303798219 ],
						[ 29.3218697662, 40.8302392574 ],
						[ 29.3221814946, 40.8300097188 ],
						[ 29.3224243519, 40.8298371698 ],
						[ 29.3227014001, 40.8296465908 ],
						[ 29.3233083266, 40.829240502 ]
					]
				]
			},
			"properties" : {
				"ISTASYON" : "Tuzla",
				"PROJE_ADI" : "Halkalı - Gebze Marmaray Yüzeysel Metro Hattı",
				"PROJE_ASAMA" : "Mevcut Hattaki İstasyon",
				"HAT_TURU" : "Banliyö",
				"MUDURLUK" : "Ulaştırma Bakanlığı"
			}
		},
		{
			"type" : "Feature",
			"geometry" : {
				"type" : "Polygon",
				"coordinates" : [
					[
						[ 29.1055078965, 40.9461923023 ],
						[ 29.1061139491, 40.9461944363 ],
						[ 29.1063332301, 40.9461961362 ],
						[ 29.1065173455, 40.9461987445 ],
						[ 29.1067402598, 40.9462036774 ],
						[ 29.1070548632, 40.9462134711 ],
						[ 29.107323397, 40.9462246812 ],
						[ 29.1078455059, 40.9462532886 ],
						[ 29.1081772139, 40.9462693951 ],
						[ 29.1081776249, 40.9463256137 ],
						[ 29.1075018958, 40.9463210882 ],
						[ 29.1073119318, 40.9463179094 ],
						[ 29.1069728964, 40.9463085052 ],
						[ 29.1066265798, 40.9462970077 ],
						[ 29.1063043307, 40.946286309 ],
						[ 29.1060208982, 40.9462768972 ],
						[ 29.1055542143, 40.9462614006 ],
						[ 29.1055074826, 40.9462598486 ],
						[ 29.1055078965, 40.9461923023 ]
					]
				]
			},
			"properties" : {
				"ISTASYON" : "Küçükyalı",
				"PROJE_ADI" : "Halkalı - Gebze Marmaray Yüzeysel Metro Hattı",
				"PROJE_ASAMA" : "Mevcut Hattaki İstasyon",
				"HAT_TURU" : "Banliyö",
				"MUDURLUK" : "Ulaştırma Bakanlığı"
			}
		},
		{
			"type" : "Feature",
			"geometry" : {
				"type" : "Polygon",
				"coordinates" : [
					[
						[ 29.1233726414, 40.9276219359 ],
						[ 29.1234450036, 40.9275447944 ],
						[ 29.1240481004, 40.926905836 ],
						[ 29.1244902828, 40.9264606878 ],
						[ 29.1249734437, 40.926001825 ],
						[ 29.1250370351, 40.9260355318 ],
						[ 29.1248206962, 40.9262659386 ],
						[ 29.1244678578, 40.9266429741 ],
						[ 29.1242138914, 40.9269058401 ],
						[ 29.1239821525, 40.927136375 ],
						[ 29.1237562284, 40.9273535097 ],
						[ 29.1234366365, 40.9276565976 ],
						[ 29.1233726414, 40.9276219359 ]
					]
				]
			},
			"properties" : {
				"ISTASYON" : "Süreyya Plajı",
				"PROJE_ADI" : "Halkalı - Gebze Marmaray Yüzeysel Metro Hattı",
				"PROJE_ASAMA" : "Mevcut Hattaki İstasyon",
				"HAT_TURU" : "Banliyö",
				"MUDURLUK" : "Ulaştırma Bakanlığı"
			}
		},
		{
			"type" : "Feature",
			"geometry" : {
				"type" : "Polygon",
				"coordinates" : [
					[
						[ 28.8473518427, 41.0267620456 ],
						[ 28.8476389054, 41.0262298579 ],
						[ 28.8470264742, 41.0260399278 ],
						[ 28.8470537875, 41.0259895084 ],
						[ 28.847110042, 41.0260069867 ],
						[ 28.8471215789, 41.0259223938 ],
						[ 28.8471143644, 41.0259218264 ],
						[ 28.8471292462, 41.0258129471 ],
						[ 28.84712164, 41.0258123479 ],
						[ 28.8471374095, 41.0256976967 ],
						[ 28.8472391054, 41.0257058652 ],
						[ 28.8472230806, 41.025820296 ],
						[ 28.8472218826, 41.0258202029 ],
						[ 28.8472153335, 41.0258201374 ],
						[ 28.8472005237, 41.0259281035 ],
						[ 28.8471932222, 41.0259280304 ],
						[ 28.8471795274, 41.0260285746 ],
						[ 28.8476661563, 41.0261794513 ],
						[ 28.8488067548, 41.0240707044 ],
						[ 28.8490620084, 41.024149843 ],
						[ 28.8476071048, 41.0268411866 ],
						[ 28.8473518427, 41.0267620456 ]
					]
				]
			},
			"properties" : {
				"ISTASYON" : "Molla Gürani",
				"PROJE_ADI" : "M3 Kirazlı-Bakırköy İDO Metro Hattı Uzatması",
				"PROJE_ASAMA" : "İnşaat Aşamasında",
				"HAT_TURU" : "Metro",
				"MUDURLUK" : "AYGM"
			}
		},
		{
			"type" : "Feature",
			"geometry" : {
				"type" : "MultiPolygon",
				"coordinates" : [
					[
						[
							[ 28.8387873957, 40.9890743804 ],
							[ 28.8386193696, 40.9892319275 ],
							[ 28.8385193507, 40.9891710035 ],
							[ 28.8386873781, 40.9890134557 ],
							[ 28.8387873957, 40.9890743804 ]
						]
					],
					[
						[
							[ 28.8373403153, 40.9904360815 ],
							[ 28.8371512622, 40.9906142712 ],
							[ 28.8370512438, 40.990553346 ],
							[ 28.837240297, 40.9903751565 ],
							[ 28.8373403153, 40.9904360815 ]
						]
					],
					[
						[
							[ 28.837313514, 40.9896149612 ],
							[ 28.8376819384, 40.9898929623 ],
							[ 28.8376573334, 40.9899168613 ],
							[ 28.8372284236, 40.9896965452 ],
							[ 28.8371139958, 40.9896275581 ],
							[ 28.8371275227, 40.9896147048 ],
							[ 28.8371245944, 40.9896128924 ],
							[ 28.8371787155, 40.9895626861 ],
							[ 28.8371808838, 40.9895639965 ],
							[ 28.8371992545, 40.9895465386 ],
							[ 28.837313514, 40.9896149612 ]
						]
					]
				]
			},
			"properties" : {
				"ISTASYON" : "Yenibosna",
				"PROJE_ADI" : "M9 (U1) Ataköy -  Bahariye Hattı",
				"PROJE_ASAMA" : "İnşaat Aşamasında",
				"HAT_TURU" : "Metro",
				"MUDURLUK" : "Avrupa Yakası Raylı Sistemler Müdürlüğü"
			}
		},
		{
			"type" : "Feature",
			"geometry" : {
				"type" : "Polygon",
				"coordinates" : [
					[
						[ 28.8177971536, 41.0153982921 ],
						[ 28.8176464057, 41.0144660586 ],
						[ 28.8180420037, 41.0144565972 ],
						[ 28.818050313, 41.014655926 ],
						[ 28.8180241757, 41.0146565512 ],
						[ 28.818054842, 41.0153921297 ],
						[ 28.8177971536, 41.0153982921 ]
					]
				]
			},
			"properties" : {
				"ISTASYON" : "Doğu Sanayi",
				"PROJE_ADI" : "M9 (U1) Ataköy -  Bahariye Hattı",
				"PROJE_ASAMA" : "İnşaat Aşamasında",
				"HAT_TURU" : "Metro",
				"MUDURLUK" : "Avrupa Yakası Raylı Sistemler Müdürlüğü"
			}
		},
		{
			"type" : "Feature",
			"geometry" : {
				"type" : "Polygon",
				"coordinates" : [
					[
						[ 29.0532958672, 41.0814657364 ],
						[ 29.053896771, 41.0811822055 ],
						[ 29.054000623, 41.0813082213 ],
						[ 29.0533997185, 41.0815917526 ],
						[ 29.0532958672, 41.0814657364 ]
					]
				]
			},
			"properties" : {
				"ISTASYON" : "Aşiyan",
				"PROJE_ADI" : "F4 Rumeli Hisarüstü - Aşiyan Füniküleri",
				"PROJE_ASAMA" : "Mevcut Hattaki İstasyon",
				"HAT_TURU" : "Füniküler",
				"MUDURLUK" : "Avrupa Yakası Raylı Sistemler Müdürlüğü"
			}
		},
		{
			"type" : "Feature",
			"geometry" : {
				"type" : "MultiPolygon",
				"coordinates" : [
					[
						[
							[ 28.7940579523, 41.1389076901 ],
							[ 28.7943036813, 41.1387116221 ],
							[ 28.7944457534, 41.1388133875 ],
							[ 28.794499775, 41.1390133164 ],
							[ 28.7943605283, 41.1391244216 ],
							[ 28.7940579523, 41.1389076901 ]
						]
					],
					[
						[
							[ 28.7957772103, 41.1404054198 ],
							[ 28.7954999419, 41.1400639801 ],
							[ 28.7958653214, 41.1398944085 ],
							[ 28.796142591, 41.1402358473 ],
							[ 28.7957772103, 41.1404054198 ]
						]
					]
				]
			},
			"properties" : {
				"ISTASYON" : "Fenertepe",
				"PROJE_ADI" : "M11 Halkalı - İstanbul Havalimanı Metro Hattı",
				"PROJE_ASAMA" : "İnşaat Aşamasında",
				"HAT_TURU" : "Metro",
				"MUDURLUK" : "Ulaştırma Bakanlığı"
			}
		},
		{
			"type" : "Feature",
			"geometry" : {
				"type" : "Polygon",
				"coordinates" : [
					[
						[ 28.7941813883, 41.1385844676 ],
						[ 28.7963525052, 41.1401395673 ],
						[ 28.7960318292, 41.1403954406 ],
						[ 28.7938607117, 41.1388403358 ],
						[ 28.7941813883, 41.1385844676 ]
					]
				]
			},
			"properties" : {
				"ISTASYON" : "Fenertepe",
				"PROJE_ADI" : "M11 Halkalı - İstanbul Havalimanı Metro Hattı",
				"PROJE_ASAMA" : "İnşaat Aşamasında",
				"HAT_TURU" : "Metro",
				"MUDURLUK" : "Ulaştırma Bakanlığı"
			}
		},
		{
			"type" : "Feature",
			"geometry" : {
				"type" : "Polygon",
				"coordinates" : [
					[
						[ 29.0122824482, 41.0669298402 ],
						[ 29.01208841, 41.0670376588 ],
						[ 29.0121892858, 41.0671384818 ],
						[ 29.0121235019, 41.0671761818 ],
						[ 29.0121084343, 41.0671611225 ],
						[ 29.0118495105, 41.0673095081 ],
						[ 29.011867464, 41.0673274519 ],
						[ 29.011760631, 41.0673886765 ],
						[ 29.0117426774, 41.0673707327 ],
						[ 29.0114837519, 41.0675191174 ],
						[ 29.0114988195, 41.0675341768 ],
						[ 29.0114330349, 41.0675718764 ],
						[ 29.0113321608, 41.0674710528 ],
						[ 29.0112956336, 41.067491986 ],
						[ 29.0114324169, 41.0676287002 ],
						[ 29.0113056896, 41.0677013242 ],
						[ 29.0112590651, 41.0676547238 ],
						[ 29.0112225389, 41.067675657 ],
						[ 29.011233254, 41.067686366 ],
						[ 29.0111674691, 41.0677240654 ],
						[ 29.0111563508, 41.0677129532 ],
						[ 29.0108953036, 41.0678563408 ],
						[ 29.0109114269, 41.0678753334 ],
						[ 29.0108045921, 41.067936557 ],
						[ 29.0107869255, 41.0679184489 ],
						[ 29.0105277089, 41.0680669956 ],
						[ 29.0105427763, 41.0680820551 ],
						[ 29.0104769906, 41.0681197541 ],
						[ 29.0103761161, 41.0680189297 ],
						[ 29.0101875247, 41.0681247388 ],
						[ 29.0100930062, 41.0680302664 ],
						[ 29.0102779848, 41.0679208462 ],
						[ 29.0101627421, 41.0678056605 ],
						[ 29.0099755905, 41.067912908 ],
						[ 29.0098796331, 41.0678169967 ],
						[ 29.009941587, 41.0677814937 ],
						[ 29.0098197869, 41.067659752 ],
						[ 29.0097578331, 41.067695254 ],
						[ 29.0096618752, 41.0675993426 ],
						[ 29.009723829, 41.0675638397 ],
						[ 29.0096020297, 41.0674420977 ],
						[ 29.0095400759, 41.0674776006 ],
						[ 29.0094441198, 41.0673816881 ],
						[ 29.0115306986, 41.0661859317 ],
						[ 29.0116266572, 41.0662818416 ],
						[ 29.0115647889, 41.0663174291 ],
						[ 29.0116860869, 41.0664386659 ],
						[ 29.0117484582, 41.0664035814 ],
						[ 29.0118444163, 41.0664994921 ],
						[ 29.0117824658, 41.0665349953 ],
						[ 29.0119042675, 41.0666567359 ],
						[ 29.0119662181, 41.0666212317 ],
						[ 29.012062178, 41.0667171413 ],
						[ 29.0120002262, 41.0667526455 ],
						[ 29.0121176435, 41.0668700018 ],
						[ 29.0121821634, 41.0668296077 ],
						[ 29.0122824482, 41.0669298402 ]
					]
				]
			},
			"properties" : {
				"ISTASYON" : "Gayrettepe",
				"PROJE_ADI" : "M11 Gayrettepe - İstanbul Havalimanı Metro Hattı",
				"PROJE_ASAMA" : "Mevcut Hattaki İstasyon",
				"HAT_TURU" : "Metro",
				"MUDURLUK" : "Ulaştırma Bakanlığı"
			}
		},
		{
			"type" : "Feature",
			"geometry" : {
				"type" : "Polygon",
				"coordinates" : [
					[
						[ 28.9774408079, 41.079716093 ],
						[ 28.9755096064, 41.0808325839 ],
						[ 28.9752878288, 41.0806129406 ],
						[ 28.9772190275, 41.0794964534 ],
						[ 28.9774408079, 41.079716093 ]
					]
				]
			},
			"properties" : {
				"ISTASYON" : "Kağıthane",
				"PROJE_ADI" : "M11 Gayrettepe - İstanbul Havalimanı Metro Hattı",
				"PROJE_ASAMA" : "Mevcut Hattaki İstasyon",
				"HAT_TURU" : "Metro",
				"MUDURLUK" : "Ulaştırma Bakanlığı"
			}
		},
		{
			"type" : "Feature",
			"geometry" : {
				"type" : "Polygon",
				"coordinates" : [
					[
						[ 28.9468390098, 41.1203682299 ],
						[ 28.9472283959, 41.1204141604 ],
						[ 28.9471364194, 41.1208600731 ],
						[ 28.946926314, 41.1218786659 ],
						[ 28.9468536019, 41.1222311698 ],
						[ 28.9464642042, 41.1221852388 ],
						[ 28.9468390098, 41.1203682299 ]
					]
				]
			},
			"properties" : {
				"ISTASYON" : "Hasdal",
				"PROJE_ADI" : "M11 Gayrettepe - İstanbul Havalimanı Metro Hattı",
				"PROJE_ASAMA" : "Mevcut Hattaki İstasyon",
				"HAT_TURU" : "Metro",
				"MUDURLUK" : "Ulaştırma Bakanlığı"
			}
		},
		{
			"type" : "Feature",
			"geometry" : {
				"type" : "MultiPolygon",
				"coordinates" : [
					[
						[
							[ 28.8131099466, 41.0550417803 ],
							[ 28.8131098186, 41.0550436625 ],
							[ 28.8131094743, 41.0550455281 ],
							[ 28.8131089164, 41.055047363 ],
							[ 28.8131081491, 41.0550491531 ],
							[ 28.8131071782, 41.0550508849 ],
							[ 28.8131060112, 41.0550525452 ],
							[ 28.8131046569, 41.0550541213 ],
							[ 28.8131031257, 41.0550556013 ],
							[ 28.8131014291, 41.0550569738 ],
							[ 28.8130995801, 41.0550582284 ],
							[ 28.8130975928, 41.0550593557 ],
							[ 28.8130954822, 41.0550603469 ],
							[ 28.8130932646, 41.0550611946 ],
							[ 28.8130909566, 41.0550618923 ],
							[ 28.8130885759, 41.0550624347 ],
							[ 28.8130861407, 41.0550628177 ],
							[ 28.8130836694, 41.0550630383 ],
							[ 28.8130811809, 41.0550630949 ],
							[ 28.813078694, 41.055062987 ],
							[ 28.8130762278, 41.0550627156 ],
							[ 28.8130738009, 41.0550622825 ],
							[ 28.8130714319, 41.0550616912 ],
							[ 28.8130691389, 41.0550609461 ],
							[ 28.8130669391, 41.0550600529 ],
							[ 28.8130648494, 41.0550590184 ],
							[ 28.8130628857, 41.0550578505 ],
							[ 28.813061063, 41.055056558 ],
							[ 28.813059395, 41.0550551508 ],
							[ 28.8130578946, 41.0550536396 ],
							[ 28.8130565731, 41.055052036 ],
							[ 28.8130554405, 41.055050352 ],
							[ 28.8130545055, 41.0550486006 ],
							[ 28.8130537753, 41.055046795 ],
							[ 28.8130532553, 41.055044949 ],
							[ 28.8130529495, 41.0550430767 ],
							[ 28.8130528603, 41.0550411923 ],
							[ 28.8130529883, 41.0550393101 ],
							[ 28.8130533326, 41.0550374444 ],
							[ 28.8130538905, 41.0550356096 ],
							[ 28.8130546578, 41.0550338194 ],
							[ 28.8130556286, 41.0550320876 ],
							[ 28.8130567956, 41.0550304274 ],
							[ 28.8130581499, 41.0550288512 ],
							[ 28.8130596812, 41.0550273713 ],
							[ 28.8130613778, 41.0550259988 ],
							[ 28.8130632268, 41.0550247441 ],
							[ 28.8130652141, 41.0550236169 ],
							[ 28.8130673246, 41.0550226257 ],
							[ 28.8130695423, 41.055021778 ],
							[ 28.8130718503, 41.0550210803 ],
							[ 28.8130742309, 41.0550205379 ],
							[ 28.8130766662, 41.0550201549 ],
							[ 28.8130791375, 41.0550199343 ],
							[ 28.813081626, 41.0550198777 ],
							[ 28.8130841129, 41.0550199855 ],
							[ 28.8130865791, 41.055020257 ],
							[ 28.8130890059, 41.0550206901 ],
							[ 28.8130913749, 41.0550212814 ],
							[ 28.813093668, 41.0550220265 ],
							[ 28.8130958678, 41.0550229197 ],
							[ 28.8130979574, 41.0550239542 ],
							[ 28.8130999211, 41.0550251221 ],
							[ 28.8131017439, 41.0550264146 ],
							[ 28.8131034118, 41.0550278217 ],
							[ 28.8131049123, 41.0550293329 ],
							[ 28.8131062338, 41.0550309366 ],
							[ 28.8131073664, 41.0550326205 ],
							[ 28.8131083013, 41.055034372 ],
							[ 28.8131090316, 41.0550361775 ],
							[ 28.8131095516, 41.0550380235 ],
							[ 28.8131098574, 41.0550398959 ],
							[ 28.8131099466, 41.0550417803 ]
						]
					],
					[
						[
							[ 28.8100505418, 41.0566996868 ],
							[ 28.8100503684, 41.0567022356 ],
							[ 28.8100499021, 41.056704762 ],
							[ 28.8100491466, 41.0567072467 ],
							[ 28.8100481074, 41.0567096708 ],
							[ 28.8100467926, 41.0567120159 ],
							[ 28.8100452122, 41.0567142642 ],
							[ 28.8100433782, 41.0567163984 ],
							[ 28.8100413045, 41.0567184025 ],
							[ 28.8100390069, 41.056720261 ],
							[ 28.810036503, 41.05672196 ],
							[ 28.8100338117, 41.0567234864 ],
							[ 28.8100309536, 41.0567248286 ],
							[ 28.8100279504, 41.0567259764 ],
							[ 28.8100248249, 41.0567269211 ],
							[ 28.810021601, 41.0567276555 ],
							[ 28.8100183032, 41.0567281741 ],
							[ 28.8100149565, 41.0567284727 ],
							[ 28.8100115865, 41.0567285493 ],
							[ 28.8100082189, 41.0567284032 ],
							[ 28.8100048791, 41.0567280354 ],
							[ 28.8100015927, 41.0567274489 ],
							[ 28.8099983846, 41.0567266481 ],
							[ 28.8099952794, 41.056725639 ],
							[ 28.8099923005, 41.0567244294 ],
							[ 28.8099894707, 41.0567230284 ],
							[ 28.8099868115, 41.0567214468 ],
							[ 28.8099843432, 41.0567196965 ],
							[ 28.8099820845, 41.0567177909 ],
							[ 28.8099800526, 41.0567157445 ],
							[ 28.8099782631, 41.0567135728 ],
							[ 28.8099767294, 41.0567112924 ],
							[ 28.8099754633, 41.0567089206 ],
							[ 28.8099744745, 41.0567064756 ],
							[ 28.8099737704, 41.0567039758 ],
							[ 28.8099733564, 41.0567014403 ],
							[ 28.8099732356, 41.0566988885 ],
							[ 28.8099734091, 41.0566963397 ],
							[ 28.8099738753, 41.0566938133 ],
							[ 28.8099746309, 41.0566913286 ],
							[ 28.8099756701, 41.0566889045 ],
							[ 28.8099769848, 41.0566865594 ],
							[ 28.8099785653, 41.0566843111 ],
							[ 28.8099803993, 41.0566821769 ],
							[ 28.809982473, 41.0566801728 ],
							[ 28.8099847705, 41.0566783143 ],
							[ 28.8099872745, 41.0566766154 ],
							[ 28.8099899658, 41.056675089 ],
							[ 28.8099928239, 41.0566737467 ],
							[ 28.8099958271, 41.0566725989 ],
							[ 28.8099989526, 41.0566716542 ],
							[ 28.8100021765, 41.0566709198 ],
							[ 28.8100054743, 41.0566704012 ],
							[ 28.8100088209, 41.0566701026 ],
							[ 28.8100121909, 41.056670026 ],
							[ 28.8100155586, 41.0566701722 ],
							[ 28.8100188984, 41.0566705399 ],
							[ 28.8100221848, 41.0566711264 ],
							[ 28.8100253928, 41.0566719272 ],
							[ 28.8100284981, 41.0566729363 ],
							[ 28.810031477, 41.0566741459 ],
							[ 28.8100343068, 41.0566755469 ],
							[ 28.810036966, 41.0566771285 ],
							[ 28.8100394343, 41.0566788788 ],
							[ 28.810041693, 41.0566807844 ],
							[ 28.8100437248, 41.0566828309 ],
							[ 28.8100455144, 41.0566850025 ],
							[ 28.8100470481, 41.0566872829 ],
							[ 28.8100483141, 41.0566896547 ],
							[ 28.810049303, 41.0566920998 ],
							[ 28.8100500071, 41.0566945995 ],
							[ 28.8100504211, 41.056697135 ],
							[ 28.8100505418, 41.0566996868 ]
						]
					],
					[
						[
							[ 28.8132448907, 41.0554700046 ],
							[ 28.8132446773, 41.0554731416 ],
							[ 28.8132441035, 41.0554762509 ],
							[ 28.8132431737, 41.0554793091 ],
							[ 28.8132418949, 41.0554822927 ],
							[ 28.8132402768, 41.055485179 ],
							[ 28.8132383317, 41.0554879461 ],
							[ 28.8132360746, 41.0554905729 ],
							[ 28.8132335225, 41.0554930395 ],
							[ 28.8132306948, 41.0554953271 ],
							[ 28.8132276131, 41.0554974181 ],
							[ 28.8132243009, 41.0554992969 ],
							[ 28.8132207833, 41.0555009489 ],
							[ 28.8132170872, 41.0555023618 ],
							[ 28.8132132406, 41.0555035246 ],
							[ 28.8132092728, 41.0555044286 ],
							[ 28.813205214, 41.0555050669 ],
							[ 28.8132010951, 41.0555054346 ],
							[ 28.8131969475, 41.055505529 ],
							[ 28.8131928027, 41.0555053492 ],
							[ 28.8131886923, 41.0555048967 ],
							[ 28.8131846476, 41.055504175 ],
							[ 28.8131806992, 41.0555031894 ],
							[ 28.8131768774, 41.0555019476 ],
							[ 28.8131732111, 41.055500459 ],
							[ 28.8131697283, 41.0554987348 ],
							[ 28.8131664555, 41.0554967883 ],
							[ 28.8131634175, 41.0554946341 ],
							[ 28.8131606376, 41.0554922888 ],
							[ 28.8131581368, 41.0554897702 ],
							[ 28.8131559342, 41.0554870975 ],
							[ 28.8131540466, 41.0554842909 ],
							[ 28.8131524883, 41.0554813718 ],
							[ 28.8131512712, 41.0554783625 ],
							[ 28.8131504046, 41.0554752859 ],
							[ 28.8131498949, 41.0554721654 ],
							[ 28.8131497462, 41.0554690246 ],
							[ 28.8131499596, 41.0554658876 ],
							[ 28.8131505334, 41.0554627783 ],
							[ 28.8131514632, 41.0554597201 ],
							[ 28.8131527421, 41.0554567365 ],
							[ 28.8131543601, 41.0554538502 ],
							[ 28.8131563052, 41.0554510831 ],
							[ 28.8131585623, 41.0554484563 ],
							[ 28.8131611144, 41.0554459897 ],
							[ 28.8131639421, 41.0554437021 ],
							[ 28.8131670238, 41.0554416111 ],
							[ 28.813170336, 41.0554397323 ],
							[ 28.8131738536, 41.0554380803 ],
							[ 28.8131775497, 41.0554366674 ],
							[ 28.8131813964, 41.0554355046 ],
							[ 28.8131853641, 41.0554346006 ],
							[ 28.8131894229, 41.0554339623 ],
							[ 28.8131935418, 41.0554335946 ],
							[ 28.8131976894, 41.0554335002 ],
							[ 28.8132018342, 41.05543368 ],
							[ 28.8132059446, 41.0554341325 ],
							[ 28.8132099893, 41.0554348542 ],
							[ 28.8132139377, 41.0554358398 ],
							[ 28.8132177595, 41.0554370816 ],
							[ 28.8132214258, 41.0554385702 ],
							[ 28.8132249086, 41.0554402944 ],
							[ 28.8132281814, 41.0554422409 ],
							[ 28.8132312194, 41.0554443951 ],
							[ 28.8132339993, 41.0554467404 ],
							[ 28.8132365001, 41.055449259 ],
							[ 28.8132387027, 41.0554519317 ],
							[ 28.8132405903, 41.0554547383 ],
							[ 28.8132421486, 41.0554576574 ],
							[ 28.8132433657, 41.0554606667 ],
							[ 28.8132442324, 41.0554637433 ],
							[ 28.813244742, 41.0554668638 ],
							[ 28.8132448907, 41.0554700046 ]
						]
					],
					[
						[
							[ 28.8101953682, 41.0572993598 ],
							[ 28.8101294285, 41.0573064919 ],
							[ 28.8100879392, 41.0570866986 ],
							[ 28.8101538787, 41.0570795674 ],
							[ 28.8101953682, 41.0572993598 ]
						]
					],
					[
						[
							[ 28.811492664, 41.0564637726 ],
							[ 28.8114922905, 41.0564692623 ],
							[ 28.8114912863, 41.0564747038 ],
							[ 28.8114896589, 41.0564800554 ],
							[ 28.8114874209, 41.0564852767 ],
							[ 28.8114845891, 41.0564903277 ],
							[ 28.8114811852, 41.0564951701 ],
							[ 28.811477235, 41.056499767 ],
							[ 28.8114727687, 41.0565040835 ],
							[ 28.8114678202, 41.0565080866 ],
							[ 28.8114624271, 41.0565117459 ],
							[ 28.8114566306, 41.0565150336 ],
							[ 28.8114504747, 41.0565179246 ],
							[ 28.8114440063, 41.0565203969 ],
							[ 28.8114372745, 41.0565224318 ],
							[ 28.8114303308, 41.0565240137 ],
							[ 28.8114232278, 41.0565251306 ],
							[ 28.8114160197, 41.056525774 ],
							[ 28.8114087613, 41.056525939 ],
							[ 28.8114015078, 41.0565256243 ],
							[ 28.8113943145, 41.0565248324 ],
							[ 28.8113872361, 41.0565235692 ],
							[ 28.8113803264, 41.0565218444 ],
							[ 28.8113736381, 41.0565196711 ],
							[ 28.8113672221, 41.0565170658 ],
							[ 28.8113611271, 41.0565140485 ],
							[ 28.8113553996, 41.0565106419 ],
							[ 28.8113500832, 41.0565068721 ],
							[ 28.8113452183, 41.0565027678 ],
							[ 28.811340842, 41.0564983602 ],
							[ 28.8113369875, 41.0564936827 ],
							[ 28.8113336842, 41.0564887712 ],
							[ 28.8113309572, 41.0564836628 ],
							[ 28.8113288273, 41.0564783965 ],
							[ 28.8113273107, 41.0564730124 ],
							[ 28.8113264189, 41.0564675514 ],
							[ 28.8113261588, 41.0564620551 ],
							[ 28.8113265322, 41.0564565654 ],
							[ 28.8113275365, 41.056451124 ],
							[ 28.8113291638, 41.0564457723 ],
							[ 28.8113314019, 41.0564405511 ],
							[ 28.8113342336, 41.0564355 ],
							[ 28.8113376376, 41.0564306576 ],
							[ 28.8113415877, 41.0564260607 ],
							[ 28.8113460541, 41.0564217443 ],
							[ 28.8113510026, 41.0564177412 ],
							[ 28.8113563956, 41.0564140819 ],
							[ 28.8113621922, 41.0564107942 ],
							[ 28.8113683481, 41.0564079032 ],
							[ 28.8113748165, 41.0564054308 ],
							[ 28.8113815482, 41.056403396 ],
							[ 28.811388492, 41.056401814 ],
							[ 28.8113955949, 41.0564006972 ],
							[ 28.811402803, 41.0564000538 ],
							[ 28.8114100615, 41.0563998888 ],
							[ 28.8114173149, 41.0564002035 ],
							[ 28.8114245082, 41.0564009954 ],
							[ 28.8114315867, 41.0564022586 ],
							[ 28.8114384963, 41.0564039834 ],
							[ 28.8114451846, 41.0564061567 ],
							[ 28.8114516007, 41.0564087619 ],
							[ 28.8114576956, 41.0564117793 ],
							[ 28.8114634231, 41.0564151858 ],
							[ 28.8114687395, 41.0564189556 ],
							[ 28.8114736044, 41.05642306 ],
							[ 28.8114779808, 41.0564274676 ],
							[ 28.8114818353, 41.056432145 ],
							[ 28.8114851386, 41.0564370566 ],
							[ 28.8114878656, 41.056442165 ],
							[ 28.8114899954, 41.0564474313 ],
							[ 28.811491512, 41.0564528154 ],
							[ 28.8114924038, 41.0564582763 ],
							[ 28.811492664, 41.0564637726 ]
						]
					],
					[
						[
							[ 28.8137528624, 41.0569538773 ],
							[ 28.8136035775, 41.0569843766 ],
							[ 28.8134733804, 41.0566192344 ],
							[ 28.8136226646, 41.0565887343 ],
							[ 28.8137528624, 41.0569538773 ]
						]
					],
					[
						[
							[ 28.8137370046, 41.0564058956 ],
							[ 28.8134211613, 41.0564589482 ],
							[ 28.8132281664, 41.0558006045 ],
							[ 28.8134627233, 41.0557612051 ],
							[ 28.8134517673, 41.0557238308 ],
							[ 28.8135330494, 41.055710178 ],
							[ 28.8137370046, 41.0564058956 ]
						]
					]
				]
			},
			"properties" : {
				"ISTASYON" : "Bölge Parkı",
				"PROJE_ADI" : "M7 (U3) Mahmutbey - Bahçeşehir- Esenyurt Metro Hattı",
				"PROJE_ASAMA" : "İnşaat Aşamasında",
				"HAT_TURU" : "Metro",
				"MUDURLUK" : "Avrupa Yakası Raylı Sistemler Müdürlüğü"
			}
		},
		{
			"type" : "Feature",
			"geometry" : {
				"type" : "MultiPolygon",
				"coordinates" : [
					[
						[
							[ 28.7607996503, 41.0558556679 ],
							[ 28.7607214763, 41.0558523356 ],
							[ 28.760729894, 41.0557392499 ],
							[ 28.7607518778, 41.0557401877 ],
							[ 28.7607495553, 41.0557713346 ],
							[ 28.7607836627, 41.0557727891 ],
							[ 28.7607859817, 41.0557416413 ],
							[ 28.760808063, 41.0557425829 ],
							[ 28.7607996503, 41.0558556679 ]
						]
					],
					[
						[
							[ 28.7578817464, 41.0565219188 ],
							[ 28.7578115775, 41.056526356 ],
							[ 28.7577982756, 41.0564144735 ],
							[ 28.7578695459, 41.0564099716 ],
							[ 28.7578817464, 41.0565219188 ]
						]
					]
				]
			},
			"properties" : {
				"ISTASYON" : "Hastane",
				"PROJE_ADI" : "M7 (U3) Mahmutbey - Bahçeşehir- Esenyurt Metro Hattı",
				"PROJE_ASAMA" : "İnşaat Aşamasında",
				"HAT_TURU" : "Metro",
				"MUDURLUK" : "Ulaşım Planlama Müdürlüğü"
			}
		},
		{
			"type" : "Feature",
			"geometry" : {
				"type" : "Polygon",
				"coordinates" : [
					[
						[ 28.9106240983, 41.1582574563 ],
						[ 28.9101411652, 41.1600497236 ],
						[ 28.9098306449, 41.1600019324 ],
						[ 28.9103135861, 41.1582096665 ],
						[ 28.9106240983, 41.1582574563 ]
					]
				]
			},
			"properties" : {
				"ISTASYON" : "Kemerburgaz",
				"PROJE_ADI" : "M11 Gayrettepe - İstanbul Havalimanı Metro Hattı",
				"PROJE_ASAMA" : "Mevcut Hattaki İstasyon",
				"HAT_TURU" : "Metro",
				"MUDURLUK" : "Ulaştırma Bakanlığı"
			}
		},
		{
			"type" : "Feature",
			"geometry" : {
				"type" : "MultiPolygon",
				"coordinates" : [
					[
						[
							[ 28.7730818921, 41.0583485122 ],
							[ 28.7730792141, 41.0583535189 ],
							[ 28.773053318, 41.0584019201 ],
							[ 28.7730506388, 41.0584069277 ],
							[ 28.7728532944, 41.0583464335 ],
							[ 28.772884549, 41.0582880181 ],
							[ 28.7730818921, 41.0583485122 ]
						]
					],
					[
						[
							[ 28.7714617, 41.0578518417 ],
							[ 28.7714299982, 41.0579110912 ],
							[ 28.7711511856, 41.0578256175 ],
							[ 28.7711538649, 41.0578206108 ],
							[ 28.7711802083, 41.0577713756 ],
							[ 28.7711828864, 41.0577663681 ],
							[ 28.7714617, 41.0578518417 ]
						]
					]
				]
			},
			"properties" : {
				"ISTASYON" : "Tema Park",
				"PROJE_ADI" : "M7 (U3) Mahmutbey - Bahçeşehir- Esenyurt Metro Hattı",
				"PROJE_ASAMA" : "İnşaat Aşamasında",
				"HAT_TURU" : "Metro",
				"MUDURLUK" : "Ulaşım Planlama Müdürlüğü"
			}
		},
		{
			"type" : "Feature",
			"geometry" : {
				"type" : "Polygon",
				"coordinates" : [
					[
						[ 28.7985787588, 41.0519566088 ],
						[ 28.798574253, 41.0520492518 ],
						[ 28.7979300764, 41.052027835 ],
						[ 28.7978448828, 41.0520250022 ],
						[ 28.7962120827, 41.051970701 ],
						[ 28.7957747178, 41.0519580416 ],
						[ 28.7957786993, 41.0518894715 ],
						[ 28.7958490397, 41.0518908144 ],
						[ 28.7958532377, 41.0518185215 ],
						[ 28.7958046148, 41.0518169032 ],
						[ 28.7958099952, 41.0517242568 ],
						[ 28.795858618, 41.0517258751 ],
						[ 28.7958626454, 41.0516565428 ],
						[ 28.7957922743, 41.0516557246 ],
						[ 28.7957962585, 41.0515871356 ],
						[ 28.7961456199, 41.0515983164 ],
						[ 28.7969371325, 41.0516215264 ],
						[ 28.7985899802, 41.0516728767 ],
						[ 28.7985857945, 41.0517691725 ],
						[ 28.7985304961, 41.0517673741 ],
						[ 28.7985235846, 41.0519547738 ],
						[ 28.7985787588, 41.0519566088 ]
					]
				]
			},
			"properties" : {
				"ISTASYON" : "Atatürk Mahallesi",
				"PROJE_ADI" : "M7 (U3) Mahmutbey - Bahçeşehir- Esenyurt Metro Hattı",
				"PROJE_ASAMA" : "İnşaat Aşamasında",
				"HAT_TURU" : "Metro",
				"MUDURLUK" : "Avrupa Yakası Raylı Sistemler Müdürlüğü"
			}
		},
		{
			"type" : "Feature",
			"geometry" : {
				"type" : "Polygon",
				"coordinates" : [
					[
						[ 28.8843169333, 41.176175615 ],
						[ 28.88456108, 41.1763283471 ],
						[ 28.8830172364, 41.1777371623 ],
						[ 28.882773087, 41.1775844278 ],
						[ 28.8843169333, 41.176175615 ]
					]
				]
			},
			"properties" : {
				"ISTASYON" : "Göktürk",
				"PROJE_ADI" : "M11 Gayrettepe - İstanbul Havalimanı Metro Hattı",
				"PROJE_ASAMA" : "Mevcut Hattaki İstasyon",
				"HAT_TURU" : "Metro",
				"MUDURLUK" : "Ulaştırma Bakanlığı"
			}
		},
		{
			"type" : "Feature",
			"geometry" : {
				"type" : "Polygon",
				"coordinates" : [
					[
						[ 28.8096258918, 41.2422024264 ],
						[ 28.8098608636, 41.242363354 ],
						[ 28.8082325213, 41.2437178443 ],
						[ 28.8079975488, 41.2435569134 ],
						[ 28.8096258918, 41.2422024264 ]
					]
				]
			},
			"properties" : {
				"ISTASYON" : "İhsaniye",
				"PROJE_ADI" : "M11 Gayrettepe - İstanbul Havalimanı Metro Hattı",
				"PROJE_ASAMA" : "Mevcut Hattaki İstasyon",
				"HAT_TURU" : "Metro",
				"MUDURLUK" : "Ulaştırma Bakanlığı"
			}
		},
		{
			"type" : "Feature",
			"geometry" : {
				"type" : "Polygon",
				"coordinates" : [
					[
						[ 28.7673117604, 41.25653294 ],
						[ 28.7673169569, 41.2562565741 ],
						[ 28.7697534975, 41.2562826382 ],
						[ 28.7697483112, 41.2565590043 ],
						[ 28.7673117604, 41.25653294 ]
					]
				]
			},
			"properties" : {
				"ISTASYON" : "Yeni Havalimanı - 2",
				"PROJE_ADI" : "M11 Gayrettepe - İstanbul Havalimanı Metro Hattı",
				"PROJE_ASAMA" : "Mevcut Hattaki İstasyon",
				"HAT_TURU" : "Metro",
				"MUDURLUK" : "Ulaştırma Bakanlığı"
			}
		},
		{
			"type" : "Feature",
			"geometry" : {
				"type" : "Polygon",
				"coordinates" : [
					[
						[ 28.7414523698, 41.2557894999 ],
						[ 28.7438310134, 41.2558154798 ],
						[ 28.7438259087, 41.2560818842 ],
						[ 28.7414472458, 41.2560564109 ],
						[ 28.7414523698, 41.2557894999 ]
					]
				]
			},
			"properties" : {
				"ISTASYON" : "Yeni Havalimanı - 1",
				"PROJE_ADI" : "M11 Gayrettepe - İstanbul Havalimanı Metro Hattı",
				"PROJE_ASAMA" : "Mevcut Hattaki İstasyon",
				"HAT_TURU" : "Metro",
				"MUDURLUK" : "Ulaştırma Bakanlığı"
			}
		},
		{
			"type" : "Feature",
			"geometry" : {
				"type" : "Polygon",
				"coordinates" : [
					[
						[ 28.7139602944, 41.2553281711 ],
						[ 28.7139556413, 41.2555653728 ],
						[ 28.7115729202, 41.2555387299 ],
						[ 28.7115775211, 41.2553015277 ],
						[ 28.7138432921, 41.255326864 ],
						[ 28.7139602944, 41.2553281711 ]
					]
				]
			},
			"properties" : {
				"ISTASYON" : "Yeni Havalimanı - 3",
				"PROJE_ADI" : "M11 Gayrettepe - İstanbul Havalimanı Metro Hattı",
				"PROJE_ASAMA" : "Mevcut Hattaki İstasyon",
				"HAT_TURU" : "Metro",
				"MUDURLUK" : "Ulaştırma Bakanlığı"
			}
		},
		{
			"type" : "Feature",
			"geometry" : {
				"type" : "MultiPolygon",
				"coordinates" : [
					[
						[
							[ 28.7742973573, 41.0554763995 ],
							[ 28.7742997252, 41.0554494488 ],
							[ 28.7744255234, 41.0554557825 ],
							[ 28.7744295001, 41.0554105306 ],
							[ 28.7744378133, 41.055410619 ],
							[ 28.7744411613, 41.0553727692 ],
							[ 28.7745123685, 41.0553763539 ],
							[ 28.7745090144, 41.0554145341 ],
							[ 28.7745173214, 41.055414952 ],
							[ 28.7744706369, 41.0559056074 ],
							[ 28.7745779557, 41.0559085964 ],
							[ 28.7745884635, 41.0556360465 ],
							[ 28.7746290792, 41.0556353781 ],
							[ 28.7749459514, 41.05565133 ],
							[ 28.7749199063, 41.0559477867 ],
							[ 28.7749180015, 41.0559871043 ],
							[ 28.7743828463, 41.0559637731 ],
							[ 28.7744037633, 41.0557799755 ],
							[ 28.774172805, 41.0557678967 ],
							[ 28.7741988534, 41.0554714402 ],
							[ 28.7742973573, 41.0554763995 ]
						]
					],
					[
						[
							[ 28.7748820535, 41.0576269138 ],
							[ 28.7744666659, 41.0576060034 ],
							[ 28.7745058954, 41.0571595222 ],
							[ 28.7746601803, 41.0571672895 ],
							[ 28.7749139549, 41.0572283832 ],
							[ 28.7749157274, 41.0572436381 ],
							[ 28.7749128062, 41.0572768877 ],
							[ 28.7749196303, 41.0572772313 ],
							[ 28.7749157274, 41.0572436381 ],
							[ 28.7749170032, 41.057229117 ],
							[ 28.7749139549, 41.0572283832 ],
							[ 28.7749105577, 41.0571991418 ],
							[ 28.7752302659, 41.0572156867 ],
							[ 28.7751973261, 41.0576223309 ],
							[ 28.7748837894, 41.0576071508 ],
							[ 28.7748820535, 41.0576269138 ]
						]
					]
				]
			},
			"properties" : {
				"ISTASYON" : "Tema Park",
				"PROJE_ADI" : "M11 Halkalı - İstanbul Havalimanı Metro Hattı",
				"PROJE_ASAMA" : "İnşaat Aşamasında",
				"HAT_TURU" : "Metro",
				"MUDURLUK" : "AYGM"
			}
		},
		{
			"type" : "Feature",
			"geometry" : {
				"type" : "Polygon",
				"coordinates" : [
					[
						[ 28.7666815363, 41.120355498 ],
						[ 28.7664437212, 41.1203645327 ],
						[ 28.7663362015, 41.118745987 ],
						[ 28.7665740107, 41.1187369525 ],
						[ 28.7666815363, 41.120355498 ]
					]
				]
			},
			"properties" : {
				"ISTASYON" : "Kayaşehir Merkez",
				"PROJE_ADI" : "M3 Kirazlı - Kayaşehir Merkez Metro Hattı",
				"PROJE_ASAMA" : "Mevcut Hattaki İstasyon",
				"HAT_TURU" : "Metro",
				"MUDURLUK" : "Avrupa Yakası Raylı Sistemler Müdürlüğü"
			}
		},
		{
			"type" : "Feature",
			"geometry" : {
				"type" : "Polygon",
				"coordinates" : [
					[
						[ 28.7466171182, 41.1782134502 ],
						[ 28.74664659, 41.1781646286 ],
						[ 28.7469631678, 41.1782713944 ],
						[ 28.746933935, 41.1783206914 ],
						[ 28.7466171182, 41.1782134502 ]
					]
				]
			},
			"properties" : {
				"ISTASYON" : "Arnavutköy -1",
				"PROJE_ADI" : "M11 Halkalı - İstanbul Havalimanı Metro Hattı",
				"PROJE_ASAMA" : "İnşaat Aşamasında",
				"HAT_TURU" : "Metro",
				"MUDURLUK" : "AYGM"
			}
		},
		{
			"type" : "Feature",
			"geometry" : {
				"type" : "MultiPolygon",
				"coordinates" : [
					[
						[
							[ 28.7660602812, 41.1184305881 ],
							[ 28.7655424998, 41.1184384324 ],
							[ 28.7655314141, 41.1180198649 ],
							[ 28.766049191, 41.1180120206 ],
							[ 28.7660602812, 41.1184305881 ]
						]
					],
					[
						[
							[ 28.7659428564, 41.1162740896 ],
							[ 28.765924658, 41.116573583 ],
							[ 28.7664402255, 41.1165914994 ],
							[ 28.7664438733, 41.1167291203 ],
							[ 28.7664831632, 41.1167289747 ],
							[ 28.7664863366, 41.1168486948 ],
							[ 28.7664470573, 41.1168492898 ],
							[ 28.7664396167, 41.116945959 ],
							[ 28.766365034, 41.1169443878 ],
							[ 28.7663516061, 41.1166623244 ],
							[ 28.7654908561, 41.1166324107 ],
							[ 28.7655273881, 41.1162493777 ],
							[ 28.7659428564, 41.1162740896 ]
						]
					]
				]
			},
			"properties" : {
				"ISTASYON" : "Kayaşehir Merkez",
				"PROJE_ADI" : "M11 Halkalı - İstanbul Havalimanı Metro Hattı",
				"PROJE_ASAMA" : "İnşaat Aşamasında",
				"HAT_TURU" : "Metro",
				"MUDURLUK" : "Ulaştırma Bakanlığı"
			}
		},
		{
			"type" : "Feature",
			"geometry" : {
				"type" : "MultiPolygon",
				"coordinates" : [
					[
						[
							[ 28.7663691518, 41.1169470268 ],
							[ 28.7664396167, 41.116945959 ],
							[ 28.7664444942, 41.1171120183 ],
							[ 28.7663730773, 41.1171131111 ],
							[ 28.7663691518, 41.1169470268 ]
						]
					],
					[
						[
							[ 28.7660147132, 41.118103944 ],
							[ 28.7659432954, 41.1181050266 ],
							[ 28.7659331468, 41.1176805993 ],
							[ 28.766002201, 41.1176791843 ],
							[ 28.7660147132, 41.118103944 ]
						]
					]
				]
			},
			"properties" : {
				"ISTASYON" : "Kayaşehir Merkez",
				"PROJE_ADI" : "M11 Halkalı - İstanbul Havalimanı Metro Hattı",
				"PROJE_ASAMA" : "İnşaat Aşamasında",
				"HAT_TURU" : "Metro",
				"MUDURLUK" : "Ulaştırma Bakanlığı"
			}
		},
		{
			"type" : "Feature",
			"geometry" : {
				"type" : "Polygon",
				"coordinates" : [
					[
						[ 28.7734506939, 41.0053097965 ],
						[ 28.7737050286, 41.0057278711 ],
						[ 28.7738234442, 41.0059326056 ],
						[ 28.773906648, 41.006080934 ],
						[ 28.7739947938, 41.0062417428 ],
						[ 28.7740714888, 41.0063850378 ],
						[ 28.7741200612, 41.0064757905 ],
						[ 28.7742114568, 41.0066575633 ],
						[ 28.7742810698, 41.0067974476 ],
						[ 28.77446781, 41.0071930985 ],
						[ 28.7743553546, 41.0072224931 ],
						[ 28.7742341414, 41.0069624986 ],
						[ 28.7740308929, 41.0065529321 ],
						[ 28.7738698765, 41.0062482765 ],
						[ 28.7736438502, 41.0058456182 ],
						[ 28.773577548, 41.0057323099 ],
						[ 28.7733434016, 41.0053485223 ],
						[ 28.7734506939, 41.0053097965 ]
					]
				]
			},
			"properties" : {
				"ISTASYON" : "Mustafa Kemal",
				"PROJE_ADI" : "Halkalı - Gebze Marmaray Yüzeysel Metro Hattı",
				"PROJE_ASAMA" : "Mevcut Hattaki İstasyon",
				"HAT_TURU" : "Banliyö",
				"MUDURLUK" : "Ulaştırma Bakanlığı"
			}
		},
		{
			"type" : "Feature",
			"geometry" : {
				"type" : "Polygon",
				"coordinates" : [
					[
						[ 28.7870046746, 40.9730956031 ],
						[ 28.7871151039, 40.973059242 ],
						[ 28.7871035073, 40.9730390105 ],
						[ 28.7872369536, 40.9729938924 ],
						[ 28.7871878203, 40.972908175 ],
						[ 28.7875963981, 40.9727736397 ],
						[ 28.7876460769, 40.9728591772 ],
						[ 28.7878222638, 40.9728023412 ],
						[ 28.7878338606, 40.9728225727 ],
						[ 28.787948472, 40.972786795 ],
						[ 28.7879642268, 40.9728189118 ],
						[ 28.7878527956, 40.9728556036 ],
						[ 28.7878643924, 40.972875836 ],
						[ 28.7876893319, 40.9729346576 ],
						[ 28.7877194698, 40.9729883445 ],
						[ 28.7875549488, 40.9730425179 ],
						[ 28.787618614, 40.9731535859 ],
						[ 28.7877450019, 40.9731119695 ],
						[ 28.7877677223, 40.9731516072 ],
						[ 28.7875835893, 40.9732122386 ],
						[ 28.7874972028, 40.973061532 ],
						[ 28.787310565, 40.9731223131 ],
						[ 28.7872796491, 40.9730683784 ],
						[ 28.7871456352, 40.9731125054 ],
						[ 28.7871340374, 40.9730922739 ],
						[ 28.7870236093, 40.9731286342 ],
						[ 28.7870046746, 40.9730956031 ]
					]
				]
			},
			"properties" : {
				"ISTASYON" : "Florya",
				"PROJE_ADI" : "Halkalı - Gebze Marmaray Yüzeysel Metro Hattı",
				"PROJE_ASAMA" : "Mevcut Hattaki İstasyon",
				"HAT_TURU" : "Banliyö",
				"MUDURLUK" : "Ulaştırma Bakanlığı"
			}
		},
		{
			"type" : "Feature",
			"geometry" : {
				"type" : "Polygon",
				"coordinates" : [
					[
						[ 28.786271641, 40.9734063716 ],
						[ 28.7862234213, 40.9733223914 ],
						[ 28.788676099, 40.9725150984 ],
						[ 28.788723562, 40.9725991444 ],
						[ 28.786271641, 40.9734063716 ]
					]
				]
			},
			"properties" : {
				"ISTASYON" : "Florya",
				"PROJE_ADI" : "Halkalı - Gebze Marmaray Yüzeysel Metro Hattı",
				"PROJE_ASAMA" : "Mevcut Hattaki İstasyon",
				"HAT_TURU" : "Banliyö",
				"MUDURLUK" : "Ulaştırma Bakanlığı"
			}
		},
		{
			"type" : "Feature",
			"geometry" : {
				"type" : "MultiPolygon",
				"coordinates" : [
					[
						[
							[ 28.796821981, 40.9677737461 ],
							[ 28.7967287169, 40.9678731744 ],
							[ 28.7966696636, 40.9678413496 ],
							[ 28.7967629278, 40.9677419214 ],
							[ 28.796821981, 40.9677737461 ]
						]
					],
					[
						[
							[ 28.7972156577, 40.9680299507 ],
							[ 28.7971208601, 40.9681310138 ],
							[ 28.7970463175, 40.9680908417 ],
							[ 28.7971402144, 40.9679917538 ],
							[ 28.7972156577, 40.9680299507 ]
						]
					]
				]
			},
			"properties" : {
				"ISTASYON" : "Florya Akvaryum",
				"PROJE_ADI" : "Halkalı - Gebze Marmaray Yüzeysel Metro Hattı",
				"PROJE_ASAMA" : "Mevcut Hattaki İstasyon",
				"HAT_TURU" : "Banliyö",
				"MUDURLUK" : "Ulaştırma Bakanlığı"
			}
		},
		{
			"type" : "Feature",
			"geometry" : {
				"type" : "MultiPolygon",
				"coordinates" : [
					[
						[
							[ 28.8375987028, 40.9655173474 ],
							[ 28.837582689, 40.9655280858 ],
							[ 28.8374723042, 40.9654362144 ],
							[ 28.8374914828, 40.9654227535 ],
							[ 28.8375987028, 40.9655173474 ]
						]
					],
					[
						[
							[ 28.8375194814, 40.965355698 ],
							[ 28.837476076, 40.9653878077 ],
							[ 28.837429233, 40.9653531032 ],
							[ 28.8374555812, 40.9653372393 ],
							[ 28.8374385056, 40.9653216416 ],
							[ 28.837463417, 40.9653049384 ],
							[ 28.8375194814, 40.965355698 ]
						]
					],
					[
						[
							[ 28.8371144531, 40.9654658998 ],
							[ 28.8370548441, 40.9655058688 ],
							[ 28.8369482075, 40.9654144903 ],
							[ 28.8370078153, 40.9653745223 ],
							[ 28.8371144531, 40.9654658998 ]
						]
					]
				]
			},
			"properties" : {
				"ISTASYON" : "Yeşilyurt",
				"PROJE_ADI" : "Halkalı - Gebze Marmaray Yüzeysel Metro Hattı",
				"PROJE_ASAMA" : "Mevcut Hattaki İstasyon",
				"HAT_TURU" : "Banliyö",
				"MUDURLUK" : "Ulaştırma Bakanlığı"
			}
		},
		{
			"type" : "Feature",
			"geometry" : {
				"type" : "Polygon",
				"coordinates" : [
					[
						[ 28.837430055, 40.9653116821 ],
						[ 28.8374588317, 40.9653356611 ],
						[ 28.837429233, 40.9653531032 ],
						[ 28.837475871, 40.9653903503 ],
						[ 28.8374634153, 40.9653987014 ],
						[ 28.8374767943, 40.9654101657 ],
						[ 28.8374554422, 40.9654244835 ],
						[ 28.8375774258, 40.9655290115 ],
						[ 28.8374719994, 40.9655997029 ],
						[ 28.837533779, 40.9656526416 ],
						[ 28.8374878992, 40.9656839897 ],
						[ 28.8374239568, 40.9656319161 ],
						[ 28.8373496695, 40.9656817277 ],
						[ 28.8372516878, 40.9655977672 ],
						[ 28.8372272738, 40.9656135372 ],
						[ 28.8372068121, 40.9655960027 ],
						[ 28.8371863495, 40.9656097234 ],
						[ 28.8370606272, 40.9655019913 ],
						[ 28.8371051107, 40.9654721636 ],
						[ 28.8370572164, 40.9654270455 ],
						[ 28.8371288351, 40.9653790234 ],
						[ 28.8370613415, 40.9653211879 ],
						[ 28.8371055593, 40.9652894341 ],
						[ 28.8371768777, 40.9653468103 ],
						[ 28.837285862, 40.9652737338 ],
						[ 28.8373740057, 40.9653492641 ],
						[ 28.837430055, 40.9653116821 ]
					]
				]
			},
			"properties" : {
				"ISTASYON" : "Yeşilyurt",
				"PROJE_ADI" : "Halkalı - Gebze Marmaray Yüzeysel Metro Hattı",
				"PROJE_ASAMA" : "Mevcut Hattaki İstasyon",
				"HAT_TURU" : "Banliyö",
				"MUDURLUK" : "Ulaştırma Bakanlığı"
			}
		},
		{
			"type" : "Feature",
			"geometry" : {
				"type" : "Polygon",
				"coordinates" : [
					[
						[ 29.0298874924, 40.9990677445 ],
						[ 29.0299472951, 40.9993322576 ],
						[ 29.0300262687, 40.9995959945 ],
						[ 29.0301086241, 40.9998454013 ],
						[ 29.0305144301, 41.001037865 ],
						[ 29.0303843933, 41.0010632641 ],
						[ 29.0300105053, 40.9999645888 ],
						[ 29.0299386384, 40.9997534014 ],
						[ 29.0298791153, 40.9995616359 ],
						[ 29.029827121, 40.999371225 ],
						[ 29.0298121733, 40.9993010049 ],
						[ 29.0297694188, 40.99907989 ],
						[ 29.0298874924, 40.9990677445 ]
					]
				]
			},
			"properties" : {
				"ISTASYON" : "Ayrılık Çeşmesi",
				"PROJE_ADI" : "Halkalı - Gebze Marmaray Yüzeysel Metro Hattı",
				"PROJE_ASAMA" : "Mevcut Hattaki İstasyon",
				"HAT_TURU" : "Banliyö",
				"MUDURLUK" : "Ulaştırma Bakanlığı"
			}
		},
		{
			"type" : "Feature",
			"geometry" : {
				"type" : "Polygon",
				"coordinates" : [
					[
						[ 28.8578454014, 41.0196289724 ],
						[ 28.8578225084, 41.0195759116 ],
						[ 28.8574914595, 41.0196578403 ],
						[ 28.8574416891, 41.0196411327 ],
						[ 28.8573570022, 41.0194448419 ],
						[ 28.8582722856, 41.019218323 ],
						[ 28.8583911818, 41.0194938986 ],
						[ 28.8578454014, 41.0196289724 ]
					]
				]
			},
			"properties" : {
				"ISTASYON" : "Yıldıztepe",
				"PROJE_ADI" : "M3 Kirazlı-Bakırköy İDO Metro Hattı Uzatması",
				"PROJE_ASAMA" : "İnşaat Aşamasında",
				"HAT_TURU" : "Metro",
				"MUDURLUK" : "AYGM"
			}
		},
		{
			"type" : "Feature",
			"geometry" : {
				"type" : "Polygon",
				"coordinates" : [
					[
						[ 28.8179649976, 41.0150627956 ],
						[ 28.8179586171, 41.0149097293 ],
						[ 28.8180275266, 41.0149080814 ],
						[ 28.8180339072, 41.0150611477 ],
						[ 28.8179649976, 41.0150627956 ]
					]
				]
			},
			"properties" : {
				"ISTASYON" : "Doğu Sanayi",
				"PROJE_ADI" : "M9 (U1) Ataköy -  Bahariye Hattı",
				"PROJE_ASAMA" : "İnşaat Aşamasında",
				"HAT_TURU" : "Metro",
				"MUDURLUK" : "Avrupa Yakası Raylı Sistemler Müdürlüğü"
			}
		},
		{
			"type" : "Feature",
			"geometry" : {
				"type" : "Polygon",
				"coordinates" : [
					[
						[ 28.9897261714, 41.032697936 ],
						[ 28.9897845437, 41.0326642184 ],
						[ 28.9898459681, 41.0326287384 ],
						[ 28.9899043403, 41.0325950216 ],
						[ 28.9898968976, 41.032587634 ],
						[ 28.9899900567, 41.0325338227 ],
						[ 28.9917771267, 41.0343077494 ],
						[ 28.9918091739, 41.0343397462 ],
						[ 28.9918409874, 41.0343718761 ],
						[ 28.9918725663, 41.034404138 ],
						[ 28.9917782619, 41.0344567946 ],
						[ 28.991771546, 41.0344499015 ],
						[ 28.9917285464, 41.0344747403 ],
						[ 28.9917356276, 41.0344817698 ],
						[ 28.9916452505, 41.0345339753 ],
						[ 28.9916381682, 41.0345269448 ],
						[ 28.9915951685, 41.0345517827 ],
						[ 28.9916021735, 41.0345585081 ],
						[ 28.9915101821, 41.0346134619 ],
						[ 28.9914774358, 41.0345818737 ],
						[ 28.9914449201, 41.0345501494 ],
						[ 28.9914126361, 41.03451829 ],
						[ 28.9896255726, 41.0327443649 ],
						[ 28.9897187286, 41.032690552 ],
						[ 28.9897261713, 41.0326979396 ],
						[ 28.9897261714, 41.032697936 ]
					]
				]
			},
			"properties" : {
				"ISTASYON" : "Kabataş",
				"PROJE_ADI" : "M7 (U2) Kabataş - Mecidiyeköy Metro Hattı",
				"PROJE_ASAMA" : "İnşaat Aşamasında",
				"HAT_TURU" : "Metro",
				"MUDURLUK" : "Avrupa Yakası Raylı Sistemler Müdürlüğü"
			}
		},
		{
			"type" : "Feature",
			"geometry" : {
				"type" : "Polygon",
				"coordinates" : [
					[
						[ 29.0075891816, 41.0426245351 ],
						[ 29.007689707, 41.0430868554 ],
						[ 29.0075347059, 41.0435057037 ],
						[ 29.0075047699, 41.0434998208 ],
						[ 29.0074901782, 41.0435207933 ],
						[ 29.0074608948, 41.0435374081 ],
						[ 29.0074208981, 41.0435416702 ],
						[ 29.0074022358, 41.0435380716 ],
						[ 29.0073762321, 41.0435252775 ],
						[ 29.0073632832, 41.043512504 ],
						[ 29.0073555038, 41.0434977896 ],
						[ 29.0073560625, 41.0434678089 ],
						[ 29.0073262889, 41.0434614934 ],
						[ 29.0073901498, 41.0432889289 ],
						[ 29.0073013078, 41.042880331 ],
						[ 29.0071605974, 41.0428978686 ],
						[ 29.0071503115, 41.0428369887 ],
						[ 29.0075322618, 41.0427840212 ],
						[ 29.0075118309, 41.0426346328 ],
						[ 29.0075891816, 41.0426245351 ]
					]
				]
			},
			"properties" : {
				"ISTASYON" : "Beşiktaş",
				"PROJE_ADI" : "M7 (U2) Kabataş - Mecidiyeköy Metro Hattı",
				"PROJE_ASAMA" : "İnşaat Aşamasında",
				"HAT_TURU" : "Metro",
				"MUDURLUK" : "Avrupa Yakası Raylı Sistemler Müdürlüğü"
			}
		},
		{
			"type" : "Feature",
			"geometry" : {
				"type" : "Polygon",
				"coordinates" : [
					[
						[ 29.0256207074, 40.9910742266 ],
						[ 29.0253306392, 40.9911228278 ],
						[ 29.0253255077, 40.9911052446 ],
						[ 29.0256155758, 40.9910566434 ],
						[ 29.0256207074, 40.9910742266 ]
					]
				]
			},
			"properties" : {
				"ISTASYON" : "Çarsı",
				"PROJE_ADI" : "T3 Kadıköy - Moda Nostaljik Tramvay Hattı",
				"PROJE_ASAMA" : "Mevcut Hattaki İstasyon",
				"HAT_TURU" : "Tramvay",
				"MUDURLUK" : "Avrupa Yakası Raylı Sistemler Müdürlüğü"
			}
		},
		{
			"type" : "Feature",
			"geometry" : {
				"type" : "Polygon",
				"coordinates" : [
					[
						[ 29.0209028439, 40.9899623869 ],
						[ 29.0208902425, 40.989977654 ],
						[ 29.020638375, 40.9898582978 ],
						[ 29.0206509764, 40.9898430298 ],
						[ 29.0209028439, 40.9899623869 ]
					]
				]
			},
			"properties" : {
				"ISTASYON" : "İDO",
				"PROJE_ADI" : "T3 Kadıköy - Moda Nostaljik Tramvay Hattı",
				"PROJE_ASAMA" : "Mevcut Hattaki İstasyon",
				"HAT_TURU" : "Tramvay",
				"MUDURLUK" : "Avrupa Yakası Raylı Sistemler Müdürlüğü"
			}
		},
		{
			"type" : "Feature",
			"geometry" : {
				"type" : "Polygon",
				"coordinates" : [
					[
						[ 28.9924404034, 41.0337512605 ],
						[ 28.9920173848, 41.0339719174 ],
						[ 28.9919816344, 41.0339326193 ],
						[ 28.9924046517, 41.0337119625 ],
						[ 28.9924404034, 41.0337512605 ]
					]
				]
			},
			"properties" : {
				"ISTASYON" : "Kabataş",
				"PROJE_ADI" : "Taksim - Kabataş Finiküleri",
				"PROJE_ASAMA" : "Mevcut Hattaki İstasyon",
				"HAT_TURU" : "Metro",
				"MUDURLUK" : "Avrupa Yakası Raylı Sistemler Müdürlüğü"
			}
		},
		{
			"type" : "Feature",
			"geometry" : {
				"type" : "Polygon",
				"coordinates" : [
					[
						[ 28.9896517964, 41.0316709187 ],
						[ 28.9896212086, 41.0316842462 ],
						[ 28.9892303393, 41.0312332006 ],
						[ 28.9892595466, 41.0312198601 ],
						[ 28.9896517964, 41.0316709187 ]
					]
				]
			},
			"properties" : {
				"ISTASYON" : "Fındıklı",
				"PROJE_ADI" : "T1 Kabataş - Bağcılar Tramvay Hattı",
				"PROJE_ASAMA" : "Mevcut Hattaki İstasyon",
				"HAT_TURU" : "Tramvay",
				"MUDURLUK" : "Avrupa Yakası Raylı Sistemler Müdürlüğü"
			}
		},
		{
			"type" : "Feature",
			"geometry" : {
				"type" : "Polygon",
				"coordinates" : [
					[
						[ 28.9760553814, 41.0154292835 ],
						[ 28.9760200293, 41.0154394362 ],
						[ 28.9758621591, 41.0151667648 ],
						[ 28.9757549242, 41.0149815475 ],
						[ 28.975740501, 41.014952191 ],
						[ 28.9757260779, 41.0149228345 ],
						[ 28.9757601868, 41.0149103423 ],
						[ 28.9760068259, 41.0153251664 ],
						[ 28.9760435732, 41.0153980234 ],
						[ 28.9760502458, 41.0154154612 ],
						[ 28.9760553814, 41.0154292835 ]
					]
				]
			},
			"properties" : {
				"ISTASYON" : "Sirkeci",
				"PROJE_ADI" : "T1 Kabataş - Bağcılar Tramvay Hattı",
				"PROJE_ASAMA" : "Mevcut Hattaki İstasyon",
				"HAT_TURU" : "Tramvay",
				"MUDURLUK" : "Avrupa Yakası Raylı Sistemler Müdürlüğü"
			}
		},
		{
			"type" : "Feature",
			"geometry" : {
				"type" : "MultiPolygon",
				"coordinates" : [
					[
						[
							[ 28.9744739015, 41.0218875204 ],
							[ 28.9748047113, 41.0223453036 ],
							[ 28.9747819441, 41.0223546709 ],
							[ 28.974452815, 41.0218958491 ],
							[ 28.9744582596, 41.0218940534 ],
							[ 28.9744736721, 41.0218872041 ],
							[ 28.9744739015, 41.0218875204 ]
						]
					],
					[
						[
							[ 28.9749092805, 41.0222818433 ],
							[ 28.9748832083, 41.022292649 ],
							[ 28.9748889152, 41.0223005471 ],
							[ 28.974868058, 41.0223091921 ],
							[ 28.9745427372, 41.0218589892 ],
							[ 28.9745635944, 41.0218503442 ],
							[ 28.9747002778, 41.0220394964 ],
							[ 28.9748369608, 41.0222286485 ],
							[ 28.9748628417, 41.0222176016 ],
							[ 28.9749092805, 41.0222818433 ]
						]
					]
				]
			},
			"properties" : {
				"ISTASYON" : "Karaköy",
				"PROJE_ADI" : "T1 Kabataş - Bağcılar Tramvay Hattı",
				"PROJE_ASAMA" : "Mevcut Hattaki İstasyon",
				"HAT_TURU" : "Tramvay",
				"MUDURLUK" : "Avrupa Yakası Raylı Sistemler Müdürlüğü"
			}
		},
		{
			"type" : "Feature",
			"geometry" : {
				"type" : "MultiPolygon",
				"coordinates" : [
					[
						[
							[ 28.973650322, 41.0175087338 ],
							[ 28.9729351778, 41.017564923 ],
							[ 28.9729309269, 41.0175384167 ],
							[ 28.9736435188, 41.0174728537 ],
							[ 28.973650322, 41.0175087338 ]
						]
					],
					[
						[
							[ 28.9734884249, 41.0174260695 ],
							[ 28.9727810133, 41.0174836683 ],
							[ 28.972775836, 41.0174471552 ],
							[ 28.9734832511, 41.0173896151 ],
							[ 28.9734884249, 41.0174260695 ]
						]
					]
				]
			},
			"properties" : {
				"ISTASYON" : "Eminönü",
				"PROJE_ADI" : "T1 Kabataş - Bağcılar Tramvay Hattı",
				"PROJE_ASAMA" : "Mevcut Hattaki İstasyon",
				"HAT_TURU" : "Tramvay",
				"MUDURLUK" : "Avrupa Yakası Raylı Sistemler Müdürlüğü"
			}
		},
		{
			"type" : "Feature",
			"geometry" : {
				"type" : "MultiPolygon",
				"coordinates" : [
					[
						[
							[ 28.9268214128, 41.0183753709 ],
							[ 28.9268087092, 41.018359657 ],
							[ 28.92734471, 41.0181028065 ],
							[ 28.9273403984, 41.0180981651 ],
							[ 28.9273851344, 41.0180783576 ],
							[ 28.9273924102, 41.0180849535 ],
							[ 28.9274271133, 41.0180680781 ],
							[ 28.9274379427, 41.018082802 ],
							[ 28.9268214128, 41.0183753709 ]
						]
					],
					[
						[
							[ 28.9274894199, 41.0181509841 ],
							[ 28.9274608063, 41.0181655751 ],
							[ 28.9274673749, 41.018173263 ],
							[ 28.9268832454, 41.0184515555 ],
							[ 28.9268611744, 41.0184240757 ],
							[ 28.9274756574, 41.0181323881 ],
							[ 28.9274894199, 41.0181509841 ]
						]
					]
				]
			},
			"properties" : {
				"ISTASYON" : "Pazartekke",
				"PROJE_ADI" : "T1 Kabataş - Bağcılar Tramvay Hattı",
				"PROJE_ASAMA" : "Mevcut Hattaki İstasyon",
				"HAT_TURU" : "Tramvay",
				"MUDURLUK" : "Avrupa Yakası Raylı Sistemler Müdürlüğü"
			}
		},
		{
			"type" : "Feature",
			"geometry" : {
				"type" : "MultiPolygon",
				"coordinates" : [
					[
						[
							[ 28.920070087, 41.0412700583 ],
							[ 28.9200256467, 41.0412349634 ],
							[ 28.920208166, 41.041102472 ],
							[ 28.9202115295, 41.0411025261 ],
							[ 28.9203414249, 41.0410081097 ],
							[ 28.920383653, 41.0410414703 ],
							[ 28.9203065748, 41.0410983922 ],
							[ 28.920070087, 41.0412700583 ]
						]
					],
					[
						[
							[ 28.9188162353, 41.0421714789 ],
							[ 28.9187748471, 41.0421387632 ],
							[ 28.9188524835, 41.0420824094 ],
							[ 28.9188727001, 41.0420677356 ],
							[ 28.918872883, 41.0420611381 ],
							[ 28.9190271338, 41.0419491546 ],
							[ 28.9190355589, 41.0419492886 ],
							[ 28.9191574974, 41.041860777 ],
							[ 28.9191990576, 41.0418935986 ],
							[ 28.9188162353, 41.0421714789 ]
						]
					]
				]
			},
			"properties" : {
				"ISTASYON" : "Topçular",
				"PROJE_ADI" : "T4 Topkapı - Mescid-i Selam Tramvay Hattı",
				"PROJE_ASAMA" : "Mevcut Hattaki İstasyon",
				"HAT_TURU" : "Tramvay",
				"MUDURLUK" : "Avrupa Yakası Raylı Sistemler Müdürlüğü"
			}
		},
		{
			"type" : "Feature",
			"geometry" : {
				"type" : "MultiPolygon",
				"coordinates" : [
					[
						[
							[ 28.909433143, 41.0081141661 ],
							[ 28.9094037635, 41.008121594 ],
							[ 28.9091637133, 41.0076068787 ],
							[ 28.9091893824, 41.0075998965 ],
							[ 28.909433143, 41.0081141661 ]
						]
					],
					[
						[
							[ 28.9095301228, 41.0080884117 ],
							[ 28.909504733, 41.0080953111 ],
							[ 28.9092567949, 41.0075716781 ],
							[ 28.9092845827, 41.0075610638 ],
							[ 28.9095301228, 41.0080884117 ]
						]
					]
				]
			},
			"properties" : {
				"ISTASYON" : "Seyitnizam",
				"PROJE_ADI" : "T1 Kabataş - Bağcılar Tramvay Hattı",
				"PROJE_ASAMA" : "Mevcut Hattaki İstasyon",
				"HAT_TURU" : "Tramvay",
				"MUDURLUK" : "Avrupa Yakası Raylı Sistemler Müdürlüğü"
			}
		},
		{
			"type" : "Feature",
			"geometry" : {
				"type" : "MultiPolygon",
				"coordinates" : [
					[
						[
							[ 28.8636828017, 40.9953977715 ],
							[ 28.8636361833, 40.9954880303 ],
							[ 28.8625320823, 40.9951606615 ],
							[ 28.862578702, 40.9950704032 ],
							[ 28.8636828017, 40.9953977715 ]
						]
					],
					[
						[
							[ 28.8636081644, 40.9955422775 ],
							[ 28.8635615446, 40.9956325362 ],
							[ 28.8624574416, 40.9953051666 ],
							[ 28.8625040616, 40.9952149084 ],
							[ 28.8636081644, 40.9955422775 ]
						]
					]
				]
			},
			"properties" : {
				"ISTASYON" : "Bahçelievler",
				"PROJE_ADI" : "M1A Yenikapı - Atatürk Havalimanı Metro Hattı",
				"PROJE_ASAMA" : "Mevcut Hattaki İstasyon",
				"HAT_TURU" : "Metro",
				"MUDURLUK" : "Avrupa Yakası Raylı Sistemler Müdürlüğü"
			}
		},
		{
			"type" : "Feature",
			"geometry" : {
				"type" : "Polygon",
				"coordinates" : [
					[
						[ 28.8212994848, 40.9790852207 ],
						[ 28.8210845235, 40.9800166344 ],
						[ 28.820957607, 40.9800004799 ],
						[ 28.8211704032, 40.9790681106 ],
						[ 28.8212994848, 40.9790852207 ]
					]
				]
			},
			"properties" : {
				"ISTASYON" : "Havaalanı",
				"PROJE_ADI" : "M1A Yenikapı - Atatürk Havalimanı Metro Hattı",
				"PROJE_ASAMA" : "Mevcut Hattaki İstasyon",
				"HAT_TURU" : "Metro",
				"MUDURLUK" : "Avrupa Yakası Raylı Sistemler Müdürlüğü"
			}
		},
		{
			"type" : "Feature",
			"geometry" : {
				"type" : "Polygon",
				"coordinates" : [
					[
						[ 29.0255312087, 41.1288183783 ],
						[ 29.0250598195, 41.1303993572 ],
						[ 29.0247258166, 41.1303424242 ],
						[ 29.0251972394, 41.1287614505 ],
						[ 29.0255312087, 41.1288183783 ]
					]
				]
			},
			"properties" : {
				"ISTASYON" : "Darüşşafaka",
				"PROJE_ADI" : "M2 Yenikapı Seyrantepe - Hacıosman Metro Hattı",
				"PROJE_ASAMA" : "Mevcut Hattaki İstasyon",
				"HAT_TURU" : "Metro",
				"MUDURLUK" : "Avrupa Yakası Raylı Sistemler Müdürlüğü"
			}
		},
		{
			"type" : "Feature",
			"geometry" : {
				"type" : "Polygon",
				"coordinates" : [
					[
						[ 29.0244447767, 41.1173627785 ],
						[ 29.0242843104, 41.1191656963 ],
						[ 29.0239427825, 41.1191483125 ],
						[ 29.0241032569, 41.1173453944 ],
						[ 29.0244447767, 41.1173627785 ]
					]
				]
			},
			"properties" : {
				"ISTASYON" : "Atatürk Oto Sanayi",
				"PROJE_ADI" : "M2 Yenikapı Seyrantepe - Hacıosman Metro Hattı",
				"PROJE_ASAMA" : "Mevcut Hattaki İstasyon",
				"HAT_TURU" : "Metro",
				"MUDURLUK" : "Avrupa Yakası Raylı Sistemler Müdürlüğü"
			}
		},
		{
			"type" : "Feature",
			"geometry" : {
				"type" : "Polygon",
				"coordinates" : [
					[
						[ 28.8430528285, 41.0338889815 ],
						[ 28.842758431, 41.0339439099 ],
						[ 28.8418538688, 41.031163941 ],
						[ 28.8421482545, 41.0311090148 ],
						[ 28.8430528285, 41.0338889815 ]
					]
				]
			},
			"properties" : {
				"ISTASYON" : "Kirazlı",
				"PROJE_ADI" : "Kirazlı - Otogar Metrosu",
				"PROJE_ASAMA" : "Mevcut Hattaki İstasyon",
				"HAT_TURU" : "Metro",
				"MUDURLUK" : "Avrupa Yakası Raylı Sistemler Müdürlüğü"
			}
		},
		{
			"type" : "Feature",
			"geometry" : {
				"type" : "Polygon",
				"coordinates" : [
					[
						[ 29.1383440978, 40.9365514925 ],
						[ 29.1404370076, 40.9348456675 ],
						[ 29.1407773245, 40.9350857893 ],
						[ 29.1386811801, 40.9367942571 ],
						[ 29.1383440978, 40.9365514925 ]
					]
				]
			},
			"properties" : {
				"ISTASYON" : "Maltepe",
				"PROJE_ADI" : "M4 Kadıköy - SGH Metro Hattı",
				"PROJE_ASAMA" : "Mevcut Hattaki İstasyon",
				"HAT_TURU" : "Metro",
				"MUDURLUK" : "Anadolu Yakası Raylı Sistemler Müdürlüğü"
			}
		},
		{
			"type" : "Feature",
			"geometry" : {
				"type" : "Polygon",
				"coordinates" : [
					[
						[ 29.1765789428, 40.9171035369 ],
						[ 29.1763874234, 40.9167801275 ],
						[ 29.1802158998, 40.9154754527 ],
						[ 29.1813300223, 40.9153216661 ],
						[ 29.181413148, 40.9154620199 ],
						[ 29.1807377985, 40.9156862657 ],
						[ 29.1765789428, 40.9171035369 ]
					]
				]
			},
			"properties" : {
				"ISTASYON" : "Hastane - Adliye",
				"PROJE_ADI" : "M4 Kadıköy - SGH Metro Hattı",
				"PROJE_ASAMA" : "Mevcut Hattaki İstasyon",
				"HAT_TURU" : "Metro",
				"MUDURLUK" : "Anadolu Yakası Raylı Sistemler Müdürlüğü"
			}
		},
		{
			"type" : "Feature",
			"geometry" : {
				"type" : "Polygon",
				"coordinates" : [
					[
						[ 29.0276113955, 40.9849983895 ],
						[ 29.0275876382, 40.9849988104 ],
						[ 29.0275807048, 40.9847737751 ],
						[ 29.027604462, 40.9847733542 ],
						[ 29.0276113955, 40.9849983895 ]
					]
				]
			},
			"properties" : {
				"ISTASYON" : "Kilise",
				"PROJE_ADI" : "T3 Kadıköy - Moda Nostaljik Tramvay Hattı",
				"PROJE_ASAMA" : "Mevcut Hattaki İstasyon",
				"HAT_TURU" : "Tramvay",
				"MUDURLUK" : "Anadolu Yakası Raylı Sistemler Müdürlüğü"
			}
		},
		{
			"type" : "Feature",
			"geometry" : {
				"type" : "Polygon",
				"coordinates" : [
					[
						[ 29.0268323422, 40.9841764004 ],
						[ 29.0268131772, 40.9841870476 ],
						[ 29.0266375465, 40.9840055112 ],
						[ 29.0266567115, 40.983994864 ],
						[ 29.0268323422, 40.9841764004 ]
					]
				]
			},
			"properties" : {
				"ISTASYON" : "Moda İlkokulu",
				"PROJE_ADI" : "T3 Kadıköy - Moda Nostaljik Tramvay Hattı",
				"PROJE_ASAMA" : "Mevcut Hattaki İstasyon",
				"HAT_TURU" : "Tramvay",
				"MUDURLUK" : "Anadolu Yakası Raylı Sistemler Müdürlüğü"
			}
		},
		{
			"type" : "Feature",
			"geometry" : {
				"type" : "Polygon",
				"coordinates" : [
					[
						[ 28.9876985999, 41.0516802376 ],
						[ 28.9874712971, 41.0533322987 ],
						[ 28.9871319255, 41.0533047587 ],
						[ 28.9873589685, 41.0516539727 ],
						[ 28.9876985999, 41.0516802376 ]
					]
				]
			},
			"properties" : {
				"ISTASYON" : "Osmanbey",
				"PROJE_ADI" : "M2 Yenikapı Seyrantepe - Hacıosman Metro Hattı",
				"PROJE_ASAMA" : "Mevcut Hattaki İstasyon",
				"HAT_TURU" : "Metro",
				"MUDURLUK" : "Avrupa Yakası Raylı Sistemler Müdürlüğü"
			}
		},
		{
			"type" : "Feature",
			"geometry" : {
				"type" : "Polygon",
				"coordinates" : [
					[
						[ 28.9860864328, 41.0389098668 ],
						[ 28.985758891, 41.0389736052 ],
						[ 28.9852316988, 41.0374028183 ],
						[ 28.9855594138, 41.0373397942 ],
						[ 28.9860864328, 41.0389098668 ]
					]
				]
			},
			"properties" : {
				"ISTASYON" : "Taksim",
				"PROJE_ADI" : "M2 Yenikapı Seyrantepe - Hacıosman Metro Hattı",
				"PROJE_ASAMA" : "Mevcut Hattaki İstasyon",
				"HAT_TURU" : "Metro",
				"MUDURLUK" : "Avrupa Yakası Raylı Sistemler Müdürlüğü"
			}
		},
		{
			"type" : "Feature",
			"geometry" : {
				"type" : "MultiPolygon",
				"coordinates" : [
					[
						[
							[ 28.9710015202, 41.0085169813 ],
							[ 28.9710009243, 41.0085125008 ],
							[ 28.9709701081, 41.0085150576 ],
							[ 28.9709681667, 41.0085016282 ],
							[ 28.970789693, 41.0085134161 ],
							[ 28.9707869117, 41.0084896466 ],
							[ 28.9714865628, 41.0084427444 ],
							[ 28.9714881783, 41.0084672779 ],
							[ 28.9710642609, 41.0084938769 ],
							[ 28.9710664177, 41.008512719 ],
							[ 28.9710015202, 41.0085169813 ]
						]
					],
					[
						[
							[ 28.971484146, 41.0083627285 ],
							[ 28.9714875605, 41.0083862326 ],
							[ 28.9707801016, 41.0084338124 ],
							[ 28.9707765025, 41.0084328798 ],
							[ 28.9707738678, 41.0084104623 ],
							[ 28.9707776813, 41.0084098391 ],
							[ 28.9709625759, 41.008397145 ],
							[ 28.9709643066, 41.0083836989 ],
							[ 28.9714800491, 41.0083624668 ],
							[ 28.971484146, 41.0083627285 ]
						]
					]
				]
			},
			"properties" : {
				"ISTASYON" : "Çemberlitaş",
				"PROJE_ADI" : "T1 Kabataş - Bağcılar Tramvay Hattı",
				"PROJE_ASAMA" : "Mevcut Hattaki İstasyon",
				"HAT_TURU" : "Tramvay",
				"MUDURLUK" : "Anadolu Yakası Raylı Sistemler Müdürlüğü"
			}
		},
		{
			"type" : "Feature",
			"geometry" : {
				"type" : "MultiPolygon",
				"coordinates" : [
					[
						[
							[ 28.9328253982, 41.0155780445 ],
							[ 28.932212964, 41.0158745522 ],
							[ 28.9322070478, 41.015873561 ],
							[ 28.9321932064, 41.015857585 ],
							[ 28.9321918327, 41.0158550511 ],
							[ 28.9324716927, 41.0157208885 ],
							[ 28.9327515516, 41.0155867252 ],
							[ 28.932783453, 41.0155723885 ],
							[ 28.9328078183, 41.0155594677 ],
							[ 28.9328102343, 41.0155570139 ],
							[ 28.9328253982, 41.0155780445 ]
						]
					],
					[
						[
							[ 28.9319104497, 41.0158935506 ],
							[ 28.931591354, 41.016047743 ],
							[ 28.9312722568, 41.0162019345 ],
							[ 28.9312573743, 41.0161856552 ],
							[ 28.9313944449, 41.0161153908 ],
							[ 28.9315033041, 41.0160598615 ],
							[ 28.9316972122, 41.0159652887 ],
							[ 28.9318911198, 41.0158707164 ],
							[ 28.9319104497, 41.0158935506 ]
						]
					]
				]
			},
			"properties" : {
				"ISTASYON" : "Çapa",
				"PROJE_ADI" : "T1 Kabataş - Bağcılar Tramvay Hattı",
				"PROJE_ASAMA" : "Mevcut Hattaki İstasyon",
				"HAT_TURU" : "Tramvay",
				"MUDURLUK" : "Anadolu Yakası Raylı Sistemler Müdürlüğü"
			}
		},
		{
			"type" : "Feature",
			"geometry" : {
				"type" : "MultiPolygon",
				"coordinates" : [
					[
						[
							[ 28.9309056771, 41.0236896249 ],
							[ 28.9300536809, 41.0243134898 ],
							[ 28.9300016197, 41.024272711 ],
							[ 28.9308536146, 41.0236488465 ],
							[ 28.9309056771, 41.0236896249 ]
						]
					],
					[
						[
							[ 28.9310131061, 41.0237737715 ],
							[ 28.930161111, 41.024397638 ],
							[ 28.9301090485, 41.0243568583 ],
							[ 28.9309610447, 41.0237329931 ],
							[ 28.9310131061, 41.0237737715 ]
						]
					]
				]
			},
			"properties" : {
				"ISTASYON" : "Topkapı - Ulubatlı",
				"PROJE_ADI" : "M1A Yenikapı - Atatürk Havalimanı Metro Hattı",
				"PROJE_ASAMA" : "Mevcut Hattaki İstasyon",
				"HAT_TURU" : "Metro",
				"MUDURLUK" : "Avrupa Yakası Raylı Sistemler Müdürlüğü"
			}
		},
		{
			"type" : "Feature",
			"geometry" : {
				"type" : "MultiPolygon",
				"coordinates" : [
					[
						[
							[ 28.8964057814, 41.0080791705 ],
							[ 28.8963535065, 41.00808689 ],
							[ 28.8961211129, 41.0071838439 ],
							[ 28.8961733871, 41.0071761244 ],
							[ 28.8964057814, 41.0080791705 ]
						]
					],
					[
						[
							[ 28.8962418834, 41.0081053606 ],
							[ 28.8961896151, 41.0081131072 ],
							[ 28.8959558202, 41.0072079007 ],
							[ 28.8960080878, 41.0072001533 ],
							[ 28.8962418834, 41.0081053606 ]
						]
					]
				]
			},
			"properties" : {
				"ISTASYON" : "Merter",
				"PROJE_ADI" : "M1A Yenikapı - Atatürk Havalimanı Metro Hattı",
				"PROJE_ASAMA" : "Mevcut Hattaki İstasyon",
				"HAT_TURU" : "Metro",
				"MUDURLUK" : "Anadolu Yakası Raylı Sistemler Müdürlüğü"
			}
		},
		{
			"type" : "Feature",
			"geometry" : {
				"type" : "Polygon",
				"coordinates" : [
					[
						[ 28.890695812, 41.0014899396 ],
						[ 28.889880091, 41.0015244426 ],
						[ 28.889877673, 41.0014862208 ],
						[ 28.8901175983, 41.0014664292 ],
						[ 28.8906923078, 41.0014424014 ],
						[ 28.890695812, 41.0014899396 ]
					]
				]
			},
			"properties" : {
				"ISTASYON" : "Zeytinburnu",
				"PROJE_ADI" : "T1 Kabataş - Bağcılar Tramvay Hattı",
				"PROJE_ASAMA" : "Mevcut Hattaki İstasyon",
				"HAT_TURU" : "Tramvay",
				"MUDURLUK" : "Anadolu Yakası Raylı Sistemler Müdürlüğü"
			}
		},
		{
			"type" : "Feature",
			"geometry" : {
				"type" : "MultiPolygon",
				"coordinates" : [
					[
						[
							[ 28.8668982527, 41.0211086907 ],
							[ 28.8668044181, 41.0211971805 ],
							[ 28.8666561951, 41.0213491968 ],
							[ 28.8665625628, 41.0214472779 ],
							[ 28.8664897588, 41.0215234519 ],
							[ 28.8664608886, 41.0215076246 ],
							[ 28.8666057762, 41.0213560287 ],
							[ 28.8666691634, 41.0212901351 ],
							[ 28.8667224959, 41.0212356159 ],
							[ 28.8668210248, 41.021139199 ],
							[ 28.8668721539, 41.0210920327 ],
							[ 28.8668982527, 41.0211086907 ]
						]
					],
					[
						[
							[ 28.8677415172, 41.020455622 ],
							[ 28.8675003129, 41.0206390128 ],
							[ 28.8672591072, 41.0208224031 ],
							[ 28.8672338579, 41.0208033538 ],
							[ 28.8677162679, 41.0204365719 ],
							[ 28.8677415172, 41.020455622 ]
						]
					]
				]
			},
			"properties" : {
				"ISTASYON" : "Soğanlı",
				"PROJE_ADI" : "T1 Kabataş - Bağcılar Tramvay Hattı",
				"PROJE_ASAMA" : "Mevcut Hattaki İstasyon",
				"HAT_TURU" : "Tramvay",
				"MUDURLUK" : "Anadolu Yakası Raylı Sistemler Müdürlüğü"
			}
		},
		{
			"type" : "Feature",
			"geometry" : {
				"type" : "Polygon",
				"coordinates" : [
					[
						[ 28.8610775636, 41.0287439257 ],
						[ 28.86103854, 41.0288539873 ],
						[ 28.8608716107, 41.029238286 ],
						[ 28.8608265936, 41.0292266693 ],
						[ 28.8609902563, 41.0288599203 ],
						[ 28.8610168115, 41.0287953308 ],
						[ 28.8610395664, 41.0287357119 ],
						[ 28.8610775636, 41.0287439257 ]
					]
				]
			},
			"properties" : {
				"ISTASYON" : "Güneştepe",
				"PROJE_ADI" : "T1 Kabataş - Bağcılar Tramvay Hattı",
				"PROJE_ASAMA" : "Mevcut Hattaki İstasyon",
				"HAT_TURU" : "Tramvay",
				"MUDURLUK" : "Anadolu Yakası Raylı Sistemler Müdürlüğü"
			}
		},
		{
			"type" : "Feature",
			"geometry" : {
				"type" : "Polygon",
				"coordinates" : [
					[
						[ 28.8889553069, 41.0374328626 ],
						[ 28.8887466813, 41.0375664762 ],
						[ 28.8885506007, 41.0377105717 ],
						[ 28.8883848271, 41.0378603483 ],
						[ 28.8882868229, 41.037896245 ],
						[ 28.8881961455, 41.0379577883 ],
						[ 28.8880912051, 41.0380556164 ],
						[ 28.8879822393, 41.0381672687 ],
						[ 28.8879406379, 41.0382127039 ],
						[ 28.8878638513, 41.0381493269 ],
						[ 28.8879308486, 41.0380547777 ],
						[ 28.8880168582, 41.0379420441 ],
						[ 28.8881105921, 41.0378277074 ],
						[ 28.8882309793, 41.0376945881 ],
						[ 28.8884757303, 41.0374669241 ],
						[ 28.8887518514, 41.0372608593 ],
						[ 28.8888510033, 41.0373458655 ],
						[ 28.8889553069, 41.0374328626 ]
					]
				]
			},
			"properties" : {
				"ISTASYON" : "Esenler",
				"PROJE_ADI" : "M1B Yenikapı - Kirazlı  Metro Hattı",
				"PROJE_ASAMA" : "Mevcut Hattaki İstasyon",
				"HAT_TURU" : "Metro",
				"MUDURLUK" : "Anadolu Yakası Raylı Sistemler Müdürlüğü"
			}
		},
		{
			"type" : "Feature",
			"geometry" : {
				"type" : "Polygon",
				"coordinates" : [
					[
						[ 29.0991238871, 40.9763794331 ],
						[ 29.0997115988, 40.973987828 ],
						[ 29.100262279, 40.9740655555 ],
						[ 29.0996745971, 40.9764571645 ],
						[ 29.0991238871, 40.9763794331 ]
					]
				]
			},
			"properties" : {
				"ISTASYON" : "Kozyatağı",
				"PROJE_ADI" : "M4 Kadıköy - SGH Metro Hattı",
				"PROJE_ASAMA" : "Mevcut Hattaki İstasyon",
				"HAT_TURU" : "Metro",
				"MUDURLUK" : "Anadolu Yakası Raylı Sistemler Müdürlüğü"
			}
		},
		{
			"type" : "Feature",
			"geometry" : {
				"type" : "Polygon",
				"coordinates" : [
					[
						[ 29.1531829234, 40.9241149419 ],
						[ 29.1558650159, 40.9232054863 ],
						[ 29.156054702, 40.9235273031 ],
						[ 29.1533899394, 40.9244308842 ],
						[ 29.1531829234, 40.9241149419 ]
					]
				]
			},
			"properties" : {
				"ISTASYON" : "Gülsuyu",
				"PROJE_ADI" : "M4 Kadıköy - SGH Metro Hattı",
				"PROJE_ASAMA" : "Mevcut Hattaki İstasyon",
				"HAT_TURU" : "Metro",
				"MUDURLUK" : "Anadolu Yakası Raylı Sistemler Müdürlüğü"
			}
		},
		{
			"type" : "Feature",
			"geometry" : {
				"type" : "Polygon",
				"coordinates" : [
					[
						[ 29.0586119025, 40.9989774181 ],
						[ 29.0586088091, 40.9989792361 ],
						[ 29.0583279102, 40.9986118933 ],
						[ 29.0611649125, 40.9973671966 ],
						[ 29.0614408431, 40.9977361452 ],
						[ 29.0586119025, 40.9989774181 ]
					]
				]
			},
			"properties" : {
				"ISTASYON" : "Ünalan",
				"PROJE_ADI" : "M4 Kadıköy - SGH Metro Hattı",
				"PROJE_ASAMA" : "Mevcut Hattaki İstasyon",
				"HAT_TURU" : "Metro",
				"MUDURLUK" : "Anadolu Yakası Raylı Sistemler Müdürlüğü"
			}
		},
		{
			"type" : "Feature",
			"geometry" : {
				"type" : "Polygon",
				"coordinates" : [
					[
						[ 29.0289870967, 40.9898980495 ],
						[ 29.0289641041, 40.9899026039 ],
						[ 29.0288889714, 40.9896848254 ],
						[ 29.028911964, 40.9896802702 ],
						[ 29.0289870967, 40.9898980495 ]
					]
				]
			},
			"properties" : {
				"ISTASYON" : "Altıyol",
				"PROJE_ADI" : "T3 Kadıköy - Moda Nostaljik Tramvay Hattı",
				"PROJE_ASAMA" : "Mevcut Hattaki İstasyon",
				"HAT_TURU" : "Tramvay",
				"MUDURLUK" : "Anadolu Yakası Raylı Sistemler Müdürlüğü"
			}
		},
		{
			"type" : "Feature",
			"geometry" : {
				"type" : "Polygon",
				"coordinates" : [
					[
						[ 29.0245508736, 40.9840293336 ],
						[ 29.0242747323, 40.9841122779 ],
						[ 29.0242659756, 40.9840955374 ],
						[ 29.0245421181, 40.9840125931 ],
						[ 29.0245508736, 40.9840293336 ]
					]
				]
			},
			"properties" : {
				"ISTASYON" : "Moda",
				"PROJE_ADI" : "T3 Kadıköy - Moda Nostaljik Tramvay Hattı",
				"PROJE_ASAMA" : "Mevcut Hattaki İstasyon",
				"HAT_TURU" : "Tramvay",
				"MUDURLUK" : "Anadolu Yakası Raylı Sistemler Müdürlüğü"
			}
		},
		{
			"type" : "Feature",
			"geometry" : {
				"type" : "MultiPolygon",
				"coordinates" : [
					[
						[
							[ 28.9394424841, 41.0122035934 ],
							[ 28.9391160865, 41.0123223866 ],
							[ 28.9387906862, 41.0124408162 ],
							[ 28.9387823751, 41.0124327717 ],
							[ 28.9387799087, 41.0124237175 ],
							[ 28.9387930521, 41.0123948714 ],
							[ 28.9393405302, 41.0121943523 ],
							[ 28.9394162877, 41.0121622977 ],
							[ 28.9394424841, 41.0122035934 ]
						]
					],
					[
						[
							[ 28.9395488173, 41.0122874843 ],
							[ 28.9394706639, 41.012312308 ],
							[ 28.9388678908, 41.0125427094 ],
							[ 28.9388309351, 41.0124899366 ],
							[ 28.9394687306, 41.0122566664 ],
							[ 28.939496778, 41.0122615609 ],
							[ 28.9395238296, 41.0122509469 ],
							[ 28.9395488173, 41.0122874843 ]
						]
					]
				]
			},
			"properties" : {
				"ISTASYON" : "Fındıkzade",
				"PROJE_ADI" : "T1 Kabataş - Bağcılar Tramvay Hattı",
				"PROJE_ASAMA" : "Mevcut Hattaki İstasyon",
				"HAT_TURU" : "Tramvay",
				"MUDURLUK" : "Avrupa Yakası Raylı Sistemler Müdürlüğü"
			}
		},
		{
			"type" : "Feature",
			"geometry" : {
				"type" : "Polygon",
				"coordinates" : [
					[
						[ 28.923644737, 41.0366210836 ],
						[ 28.9231428609, 41.0374025112 ],
						[ 28.9231107808, 41.0373906984 ],
						[ 28.9236126559, 41.036609271 ],
						[ 28.923644737, 41.0366210836 ]
					]
				]
			},
			"properties" : {
				"ISTASYON" : "Demirkapı",
				"PROJE_ADI" : "T4 Topkapı - Mescid-i Selam Tramvay Hattı",
				"PROJE_ASAMA" : "Mevcut Hattaki İstasyon",
				"HAT_TURU" : "Tramvay",
				"MUDURLUK" : "Avrupa Yakası Raylı Sistemler Müdürlüğü"
			}
		},
		{
			"type" : "Feature",
			"geometry" : {
				"type" : "Polygon",
				"coordinates" : [
					[
						[ 28.9204649754, 41.0336769788 ],
						[ 28.9201111191, 41.0345365485 ],
						[ 28.9200203041, 41.0345151126 ],
						[ 28.9203741614, 41.0336555432 ],
						[ 28.9204649754, 41.0336769788 ]
					]
				]
			},
			"properties" : {
				"ISTASYON" : "Bayrampaşa",
				"PROJE_ADI" : "M1A Yenikapı - Atatürk Havalimanı Metro Hattı",
				"PROJE_ASAMA" : "Mevcut Hattaki İstasyon",
				"HAT_TURU" : "Metro",
				"MUDURLUK" : "Avrupa Yakası Raylı Sistemler Müdürlüğü"
			}
		},
		{
			"type" : "Feature",
			"geometry" : {
				"type" : "MultiPolygon",
				"coordinates" : [
					[
						[
							[ 28.9119481758, 41.0160438375 ],
							[ 28.9119363351, 41.0160582858 ],
							[ 28.9112860617, 41.0157999457 ],
							[ 28.9113044946, 41.0157746581 ],
							[ 28.9119481758, 41.0160438375 ]
						]
					],
					[
						[
							[ 28.9118994263, 41.0161101177 ],
							[ 28.911883131, 41.0161323038 ],
							[ 28.9112407674, 41.0158837178 ],
							[ 28.9112590383, 41.0158599657 ],
							[ 28.9118994263, 41.0161101177 ]
						]
					]
				]
			},
			"properties" : {
				"ISTASYON" : "Cevizlibağ",
				"PROJE_ADI" : "T1 Kabataş - Bağcılar Tramvay Hattı",
				"PROJE_ASAMA" : "Mevcut Hattaki İstasyon",
				"HAT_TURU" : "Tramvay",
				"MUDURLUK" : "Avrupa Yakası Raylı Sistemler Müdürlüğü"
			}
		},
		{
			"type" : "Feature",
			"geometry" : {
				"type" : "Polygon",
				"coordinates" : [
					[
						[ 28.8995634163, 41.0033483101 ],
						[ 28.8996899898, 41.0033711552 ],
						[ 28.8998308403, 41.0033902464 ],
						[ 28.9001782667, 41.0034244545 ],
						[ 28.9001752453, 41.0034459038 ],
						[ 28.899828363, 41.003409132 ],
						[ 28.8994806839, 41.0033466197 ],
						[ 28.8994860567, 41.003332237 ],
						[ 28.8995634163, 41.0033483101 ]
					]
				]
			},
			"properties" : {
				"ISTASYON" : "Mitatpaşa",
				"PROJE_ADI" : "T1 Kabataş - Bağcılar Tramvay Hattı",
				"PROJE_ASAMA" : "Mevcut Hattaki İstasyon",
				"HAT_TURU" : "Tramvay",
				"MUDURLUK" : "Avrupa Yakası Raylı Sistemler Müdürlüğü"
			}
		},
		{
			"type" : "Feature",
			"geometry" : {
				"type" : "MultiPolygon",
				"coordinates" : [
					[
						[
							[ 28.8982081414, 41.0299206473 ],
							[ 28.8976235873, 41.0307046769 ],
							[ 28.897583237, 41.0306874267 ],
							[ 28.8981677925, 41.0299033963 ],
							[ 28.8982081414, 41.0299206473 ]
						]
					],
					[
						[
							[ 28.8983272069, 41.0299715526 ],
							[ 28.8977426539, 41.0307555829 ],
							[ 28.897700203, 41.0307374338 ],
							[ 28.8982847576, 41.0299534037 ],
							[ 28.8983272069, 41.0299715526 ]
						]
					]
				]
			},
			"properties" : {
				"ISTASYON" : "Terazidere",
				"PROJE_ADI" : "M1A Yenikapı - Atatürk Havalimanı Metro Hattı",
				"PROJE_ASAMA" : "Mevcut Hattaki İstasyon",
				"HAT_TURU" : "Metro",
				"MUDURLUK" : "Avrupa Yakası Raylı Sistemler Müdürlüğü"
			}
		},
		{
			"type" : "Feature",
			"geometry" : {
				"type" : "MultiPolygon",
				"coordinates" : [
					[
						[
							[ 28.8778572279, 41.0150575333 ],
							[ 28.8776703544, 41.0151858268 ],
							[ 28.8774834802, 41.0153141208 ],
							[ 28.8774230809, 41.0153563906 ],
							[ 28.8773540197, 41.0154071419 ],
							[ 28.87732877, 41.0153880669 ],
							[ 28.877445792, 41.0153036554 ],
							[ 28.8776463275, 41.0151658678 ],
							[ 28.8778332792, 41.0150375202 ],
							[ 28.8778572279, 41.0150575333 ]
						]
					],
					[
						[
							[ 28.8777322362, 41.0150279029 ],
							[ 28.8773868778, 41.0152648958 ],
							[ 28.8772911376, 41.015332093 ],
							[ 28.8772301536, 41.0153791779 ],
							[ 28.8771956814, 41.0153548328 ],
							[ 28.877306043, 41.0152713866 ],
							[ 28.8773745952, 41.0152233687 ],
							[ 28.8775217795, 41.0151226972 ],
							[ 28.8776203265, 41.0150617663 ],
							[ 28.8777165044, 41.0150147564 ],
							[ 28.8777322362, 41.0150279029 ]
						]
					]
				]
			},
			"properties" : {
				"ISTASYON" : "Güngören",
				"PROJE_ADI" : "T1 Kabataş - Bağcılar Tramvay Hattı",
				"PROJE_ASAMA" : "Mevcut Hattaki İstasyon",
				"HAT_TURU" : "Tramvay",
				"MUDURLUK" : "Avrupa Yakası Raylı Sistemler Müdürlüğü"
			}
		},
		{
			"type" : "Feature",
			"geometry" : {
				"type" : "MultiPolygon",
				"coordinates" : [
					[
						[
							[ 28.870935058, 41.0174146279 ],
							[ 28.8707366635, 41.0175441767 ],
							[ 28.8706025854, 41.0176331199 ],
							[ 28.8704264942, 41.0177604023 ],
							[ 28.8704029848, 41.0177417445 ],
							[ 28.8706155307, 41.0175895522 ],
							[ 28.8707592214, 41.0174943614 ],
							[ 28.8709121491, 41.0173945012 ],
							[ 28.870935058, 41.0174146279 ]
						]
					],
					[
						[
							[ 28.8716613918, 41.0169427415 ],
							[ 28.8714025491, 41.0171117663 ],
							[ 28.8711437063, 41.0172807905 ],
							[ 28.8711201145, 41.0172600646 ],
							[ 28.8713563866, 41.0171066752 ],
							[ 28.8716390735, 41.016922419 ],
							[ 28.8716613918, 41.0169427415 ]
						]
					]
				]
			},
			"properties" : {
				"ISTASYON" : "Akıncılar",
				"PROJE_ADI" : "T1 Kabataş - Bağcılar Tramvay Hattı",
				"PROJE_ASAMA" : "Mevcut Hattaki İstasyon",
				"HAT_TURU" : "Tramvay",
				"MUDURLUK" : "Avrupa Yakası Raylı Sistemler Müdürlüğü"
			}
		},
		{
			"type" : "Feature",
			"geometry" : {
				"type" : "MultiPolygon",
				"coordinates" : [
					[
						[
							[ 28.9705033001, 41.0182467931 ],
							[ 28.969562858, 41.0183759643 ],
							[ 28.9695555669, 41.0183455129 ],
							[ 28.9704962787, 41.0182174688 ],
							[ 28.9705033001, 41.0182467931 ]
						]
					],
					[
						[
							[ 28.9704898925, 41.018190801 ],
							[ 28.9695490014, 41.0183180934 ],
							[ 28.9695423868, 41.0182852753 ],
							[ 28.97047443, 41.0181262238 ],
							[ 28.9704898925, 41.018190801 ]
						]
					]
				]
			},
			"properties" : {
				"ISTASYON" : "Eminönü",
				"PROJE_ADI" : "T5 Eminönü - Alibeyköy Cep Otogarı Tramvay Hattı",
				"PROJE_ASAMA" : "Mevcut Hattaki İstasyon",
				"HAT_TURU" : "Tramvay",
				"MUDURLUK" : "Avrupa Yakası Raylı Sistemler Müdürlüğü"
			}
		},
		{
			"type" : "Feature",
			"geometry" : {
				"type" : "MultiPolygon",
				"coordinates" : [
					[
						[
							[ 28.9636748679, 41.0206600449 ],
							[ 28.9630733019, 41.0212364288 ],
							[ 28.96304066, 41.0212168873 ],
							[ 28.9636422249, 41.0206405026 ],
							[ 28.9636748679, 41.0206600449 ]
						]
					],
					[
						[
							[ 28.963582536, 41.0206047695 ],
							[ 28.9629809839, 41.0211811621 ],
							[ 28.9629436388, 41.0211588049 ],
							[ 28.96354523, 41.0205824354 ],
							[ 28.963582536, 41.0206047695 ]
						]
					]
				]
			},
			"properties" : {
				"ISTASYON" : "Küçükpazar",
				"PROJE_ADI" : "T5 Eminönü - Alibeyköy Cep Otogarı Tramvay Hattı",
				"PROJE_ASAMA" : "Mevcut Hattaki İstasyon",
				"HAT_TURU" : "Tramvay",
				"MUDURLUK" : "Avrupa Yakası Raylı Sistemler Müdürlüğü"
			}
		},
		{
			"type" : "Feature",
			"geometry" : {
				"type" : "MultiPolygon",
				"coordinates" : [
					[
						[
							[ 28.9549481887, 41.0285743521 ],
							[ 28.9540234153, 41.028790494 ],
							[ 28.9540111428, 41.0287603828 ],
							[ 28.9549359159, 41.0285442409 ],
							[ 28.9549481887, 41.0285743521 ]
						]
					],
					[
						[
							[ 28.9549134753, 41.02848918 ],
							[ 28.9539887086, 41.028705338 ],
							[ 28.9539764305, 41.0286752095 ],
							[ 28.9549012024, 41.0284590689 ],
							[ 28.9549134753, 41.02848918 ]
						]
					]
				]
			},
			"properties" : {
				"ISTASYON" : "Fener",
				"PROJE_ADI" : "T5 Eminönü - Alibeyköy Cep Otogarı Tramvay Hattı",
				"PROJE_ASAMA" : "Mevcut Hattaki İstasyon",
				"HAT_TURU" : "Tramvay",
				"MUDURLUK" : "Avrupa Yakası Raylı Sistemler Müdürlüğü"
			}
		},
		{
			"type" : "Feature",
			"geometry" : {
				"type" : "MultiPolygon",
				"coordinates" : [
					[
						[
							[ 28.9443203135, 41.0393204756 ],
							[ 28.9435343036, 41.0397574153 ],
							[ 28.9435095744, 41.0397319035 ],
							[ 28.9442956871, 41.0392950702 ],
							[ 28.9443203135, 41.0393204756 ]
						]
					],
					[
						[
							[ 28.9443870209, 41.0393892947 ],
							[ 28.9436038547, 41.0398291693 ],
							[ 28.9435779906, 41.0398024864 ],
							[ 28.9443613941, 41.0393628564 ],
							[ 28.9443870209, 41.0393892947 ]
						]
					]
				]
			},
			"properties" : {
				"ISTASYON" : "Ayvansaray",
				"PROJE_ADI" : "T5 Eminönü - Alibeyköy Cep Otogarı Tramvay Hattı",
				"PROJE_ASAMA" : "Mevcut Hattaki İstasyon",
				"HAT_TURU" : "Tramvay",
				"MUDURLUK" : "Avrupa Yakası Raylı Sistemler Müdürlüğü"
			}
		},
		{
			"type" : "Feature",
			"geometry" : {
				"type" : "MultiPolygon",
				"coordinates" : [
					[
						[
							[ 28.9379989183, 41.0450742018 ],
							[ 28.9378258277, 41.0457989512 ],
							[ 28.9377556103, 41.0457893393 ],
							[ 28.9379287005, 41.0450645899 ],
							[ 28.9379989183, 41.0450742018 ]
						]
					],
					[
						[
							[ 28.9381019031, 41.0450882998 ],
							[ 28.9379288135, 41.0458130495 ],
							[ 28.9378585961, 41.0458034367 ],
							[ 28.9380316852, 41.045078688 ],
							[ 28.9381019031, 41.0450882998 ]
						]
					]
				]
			},
			"properties" : {
				"ISTASYON" : "Feshane",
				"PROJE_ADI" : "T5 Eminönü - Alibeyköy Cep Otogarı Tramvay Hattı",
				"PROJE_ASAMA" : "Mevcut Hattaki İstasyon",
				"HAT_TURU" : "Tramvay",
				"MUDURLUK" : "Avrupa Yakası Raylı Sistemler Müdürlüğü"
			}
		},
		{
			"type" : "Feature",
			"geometry" : {
				"type" : "MultiPolygon",
				"coordinates" : [
					[
						[
							[ 28.9353131123, 41.0508281282 ],
							[ 28.9352717733, 41.050831872 ],
							[ 28.9351562203, 41.0501005856 ],
							[ 28.9351975529, 41.0500968427 ],
							[ 28.9353131123, 41.0508281282 ]
						]
					],
					[
						[
							[ 28.9351961996, 41.0508387157 ],
							[ 28.9351430523, 41.0508435282 ],
							[ 28.9350274844, 41.0501121479 ],
							[ 28.9350806402, 41.0501074292 ],
							[ 28.9351961996, 41.0508387157 ]
						]
					]
				]
			},
			"properties" : {
				"ISTASYON" : "Eyüpsultan Teleferik",
				"PROJE_ADI" : "T5 Eminönü - Alibeyköy Cep Otogarı Tramvay Hattı",
				"PROJE_ASAMA" : "Mevcut Hattaki İstasyon",
				"HAT_TURU" : "Tramvay",
				"MUDURLUK" : "Avrupa Yakası Raylı Sistemler Müdürlüğü"
			}
		},
		{
			"type" : "Feature",
			"geometry" : {
				"type" : "MultiPolygon",
				"coordinates" : [
					[
						[
							[ 28.94160671, 41.0567840594 ],
							[ 28.9415940915, 41.05681409 ],
							[ 28.9406668831, 41.0565908416 ],
							[ 28.9406795031, 41.0565608121 ],
							[ 28.94160671, 41.0567840594 ]
						]
					],
					[
						[
							[ 28.9415710165, 41.0568690026 ],
							[ 28.9415583968, 41.0568990323 ],
							[ 28.9406311885, 41.0566757845 ],
							[ 28.9406438073, 41.056645754 ],
							[ 28.9415710165, 41.0568690026 ]
						]
					]
				]
			},
			"properties" : {
				"ISTASYON" : "Eyüpsultan Devlet Hastanesi",
				"PROJE_ADI" : "T5 Eminönü - Alibeyköy Cep Otogarı Tramvay Hattı",
				"PROJE_ASAMA" : "Mevcut Hattaki İstasyon",
				"HAT_TURU" : "Tramvay",
				"MUDURLUK" : "Avrupa Yakası Raylı Sistemler Müdürlüğü"
			}
		},
		{
			"type" : "Feature",
			"geometry" : {
				"type" : "MultiPolygon",
				"coordinates" : [
					[
						[
							[ 28.9430673998, 41.065121993 ],
							[ 28.943029742, 41.0651354359 ],
							[ 28.942614861, 41.0644692275 ],
							[ 28.9426523031, 41.064455862 ],
							[ 28.9430673998, 41.065121993 ]
						]
					],
					[
						[
							[ 28.9431739199, 41.0650839705 ],
							[ 28.943136261, 41.0650974125 ],
							[ 28.9427211638, 41.0644312818 ],
							[ 28.9427588223, 41.0644178399 ],
							[ 28.9431739199, 41.0650839705 ]
						]
					]
				]
			},
			"properties" : {
				"ISTASYON" : "Silahtarağa Mahallesi",
				"PROJE_ADI" : "T5 Eminönü - Alibeyköy Cep Otogarı Tramvay Hattı",
				"PROJE_ASAMA" : "Mevcut Hattaki İstasyon",
				"HAT_TURU" : "Tramvay",
				"MUDURLUK" : "Avrupa Yakası Raylı Sistemler Müdürlüğü"
			}
		},
		{
			"type" : "Feature",
			"geometry" : {
				"type" : "MultiPolygon",
				"coordinates" : [
					[
						[
							[ 28.942980799, 41.0694412333 ],
							[ 28.942873091, 41.0701750188 ],
							[ 28.9428317049, 41.0701715398 ],
							[ 28.9429394145, 41.0694377535 ],
							[ 28.942980799, 41.0694412333 ]
						]
					],
					[
						[
							[ 28.942863739, 41.0694313919 ],
							[ 28.9427560298, 41.0701651773 ],
							[ 28.9427146437, 41.0701616982 ],
							[ 28.9428223533, 41.0694279129 ],
							[ 28.942863739, 41.0694313919 ]
						]
					]
				]
			},
			"properties" : {
				"ISTASYON" : "Üniversite",
				"PROJE_ADI" : "T5 Eminönü - Alibeyköy Cep Otogarı Tramvay Hattı",
				"PROJE_ASAMA" : "Mevcut Hattaki İstasyon",
				"HAT_TURU" : "Tramvay",
				"MUDURLUK" : "Avrupa Yakası Raylı Sistemler Müdürlüğü"
			}
		},
		{
			"type" : "Feature",
			"geometry" : {
				"type" : "MultiPolygon",
				"coordinates" : [
					[
						[
							[ 28.9464299357, 41.0740202497 ],
							[ 28.9463974363, 41.0740399511 ],
							[ 28.9457888332, 41.0734652229 ],
							[ 28.945821819, 41.0734452254 ],
							[ 28.9464299357, 41.0740202497 ]
						]
					],
					[
						[
							[ 28.9463380066, 41.0740759778 ],
							[ 28.9463055072, 41.07409568 ],
							[ 28.9456947141, 41.0735222775 ],
							[ 28.9457295358, 41.0735011685 ],
							[ 28.9463380066, 41.0740759778 ]
						]
					]
				]
			},
			"properties" : {
				"ISTASYON" : "Alibeyköy Merkez",
				"PROJE_ADI" : "T5 Eminönü - Alibeyköy Cep Otogarı Tramvay Hattı",
				"PROJE_ASAMA" : "Mevcut Hattaki İstasyon",
				"HAT_TURU" : "Tramvay",
				"MUDURLUK" : "Avrupa Yakası Raylı Sistemler Müdürlüğü"
			}
		},
		{
			"type" : "Feature",
			"geometry" : {
				"type" : "MultiPolygon",
				"coordinates" : [
					[
						[
							[ 28.9494386393, 41.0780716508 ],
							[ 28.9493775489, 41.0788066976 ],
							[ 28.9493359855, 41.0788047195 ],
							[ 28.9493970764, 41.0780696736 ],
							[ 28.9494386393, 41.0780716508 ]
						]
					],
					[
						[
							[ 28.9495561961, 41.0780773175 ],
							[ 28.9494897358, 41.0788769907 ],
							[ 28.9494481724, 41.0788750125 ],
							[ 28.9495146391, 41.0780752684 ],
							[ 28.9495561961, 41.0780773175 ]
						]
					]
				]
			},
			"properties" : {
				"ISTASYON" : "Alibeyköy Metro",
				"PROJE_ADI" : "T5 Eminönü - Alibeyköy Cep Otogarı Tramvay Hattı",
				"PROJE_ASAMA" : "Mevcut Hattaki İstasyon",
				"HAT_TURU" : "Tramvay",
				"MUDURLUK" : "Avrupa Yakası Raylı Sistemler Müdürlüğü"
			}
		},
		{
			"type" : "Feature",
			"geometry" : {
				"type" : "MultiPolygon",
				"coordinates" : [
					[
						[
							[ 28.9444009506, 41.0868346841 ],
							[ 28.9434284995, 41.0868838588 ],
							[ 28.9434257221, 41.0868524165 ],
							[ 28.9443981727, 41.0868032418 ],
							[ 28.9444009506, 41.0868346841 ]
						]
					],
					[
						[
							[ 28.9444088075, 41.0869236221 ],
							[ 28.9434363673, 41.0869729311 ],
							[ 28.943433579, 41.0869413537 ],
							[ 28.9444060296, 41.0868921798 ],
							[ 28.9444088075, 41.0869236221 ]
						]
					]
				]
			},
			"properties" : {
				"ISTASYON" : "Alibeyköy Cep Otogarı",
				"PROJE_ADI" : "Eminönü - Eyüp - Alibeyköy Tramvay Hattı",
				"PROJE_ASAMA" : "Mevcut Hattaki İstasyon",
				"HAT_TURU" : "Tramvay",
				"MUDURLUK" : "Avrupa Yakası Raylı Sistemler Müdürlüğü"
			}
		},
		{
			"type" : "Feature",
			"geometry" : {
				"type" : "MultiPolygon",
				"coordinates" : [
					[
						[
							[ 28.9605459992, 41.0239134478 ],
							[ 28.9600135234, 41.024527595 ],
							[ 28.959977779, 41.0245097733 ],
							[ 28.9605112436, 41.0238961196 ],
							[ 28.9605459992, 41.0239134478 ]
						]
					],
					[
						[
							[ 28.9606443086, 41.023962461 ],
							[ 28.9601123686, 41.024576139 ],
							[ 28.9600752465, 41.024558368 ],
							[ 28.9606095529, 41.0239451329 ],
							[ 28.9606443086, 41.023962461 ]
						]
					]
				]
			},
			"properties" : {
				"ISTASYON" : "Cibali",
				"PROJE_ADI" : "T5 Eminönü - Alibeyköy Cep Otogarı Tramvay Hattı",
				"PROJE_ASAMA" : "Mevcut Hattaki İstasyon",
				"HAT_TURU" : "Tramvay",
				"MUDURLUK" : "Avrupa Yakası Raylı Sistemler Müdürlüğü"
			}
		},
		{
			"type" : "Feature",
			"geometry" : {
				"type" : "MultiPolygon",
				"coordinates" : [
					[
						[
							[ 28.9483935057, 41.033798431 ],
							[ 28.9478069545, 41.0343859465 ],
							[ 28.9477737551, 41.0343669431 ],
							[ 28.948360304, 41.0337794251 ],
							[ 28.9483935057, 41.033798431 ]
						]
					],
					[
						[
							[ 28.9482994848, 41.0337447903 ],
							[ 28.9477133064, 41.034331954 ],
							[ 28.9476797493, 41.0343133102 ],
							[ 28.9482663615, 41.0337256491 ],
							[ 28.9482994848, 41.0337447903 ]
						]
					]
				]
			},
			"properties" : {
				"ISTASYON" : "Balat",
				"PROJE_ADI" : "T5 Eminönü - Alibeyköy Cep Otogarı Tramvay Hattı",
				"PROJE_ASAMA" : "Mevcut Hattaki İstasyon",
				"HAT_TURU" : "Tramvay",
				"MUDURLUK" : "Avrupa Yakası Raylı Sistemler Müdürlüğü"
			}
		},
		{
			"type" : "Feature",
			"geometry" : {
				"type" : "Polygon",
				"coordinates" : [
					[
						[ 28.7269964705, 41.0589447736 ],
						[ 28.7271888423, 41.0592653822 ],
						[ 28.7247582562, 41.0600971832 ],
						[ 28.7245660549, 41.05977514 ],
						[ 28.7269964636, 41.0589447637 ],
						[ 28.7269964705, 41.0589447736 ]
					]
				]
			},
			"properties" : {
				"ISTASYON" : "Tahtakale",
				"PROJE_ADI" : "M7 (U4) Mahmutbey - Bahçeşehir- Esenyurt Metro Hattı",
				"PROJE_ASAMA" : "İnşaat Aşamasında",
				"HAT_TURU" : "Metro",
				"MUDURLUK" : "Avrupa Yakası Raylı Sistemler Müdürlüğü"
			}
		},
		{
			"type" : "Feature",
			"geometry" : {
				"type" : "Polygon",
				"coordinates" : [
					[
						[ 28.7106467182, 41.0619801899 ],
						[ 28.7106698793, 41.0623300812 ],
						[ 28.7079860521, 41.0624318261 ],
						[ 28.7079629052, 41.0620819345 ],
						[ 28.7106467182, 41.0619801899 ]
					]
				]
			},
			"properties" : {
				"ISTASYON" : "Ispartakule",
				"PROJE_ADI" : "M7 (U4) Mahmutbey - Bahçeşehir- Esenyurt Metro Hattı",
				"PROJE_ASAMA" : "İnşaat Aşamasında",
				"HAT_TURU" : "Metro",
				"MUDURLUK" : "Avrupa Yakası Raylı Sistemler Müdürlüğü"
			}
		},
		{
			"type" : "Feature",
			"geometry" : {
				"type" : "Polygon",
				"coordinates" : [
					[
						[ 28.6845684039, 41.0642553243 ],
						[ 28.6820442087, 41.0642501002 ],
						[ 28.6820454818, 41.0638997738 ],
						[ 28.6845696622, 41.063905004 ],
						[ 28.6845684039, 41.0642553243 ]
					]
				]
			},
			"properties" : {
				"ISTASYON" : "Bahçeşehir",
				"PROJE_ADI" : "M7 (U4) Mahmutbey - Bahçeşehir- Esenyurt Metro Hattı",
				"PROJE_ASAMA" : "İnşaat Aşamasında",
				"HAT_TURU" : "Metro",
				"MUDURLUK" : "Avrupa Yakası Raylı Sistemler Müdürlüğü"
			}
		},
		{
			"type" : "Feature",
			"geometry" : {
				"type" : "Polygon",
				"coordinates" : [
					[
						[ 28.7259384156, 41.0593908167 ],
						[ 28.7260669217, 41.0595736251 ],
						[ 28.7254401724, 41.0598307233 ],
						[ 28.7256085306, 41.0600702278 ],
						[ 28.7254228734, 41.0601411779 ],
						[ 28.7254035898, 41.0601139519 ],
						[ 28.7252711688, 41.0601665124 ],
						[ 28.7252374226, 41.0601188668 ],
						[ 28.7254523363, 41.0600266999 ],
						[ 28.725342298, 41.0598701596 ],
						[ 28.724795061, 41.0600802061 ],
						[ 28.724670677, 41.0599032469 ],
						[ 28.7259384156, 41.0593908167 ]
					]
				]
			},
			"properties" : {
				"ISTASYON" : "Tahtakale",
				"PROJE_ADI" : "M7 (U4) Mahmutbey - Bahçeşehir- Esenyurt Metro Hattı",
				"PROJE_ASAMA" : "İnşaat Aşamasında",
				"HAT_TURU" : "Metro",
				"MUDURLUK" : "Avrupa Yakası Raylı Sistemler Müdürlüğü"
			}
		},
		{
			"type" : "Feature",
			"geometry" : {
				"type" : "Polygon",
				"coordinates" : [
					[
						[ 28.7097092197, 41.061825336 ],
						[ 28.709680329, 41.0619546805 ],
						[ 28.7098517953, 41.0619780882 ],
						[ 28.7097692935, 41.0623242969 ],
						[ 28.7100765623, 41.0623956039 ],
						[ 28.7100589074, 41.0624672851 ],
						[ 28.7099894409, 41.0624510669 ],
						[ 28.7099424932, 41.0626485666 ],
						[ 28.7098535242, 41.0626364512 ],
						[ 28.7099024217, 41.0624307498 ],
						[ 28.709752279, 41.0623956953 ],
						[ 28.7097229996, 41.062518565 ],
						[ 28.7094303426, 41.0624786123 ],
						[ 28.7094763526, 41.0622689097 ],
						[ 28.709056966, 41.0622103835 ],
						[ 28.7090498842, 41.0621085511 ],
						[ 28.709522644, 41.0620912833 ],
						[ 28.7095603033, 41.0619382947 ],
						[ 28.7095888806, 41.0619421967 ],
						[ 28.7096220192, 41.0618132429 ],
						[ 28.7097092197, 41.061825336 ]
					]
				]
			},
			"properties" : {
				"ISTASYON" : "Ispartakule",
				"PROJE_ADI" : "M7 (U4) Mahmutbey - Bahçeşehir- Esenyurt Metro Hattı",
				"PROJE_ASAMA" : "İnşaat Aşamasında",
				"HAT_TURU" : "Metro",
				"MUDURLUK" : "Avrupa Yakası Raylı Sistemler Müdürlüğü"
			}
		},
		{
			"type" : "Feature",
			"geometry" : {
				"type" : "MultiPolygon",
				"coordinates" : [
					[
						[
							[ 28.6825071535, 41.0641256406 ],
							[ 28.6824548403, 41.064282607 ],
							[ 28.6824484393, 41.0642834063 ],
							[ 28.6824176604, 41.0643757589 ],
							[ 28.6823413808, 41.0643616882 ],
							[ 28.6823728026, 41.0642674071 ],
							[ 28.6820534521, 41.0642059728 ],
							[ 28.6821221694, 41.0639997954 ],
							[ 28.682161523, 41.0639670038 ],
							[ 28.6820126036, 41.0638575588 ],
							[ 28.6820714395, 41.063811699 ],
							[ 28.6822199321, 41.0639208302 ],
							[ 28.6822245015, 41.0639179137 ],
							[ 28.6825071535, 41.0641256406 ]
						]
					],
					[
						[
							[ 28.6849281288, 41.0642780018 ],
							[ 28.6848820886, 41.0643200203 ],
							[ 28.6847471434, 41.0642331039 ],
							[ 28.6836983425, 41.064230041 ],
							[ 28.6836976591, 41.0642345407 ],
							[ 28.6827817896, 41.064232645 ],
							[ 28.682784029, 41.0640021675 ],
							[ 28.6835189442, 41.0640036894 ],
							[ 28.6835190194, 41.0639829824 ],
							[ 28.683698638, 41.0639833535 ],
							[ 28.6836979822, 41.0641651895 ],
							[ 28.6836985482, 41.0641733205 ],
							[ 28.6847676575, 41.0641755247 ],
							[ 28.6849281288, 41.0642780018 ]
						]
					]
				]
			},
			"properties" : {
				"ISTASYON" : "Bahçeşehir",
				"PROJE_ADI" : "M7 (U4) Mahmutbey - Bahçeşehir- Esenyurt Metro Hattı",
				"PROJE_ASAMA" : "İnşaat Aşamasında",
				"HAT_TURU" : "Metro",
				"MUDURLUK" : "Avrupa Yakası Raylı Sistemler Müdürlüğü"
			}
		},
		{
			"type" : "Feature",
			"geometry" : {
				"type" : "MultiPolygon",
				"coordinates" : [
					[
						[
							[ 28.725269302, 41.0601638778 ],
							[ 28.725147023, 41.0602149827 ],
							[ 28.725117264, 41.0601729629 ],
							[ 28.7252406396, 41.0601234099 ],
							[ 28.725269302, 41.0601638778 ]
						]
					],
					[
						[
							[ 28.7259503944, 41.0594321354 ],
							[ 28.7259586555, 41.0594464048 ],
							[ 28.7257547697, 41.0595285172 ],
							[ 28.7257259949, 41.0594875836 ],
							[ 28.7259298818, 41.0594054722 ],
							[ 28.7259398893, 41.0594189361 ],
							[ 28.72597673, 41.0594023426 ],
							[ 28.7259879421, 41.0594182933 ],
							[ 28.7259503944, 41.0594321354 ]
						]
					]
				]
			},
			"properties" : {
				"ISTASYON" : "Tahtakale",
				"PROJE_ADI" : "M7 (U4) Mahmutbey - Bahçeşehir- Esenyurt Metro Hattı",
				"PROJE_ASAMA" : "İnşaat Aşamasında",
				"HAT_TURU" : "Metro",
				"MUDURLUK" : "Avrupa Yakası Raylı Sistemler Müdürlüğü"
			}
		},
		{
			"type" : "Feature",
			"geometry" : {
				"type" : "MultiPolygon",
				"coordinates" : [
					[
						[
							[ 28.7097457443, 41.0616720628 ],
							[ 28.7097092197, 41.061825336 ],
							[ 28.7096220192, 41.0618132429 ],
							[ 28.7096585, 41.061660152 ],
							[ 28.7097457443, 41.0616720628 ]
						]
					],
					[
						[
							[ 28.7099425101, 41.0626484921 ],
							[ 28.7098987936, 41.0628323955 ],
							[ 28.7098098308, 41.0628202549 ],
							[ 28.7098535178, 41.0626364736 ],
							[ 28.7099425101, 41.0626484921 ]
						]
					]
				]
			},
			"properties" : {
				"ISTASYON" : "Ispartakule",
				"PROJE_ADI" : "M7 (U4) Mahmutbey - Bahçeşehir- Esenyurt Metro Hattı",
				"PROJE_ASAMA" : "İnşaat Aşamasında",
				"HAT_TURU" : "Metro",
				"MUDURLUK" : "Avrupa Yakası Raylı Sistemler Müdürlüğü"
			}
		},
		{
			"type" : "Feature",
			"geometry" : {
				"type" : "MultiPolygon",
				"coordinates" : [
					[
						[
							[ 28.6824184956, 41.0643764104 ],
							[ 28.6823811386, 41.0644853429 ],
							[ 28.6823050133, 41.0644708093 ],
							[ 28.6823415263, 41.0643612514 ],
							[ 28.6824184956, 41.0643764104 ]
						]
					],
					[
						[
							[ 28.6850554121, 41.0643592831 ],
							[ 28.6850093865, 41.0644005697 ],
							[ 28.6848820886, 41.0643200203 ],
							[ 28.68492813, 41.0642780009 ],
							[ 28.6850554121, 41.0643592831 ]
						]
					],
					[
						[
							[ 28.6820714395, 41.063811699 ],
							[ 28.6820126036, 41.0638575588 ],
							[ 28.6818948346, 41.0637710057 ],
							[ 28.6819536693, 41.0637251468 ],
							[ 28.6820714395, 41.063811699 ]
						]
					]
				]
			},
			"properties" : {
				"ISTASYON" : "Bahçeşehir",
				"PROJE_ADI" : "M7 (U4) Mahmutbey - Bahçeşehir- Esenyurt Metro Hattı",
				"PROJE_ASAMA" : "İnşaat Aşamasında",
				"HAT_TURU" : "Metro",
				"MUDURLUK" : "Avrupa Yakası Raylı Sistemler Müdürlüğü"
			}
		},
		{
			"type" : "Feature",
			"geometry" : {
				"type" : "Polygon",
				"coordinates" : [
					[
						[ 28.991148185, 41.0322648423 ],
						[ 28.991588942, 41.0325724152 ],
						[ 28.9915228675, 41.0326267071 ],
						[ 28.9912850114, 41.0324607248 ],
						[ 28.9912769539, 41.0324673463 ],
						[ 28.9910740529, 41.0323257564 ],
						[ 28.991148185, 41.0322648423 ]
					]
				]
			},
			"properties" : {
				"ISTASYON" : "Kabataş",
				"PROJE_ADI" : "M7 (U2) Kabataş - Mecidiyeköy Metro Hattı",
				"PROJE_ASAMA" : "İnşaat Aşamasında",
				"HAT_TURU" : "Metro",
				"MUDURLUK" : "Anadolu Yakası Raylı Sistemler Müdürlüğü"
			}
		},
		{
			"type" : "Feature",
			"geometry" : {
				"type" : "Polygon",
				"coordinates" : [
					[
						[ 28.9910447815, 41.0335808055 ],
						[ 28.9909770134, 41.0335135365 ],
						[ 28.9916444407, 41.0329655651 ],
						[ 28.9915715557, 41.0329054651 ],
						[ 28.9915569869, 41.0329174359 ],
						[ 28.9914261175, 41.0328261126 ],
						[ 28.9905569387, 41.0330965492 ],
						[ 28.9904878443, 41.0330279626 ],
						[ 28.9913368339, 41.0327638078 ],
						[ 28.9910262388, 41.0325470663 ],
						[ 28.9910515096, 41.032526301 ],
						[ 28.9909826429, 41.0324782441 ],
						[ 28.9900839862, 41.032627066 ],
						[ 28.9900288178, 41.0325723013 ],
						[ 28.9910069623, 41.0324102893 ],
						[ 28.9911073991, 41.0324803781 ],
						[ 28.9911938422, 41.0324093491 ],
						[ 28.9910740529, 41.0323257564 ],
						[ 28.991148185, 41.0322648423 ],
						[ 28.9919508554, 41.0328249652 ],
						[ 28.9918614141, 41.0328984591 ],
						[ 28.9917092808, 41.0327922982 ],
						[ 28.9916464117, 41.0328439565 ],
						[ 28.9917925352, 41.0329653958 ],
						[ 28.9910447815, 41.0335808055 ]
					]
				]
			},
			"properties" : {
				"ISTASYON" : "Kabataş",
				"PROJE_ADI" : "M7 (U2) Kabataş - Mecidiyeköy Metro Hattı",
				"PROJE_ASAMA" : "İnşaat Aşamasında",
				"HAT_TURU" : "Metro",
				"MUDURLUK" : "Avrupa Yakası Raylı Sistemler Müdürlüğü"
			}
		},
		{
			"type" : "Feature",
			"geometry" : {
				"type" : "Polygon",
				"coordinates" : [
					[
						[ 28.8550986877, 41.0618035902 ],
						[ 28.8552134873, 41.0617785319 ],
						[ 28.8558776915, 41.0635216951 ],
						[ 28.8559034084, 41.0635160823 ],
						[ 28.8559262726, 41.0635760843 ],
						[ 28.8559005556, 41.0635816979 ],
						[ 28.8559888989, 41.0638135431 ],
						[ 28.8558740972, 41.0638386022 ],
						[ 28.8558691529, 41.0638256256 ],
						[ 28.8556544302, 41.0638724955 ],
						[ 28.8556593744, 41.0638854721 ],
						[ 28.8555445724, 41.0639105308 ],
						[ 28.8554562305, 41.0636786861 ],
						[ 28.8554305123, 41.0636842997 ],
						[ 28.8554076498, 41.0636242967 ],
						[ 28.8554333668, 41.0636186832 ],
						[ 28.8547691723, 41.0618755167 ],
						[ 28.854883971, 41.0618504588 ],
						[ 28.8548889161, 41.0618634354 ],
						[ 28.8550359118, 41.0618313489 ],
						[ 28.8551036328, 41.0618165668 ],
						[ 28.8550986877, 41.0618035902 ]
					]
				]
			},
			"properties" : {
				"ISTASYON" : "Oruç Reis",
				"PROJE_ADI" : "M7 Yıldız - Mahmutbey Metro Hattı",
				"PROJE_ASAMA" : "Mevcut Hattaki İstasyon",
				"HAT_TURU" : "Metro",
				"MUDURLUK" : "Avrupa Yakası Raylı Sistemler Müdürlüğü"
			}
		},
		{
			"type" : "Feature",
			"geometry" : {
				"type" : "Polygon",
				"coordinates" : [
					[
						[ 28.8489525039, 41.0569090125 ],
						[ 28.8488577663, 41.0569035055 ],
						[ 28.8488510944, 41.056969262 ],
						[ 28.8490311473, 41.0569797291 ],
						[ 28.8490219991, 41.057069894 ],
						[ 28.8470734686, 41.0569566112 ],
						[ 28.8470826194, 41.0568664455 ],
						[ 28.8474476795, 41.0568876721 ],
						[ 28.8474517396, 41.0568476616 ],
						[ 28.8470866798, 41.056826435 ],
						[ 28.8470929987, 41.0567641706 ],
						[ 28.8474580582, 41.0567853971 ],
						[ 28.8474647934, 41.056719029 ],
						[ 28.847099733, 41.0566978025 ],
						[ 28.8471088837, 41.0566076377 ],
						[ 28.8494456464, 41.0567434872 ],
						[ 28.8492945411, 41.0568254013 ],
						[ 28.8488682047, 41.0568006186 ],
						[ 28.8488640836, 41.05684124 ],
						[ 28.8489915375, 41.0568486496 ],
						[ 28.8489525039, 41.0569090125 ]
					]
				]
			},
			"properties" : {
				"ISTASYON" : "Göztepe Mah.",
				"PROJE_ADI" : "M7 Yıldız - Mahmutbey Metro Hattı",
				"PROJE_ASAMA" : "Mevcut Hattaki İstasyon",
				"HAT_TURU" : "Metro",
				"MUDURLUK" : "Avrupa Yakası Raylı Sistemler Müdürlüğü"
			}
		},
		{
			"type" : "Feature",
			"geometry" : {
				"type" : "Polygon",
				"coordinates" : [
					[
						[ 28.8294683124, 41.0552351557 ],
						[ 28.8301925544, 41.0550721341 ],
						[ 28.8301909955, 41.0550649851 ],
						[ 28.830925272, 41.0548996989 ],
						[ 28.8309268309, 41.0549068479 ],
						[ 28.8331473032, 41.0544069851 ],
						[ 28.833141878, 41.054393177 ],
						[ 28.8334257507, 41.0543292692 ],
						[ 28.8335274005, 41.0545879938 ],
						[ 28.833243528, 41.0546519019 ],
						[ 28.8332381028, 41.0546380938 ],
						[ 28.8309791185, 41.0551466259 ],
						[ 28.8309806775, 41.0551537758 ],
						[ 28.8302463995, 41.0553190632 ],
						[ 28.8302448407, 41.0553119124 ],
						[ 28.8295591001, 41.0554662671 ],
						[ 28.8294683124, 41.0552351557 ]
					]
				]
			},
			"properties" : {
				"ISTASYON" : "Mahmutbey",
				"PROJE_ADI" : "M7 Yıldız - Mahmutbey Metro Hattı",
				"PROJE_ASAMA" : "Mevcut Hattaki İstasyon",
				"HAT_TURU" : "Metro",
				"MUDURLUK" : "Avrupa Yakası Raylı Sistemler Müdürlüğü"
			}
		},
		{
			"type" : "Feature",
			"geometry" : {
				"type" : "Polygon",
				"coordinates" : [
					[
						[ 29.1595353794, 41.0222052605 ],
						[ 29.1596033033, 41.0220462147 ],
						[ 29.1599641534, 41.0221346066 ],
						[ 29.1597437172, 41.0226507735 ],
						[ 29.1597833097, 41.0226604718 ],
						[ 29.159759528, 41.0227161577 ],
						[ 29.1597199354, 41.0227064594 ],
						[ 29.1594994966, 41.0232226258 ],
						[ 29.1591386412, 41.0231342324 ],
						[ 29.1593590826, 41.0226180667 ],
						[ 29.1593194913, 41.0226083683 ],
						[ 29.1593432735, 41.0225526825 ],
						[ 29.1593828647, 41.022562381 ],
						[ 29.1594947835, 41.0223003209 ],
						[ 29.1595353794, 41.0222052605 ]
					]
				]
			},
			"properties" : {
				"ISTASYON" : "Huzur",
				"PROJE_ADI" : "M8 Bostancı - Dudullu Metro Hattı",
				"PROJE_ASAMA" : "Mevcut Hattaki İstasyon",
				"HAT_TURU" : "Metro",
				"MUDURLUK" : "Anadolu Yakası Raylı Sistemler Müdürlüğü"
			}
		},
		{
			"type" : "Feature",
			"geometry" : {
				"type" : "MultiPolygon",
				"coordinates" : [
					[
						[
							[ 29.1372136763, 40.9846179415 ],
							[ 29.137256768, 40.9846613155 ],
							[ 29.1372166496, 40.9846842037 ],
							[ 29.1370768388, 40.9845434791 ],
							[ 29.1370685501, 40.9845351356 ],
							[ 29.1370434529, 40.9845098747 ],
							[ 29.1370311041, 40.9845169192 ],
							[ 29.1368849418, 40.9843697978 ],
							[ 29.1369799212, 40.9843155436 ],
							[ 29.1371260824, 40.9844626639 ],
							[ 29.1371137003, 40.984469801 ],
							[ 29.1371387952, 40.9844950601 ],
							[ 29.1371470839, 40.9845034036 ],
							[ 29.1371909836, 40.9845475896 ],
							[ 29.1372748089, 40.9844925934 ],
							[ 29.1373336743, 40.9845441165 ],
							[ 29.1372136763, 40.9846179415 ]
						]
					],
					[
						[
							[ 29.1377253345, 40.9856979355 ],
							[ 29.1376303056, 40.9857521458 ],
							[ 29.1374840936, 40.9856049789 ],
							[ 29.1375053496, 40.985592854 ],
							[ 29.1374320115, 40.9855190382 ],
							[ 29.1373160963, 40.9854023664 ],
							[ 29.1372513127, 40.9853371581 ],
							[ 29.1373044712, 40.9853068307 ],
							[ 29.1373653526, 40.98536811 ],
							[ 29.1376720698, 40.9851704263 ],
							[ 29.137626939, 40.9851250022 ],
							[ 29.1376990915, 40.9850838393 ],
							[ 29.1377383778, 40.9851233803 ],
							[ 29.1378853365, 40.9850269632 ],
							[ 29.137944446, 40.9850786986 ],
							[ 29.1377928203, 40.9851781766 ],
							[ 29.1378356077, 40.9852212428 ],
							[ 29.1378429302, 40.9852286128 ],
							[ 29.1379010628, 40.9852871258 ],
							[ 29.1379143682, 40.9852795364 ],
							[ 29.1379144627, 40.9852794822 ],
							[ 29.1380606786, 40.9854266468 ],
							[ 29.1379656503, 40.9854808574 ],
							[ 29.1378194381, 40.9853336909 ],
							[ 29.1378308161, 40.9853272009 ],
							[ 29.1377653611, 40.9852613188 ],
							[ 29.1377261885, 40.9852218912 ],
							[ 29.137419795, 40.9854229074 ],
							[ 29.1374851713, 40.9854887108 ],
							[ 29.1375585093, 40.9855625283 ],
							[ 29.1375790242, 40.9855508247 ],
							[ 29.13757912, 40.9855507705 ],
							[ 29.1377253345, 40.9856979355 ]
						]
					]
				]
			},
			"properties" : {
				"ISTASYON" : "Kayışdağı",
				"PROJE_ADI" : "M8 Bostancı - Dudullu Metro Hattı",
				"PROJE_ASAMA" : "Mevcut Hattaki İstasyon",
				"HAT_TURU" : "Metro",
				"MUDURLUK" : "Anadolu Yakası Raylı Sistemler Müdürlüğü"
			}
		},
		{
			"type" : "Feature",
			"geometry" : {
				"type" : "Polygon",
				"coordinates" : [
					[
						[ 28.8035066927, 41.0640197709 ],
						[ 28.8037178537, 41.0638248115 ],
						[ 28.8045458245, 41.0643385177 ],
						[ 28.8043346642, 41.0645334787 ],
						[ 28.8035066927, 41.0640197709 ]
					]
				]
			},
			"properties" : {
				"ISTASYON" : "Masko",
				"PROJE_ADI" : "M9 Bahariye - Olimpiyat Metro Hattı",
				"PROJE_ASAMA" : "Mevcut Hattaki İstasyon",
				"HAT_TURU" : "Metro",
				"MUDURLUK" : "Avrupa Yakası Raylı Sistemler Müdürlüğü"
			}
		},
		{
			"type" : "Feature",
			"geometry" : {
				"type" : "Polygon",
				"coordinates" : [
					[
						[ 28.7991584374, 41.0593106333 ],
						[ 28.7992285332, 41.0581344276 ],
						[ 28.7995612429, 41.058145791 ],
						[ 28.7995155184, 41.0593124983 ],
						[ 28.7991584374, 41.0593106333 ]
					]
				]
			},
			"properties" : {
				"ISTASYON" : "Bahariye",
				"PROJE_ADI" : "M9 Bahariye - Olimpiyat Metro Hattı",
				"PROJE_ASAMA" : "Mevcut Hattaki İstasyon",
				"HAT_TURU" : "Metro"
			}
		},
		{
			"type" : "Feature",
			"geometry" : {
				"type" : "Polygon",
				"coordinates" : [
					[
						[ 29.348767044, 40.8102070798 ],
						[ 29.3487760385, 40.8102646247 ],
						[ 29.3484748395, 40.8103035181 ],
						[ 29.3481692532, 40.8103429758 ],
						[ 29.3478074808, 40.8103884355 ],
						[ 29.3473118546, 40.8104430811 ],
						[ 29.3469287997, 40.8104791742 ],
						[ 29.3466003007, 40.8105073248 ],
						[ 29.3461416107, 40.810546026 ],
						[ 29.3461287814, 40.8104886699 ],
						[ 29.346575361, 40.8104310007 ],
						[ 29.3468348603, 40.8103975664 ],
						[ 29.3472634613, 40.8103455513 ],
						[ 29.3475926274, 40.8103101681 ],
						[ 29.347963405, 40.8102749309 ],
						[ 29.348767044, 40.8102070798 ]
					]
				]
			},
			"properties" : {
				"ISTASYON" : "Çayırova",
				"PROJE_ADI" : "Halkalı - Gebze Marmaray Yüzeysel Metro Hattı",
				"PROJE_ASAMA" : "Mevcut Hattaki İstasyon",
				"HAT_TURU" : "Banliyö",
				"MUDURLUK" : "Ulaştırma Bakanlığı"
			}
		},
		{
			"type" : "Feature",
			"geometry" : {
				"type" : "Polygon",
				"coordinates" : [
					[
						[ 29.3651728068, 40.8072585648 ],
						[ 29.3651877, 40.8073153999 ],
						[ 29.364891442, 40.8073720769 ],
						[ 29.3645908666, 40.8074295793 ],
						[ 29.3642348996, 40.8074964047 ],
						[ 29.3637464389, 40.8075803434 ],
						[ 29.3633682898, 40.8076390961 ],
						[ 29.3630437097, 40.8076866873 ],
						[ 29.3625904286, 40.8077525354 ],
						[ 29.3625717341, 40.8076961167 ],
						[ 29.3630109886, 40.8076120797 ],
						[ 29.3632662386, 40.8075633226 ],
						[ 29.3636881533, 40.8074859888 ],
						[ 29.3640126554, 40.8074311473 ],
						[ 29.3643786521, 40.8073739788 ],
						[ 29.3651728068, 40.8072585648 ]
					]
				]
			},
			"properties" : {
				"ISTASYON" : "Fatih",
				"PROJE_ADI" : "Halkalı - Gebze Marmaray Yüzeysel Metro Hattı",
				"PROJE_ASAMA" : "Mevcut Hattaki İstasyon",
				"HAT_TURU" : "Banliyö",
				"MUDURLUK" : "Ulaştırma Bakanlığı"
			}
		},
		{
			"type" : "Feature",
			"geometry" : {
				"type" : "Polygon",
				"coordinates" : [
					[
						[ 29.3811714877, 40.798466492 ],
						[ 29.3812202805, 40.7985110261 ],
						[ 29.3809956218, 40.7986683087 ],
						[ 29.3807676846, 40.7988278839 ],
						[ 29.3804969443, 40.7990157454 ],
						[ 29.3801205566, 40.799266714 ],
						[ 29.3798252548, 40.7994555316 ],
						[ 29.379570002, 40.7996151071 ],
						[ 29.3792131516, 40.7998374171 ],
						[ 29.3791612798, 40.7997946269 ],
						[ 29.3794943782, 40.7995614258 ],
						[ 29.3796879883, 40.7994259782 ],
						[ 29.3800100656, 40.7992049566 ],
						[ 29.3802606942, 40.7990390393 ],
						[ 29.3805463135, 40.7988560218 ],
						[ 29.3811714877, 40.798466492 ]
					]
				]
			},
			"properties" : {
				"ISTASYON" : "Osmangazi",
				"PROJE_ADI" : "Halkalı - Gebze Marmaray Yüzeysel Metro Hattı",
				"PROJE_ASAMA" : "Mevcut Hattaki İstasyon",
				"HAT_TURU" : "Banliyö",
				"MUDURLUK" : "Ulaştırma Bakanlığı"
			}
		},
		{
			"type" : "Feature",
			"geometry" : {
				"type" : "Polygon",
				"coordinates" : [
					[
						[ 29.3928831099, 40.790623427 ],
						[ 29.3929326676, 40.7906674677 ],
						[ 29.3927107856, 40.7908269906 ],
						[ 29.3924856658, 40.7909888382 ],
						[ 29.3922182421, 40.7911793988 ],
						[ 29.391846289, 40.7914341215 ],
						[ 29.3915543259, 40.7916258849 ],
						[ 29.391301896, 40.7917880067 ],
						[ 29.3909489793, 40.7920138771 ],
						[ 29.3908963749, 40.7919716105 ],
						[ 29.3912253557, 40.7917350882 ],
						[ 29.3914165742, 40.7915977107 ],
						[ 29.3917347484, 40.7913734773 ],
						[ 29.3919824441, 40.7912050604 ],
						[ 29.3922648268, 40.7910191933 ],
						[ 29.3928831099, 40.790623427 ]
					]
				]
			},
			"properties" : {
				"ISTASYON" : "Darıca",
				"PROJE_ADI" : "Halkalı - Gebze Marmaray Yüzeysel Metro Hattı",
				"PROJE_ASAMA" : "Mevcut Hattaki İstasyon",
				"HAT_TURU" : "Banliyö",
				"MUDURLUK" : "Ulaştırma Bakanlığı"
			}
		},
		{
			"type" : "Feature",
			"geometry" : {
				"type" : "Polygon",
				"coordinates" : [
					[
						[ 29.4111933538, 40.7836712969 ],
						[ 29.4112194562, 40.783725745 ],
						[ 29.4109381177, 40.7838160511 ],
						[ 29.410652675, 40.7839076737 ],
						[ 29.4103143767, 40.7840149192 ],
						[ 29.4098486075, 40.7841544166 ],
						[ 29.4094867743, 40.7842562534 ],
						[ 29.4091756297, 40.7843408575 ],
						[ 29.4087409903, 40.7844584028 ],
						[ 29.4087112154, 40.7844048052 ],
						[ 29.409128351, 40.7842709084 ],
						[ 29.4093707623, 40.7841931746 ],
						[ 29.4097721133, 40.7840679088 ],
						[ 29.4100817269, 40.7839761481 ],
						[ 29.4104318693, 40.7838772826 ],
						[ 29.4111933538, 40.7836712969 ]
					]
				]
			},
			"properties" : {
				"ISTASYON" : "Gebze",
				"PROJE_ADI" : "Halkalı - Gebze Marmaray Yüzeysel Metro Hattı",
				"PROJE_ASAMA" : "Mevcut Hattaki İstasyon",
				"HAT_TURU" : "Banliyö",
				"MUDURLUK" : "Ulaştırma Bakanlığı"
			}
		},
		{
			"type" : "Feature",
			"geometry" : {
				"type" : "Polygon",
				"coordinates" : [
					[
						[ 28.7678853853, 41.0210867438 ],
						[ 28.7680686566, 41.0187900039 ],
						[ 28.7681007135, 41.0187911984 ],
						[ 28.7680989548, 41.0188182655 ],
						[ 28.7681405112, 41.0188198136 ],
						[ 28.768139261, 41.0188390578 ],
						[ 28.7681891277, 41.0188409162 ],
						[ 28.7681903493, 41.018822122 ],
						[ 28.7683209528, 41.0188269881 ],
						[ 28.7683197259, 41.0188458724 ],
						[ 28.7683695939, 41.0188477298 ],
						[ 28.7683708195, 41.0188288456 ],
						[ 28.7684123759, 41.0188303945 ],
						[ 28.768414163, 41.0188028766 ],
						[ 28.7684756321, 41.0188051669 ],
						[ 28.7683402994, 41.0210762001 ],
						[ 28.7683336105, 41.0210759512 ],
						[ 28.7683318285, 41.0211033782 ],
						[ 28.7682653365, 41.021100901 ],
						[ 28.7682671185, 41.021073474 ],
						[ 28.7682255607, 41.021071925 ],
						[ 28.7682267876, 41.0210530407 ],
						[ 28.7681769192, 41.0210511832 ],
						[ 28.7681756922, 41.0210700674 ],
						[ 28.7680450844, 41.0210652011 ],
						[ 28.7680463102, 41.0210463168 ],
						[ 28.7679964418, 41.0210444583 ],
						[ 28.767995216, 41.0210633425 ],
						[ 28.7679536582, 41.0210617943 ],
						[ 28.7679518761, 41.0210892213 ],
						[ 28.7678853853, 41.0210867438 ]
					]
				]
			},
			"properties" : {
				"ISTASYON" : "Halkalı",
				"PROJE_ADI" : "M11 (U1) Halkalı - İstanbul Havalimanı Metro Hattı",
				"PROJE_ASAMA" : "İnşaat Aşamasında",
				"HAT_TURU" : "Metro",
				"MUDURLUK" : "Ulaştırma Bakanlığı"
			}
		},
		{
			"type" : "Feature",
			"geometry" : {
				"type" : "Polygon",
				"coordinates" : [
					[
						[ 29.1632460255, 41.0148080097 ],
						[ 29.1632587548, 41.0147781731 ],
						[ 29.1632701527, 41.0147733178 ],
						[ 29.1632880458, 41.0147777113 ],
						[ 29.1635069857, 41.0142644955 ],
						[ 29.1636246434, 41.0142932921 ],
						[ 29.1636125024, 41.0143217527 ],
						[ 29.1636608879, 41.0143335944 ],
						[ 29.1636646429, 41.0143247918 ],
						[ 29.163778238, 41.0143525944 ],
						[ 29.163774483, 41.0143613969 ],
						[ 29.1638228686, 41.0143732386 ],
						[ 29.1638350095, 41.0143447779 ],
						[ 29.1639526687, 41.0143735741 ],
						[ 29.1637337318, 41.0148867908 ],
						[ 29.1637659891, 41.0148946867 ],
						[ 29.1637503135, 41.0149314319 ],
						[ 29.1634425114, 41.0156529439 ],
						[ 29.1629466297, 41.0155315615 ],
						[ 29.162940479, 41.0155241206 ],
						[ 29.1632460255, 41.0148080097 ]
					]
				]
			},
			"properties" : {
				"ISTASYON" : "Dudullu",
				"PROJE_ADI" : "M8 Bostancı - Dudullu Metro Hattı",
				"PROJE_ASAMA" : "Mevcut Hattaki İstasyon",
				"HAT_TURU" : "Metro",
				"MUDURLUK" : "Anadolu Yakası Raylı Sistemler Müdürlüğü"
			}
		},
		{
			"type" : "Feature",
			"geometry" : {
				"type" : "Polygon",
				"coordinates" : [
					[
						[ 29.1523186853, 41.0316752172 ],
						[ 29.1528630918, 41.0308382884 ],
						[ 29.1529733722, 41.03087941 ],
						[ 29.1524290632, 41.031716233 ],
						[ 29.1523186853, 41.0316752172 ]
					]
				]
			},
			"properties" : {
				"ISTASYON" : "Parseller",
				"PROJE_ADI" : "M8 Bostancı - Dudullu Metro Hattı",
				"PROJE_ASAMA" : "Mevcut Hattaki İstasyon",
				"HAT_TURU" : "Metro",
				"MUDURLUK" : "Anadolu Yakası Raylı Sistemler Müdürlüğü"
			}
		},
		{
			"type" : "Feature",
			"geometry" : {
				"type" : "Polygon",
				"coordinates" : [
					[
						[ 29.0932422159, 40.9613586605 ],
						[ 29.0931466276, 40.9613031052 ],
						[ 29.0931958807, 40.9612544071 ],
						[ 29.0931156327, 40.9612077681 ],
						[ 29.0931080093, 40.9612153052 ],
						[ 29.0930133429, 40.9611602857 ],
						[ 29.0930209663, 40.9611527476 ],
						[ 29.0929407127, 40.9611061049 ],
						[ 29.0928914607, 40.9611548029 ],
						[ 29.0927958789, 40.9610992519 ],
						[ 29.0941747641, 40.9597358685 ],
						[ 29.094270344, 40.9597914193 ],
						[ 29.0942210928, 40.9598401179 ],
						[ 29.0943013623, 40.9598867689 ],
						[ 29.0943506123, 40.9598380703 ],
						[ 29.0944452627, 40.9598930805 ],
						[ 29.0943960045, 40.9599417746 ],
						[ 29.0944762589, 40.9599884173 ],
						[ 29.0945255101, 40.9599397186 ],
						[ 29.0946210964, 40.9599952727 ],
						[ 29.0932422159, 40.9613586605 ]
					]
				]
			},
			"properties" : {
				"ISTASYON" : "Emin Ali Paşa",
				"PROJE_ADI" : "M8 Bostancı - Dudullu Metro Hattı",
				"PROJE_ASAMA" : "Mevcut Hattaki İstasyon",
				"HAT_TURU" : "Metro",
				"MUDURLUK" : "Anadolu Yakası Raylı Sistemler Müdürlüğü"
			}
		},
		{
			"type" : "Feature",
			"geometry" : {
				"type" : "Polygon",
				"coordinates" : [
					[
						[ 29.1637503135, 41.0149314319 ],
						[ 29.1637609774, 41.0149340413 ],
						[ 29.1634210517, 41.0157308551 ],
						[ 29.1628922635, 41.0156014358 ],
						[ 29.1627316225, 41.0154290326 ],
						[ 29.1626845447, 41.0150355165 ],
						[ 29.1632285245, 41.0148037262 ],
						[ 29.1632460255, 41.0148080097 ],
						[ 29.1637503135, 41.0149314319 ]
					]
				]
			},
			"properties" : {
				"ISTASYON" : "Dudullu",
				"PROJE_ADI" : "M8 Bostancı - Dudullu Metro Hattı",
				"PROJE_ASAMA" : "Mevcut Hattaki İstasyon",
				"HAT_TURU" : "Metro",
				"MUDURLUK" : "Anadolu Yakası Raylı Sistemler Müdürlüğü"
			}
		},
		{
			"type" : "Feature",
			"geometry" : {
				"type" : "MultiPolygon",
				"coordinates" : [
					[
						[
							[ 29.0974366315, 40.9514095691 ],
							[ 29.097254339, 40.9515464086 ],
							[ 29.0971902008, 40.9515945544 ],
							[ 29.096663578, 40.9519898623 ],
							[ 29.0965994402, 40.9520380077 ],
							[ 29.0964154595, 40.9521761095 ],
							[ 29.0961063003, 40.9519393616 ],
							[ 29.0962759342, 40.9518120307 ],
							[ 29.0966158949, 40.951556847 ],
							[ 29.0971274804, 40.9511728303 ],
							[ 29.0974366315, 40.9514095691 ]
						]
					],
					[
						[
							[ 29.0994922119, 40.9496882942 ],
							[ 29.0991610488, 40.950123985 ],
							[ 29.0974433321, 40.9514134215 ],
							[ 29.0971224751, 40.9511677188 ],
							[ 29.0978191916, 40.9506447262 ],
							[ 29.0992947269, 40.9495370698 ],
							[ 29.0994922119, 40.9496882942 ]
						]
					]
				]
			},
			"properties" : {
				"ISTASYON" : "Bostancı",
				"PROJE_ADI" : "M8 Bostancı - Dudullu Metro Hattı",
				"PROJE_ASAMA" : "Mevcut Hattaki İstasyon",
				"HAT_TURU" : "Metro",
				"MUDURLUK" : "Anadolu Yakası Raylı Sistemler Müdürlüğü"
			}
		},
		{
			"type" : "Feature",
			"geometry" : {
				"type" : "MultiPolygon",
				"coordinates" : [
					[
						[
							[ 29.0966158949, 40.951556847 ],
							[ 29.0962759342, 40.9518120307 ],
							[ 29.0962136039, 40.9517642935 ],
							[ 29.0965535704, 40.9515091181 ],
							[ 29.0966158949, 40.951556847 ]
						]
					],
					[
						[
							[ 29.0973092631, 40.9520213443 ],
							[ 29.0972818034, 40.951956157 ],
							[ 29.0973428925, 40.9519413645 ],
							[ 29.0972000625, 40.9516021072 ],
							[ 29.0971902008, 40.9515945544 ],
							[ 29.097254339, 40.9515464086 ],
							[ 29.0972782845, 40.9515647457 ],
							[ 29.0974288755, 40.9519205437 ],
							[ 29.0977943643, 40.9518320415 ],
							[ 29.0978218256, 40.9518972288 ],
							[ 29.0973092631, 40.9520213443 ]
						]
					],
					[
						[
							[ 29.0961421763, 40.9527657734 ],
							[ 29.0960929756, 40.9527318466 ],
							[ 29.0964822841, 40.9524073379 ],
							[ 29.0966119783, 40.9520476094 ],
							[ 29.0965994402, 40.9520380077 ],
							[ 29.096663578, 40.9519898623 ],
							[ 29.0967127831, 40.952027542 ],
							[ 29.0965588084, 40.9524546208 ],
							[ 29.096411388, 40.9525775031 ],
							[ 29.096387666, 40.9525611459 ],
							[ 29.0961421763, 40.9527657734 ]
						]
					],
					[
						[
							[ 29.0985563171, 40.9510276693 ],
							[ 29.0985320906, 40.9510414171 ],
							[ 29.0985064655, 40.9510540824 ],
							[ 29.0984808635, 40.9510649606 ],
							[ 29.0984576674, 40.9510722836 ],
							[ 29.0984292877, 40.951079566 ],
							[ 29.0984018885, 40.9510839981 ],
							[ 29.0983707384, 40.951086971 ],
							[ 29.0983339624, 40.9510877549 ],
							[ 29.098301472, 40.9510853568 ],
							[ 29.0982666681, 40.9510797242 ],
							[ 29.098231908, 40.9510708755 ],
							[ 29.0982032804, 40.9510617172 ],
							[ 29.0981760855, 40.9510511412 ],
							[ 29.0981450973, 40.9510332247 ],
							[ 29.0981228282, 40.9510160598 ],
							[ 29.0980934329, 40.9509940298 ],
							[ 29.0980649744, 40.9509723655 ],
							[ 29.0980492147, 40.9509585292 ],
							[ 29.0981158852, 40.950908447 ],
							[ 29.0982056456, 40.9509777143 ],
							[ 29.0982216056, 40.950988957 ],
							[ 29.0982591089, 40.9510040223 ],
							[ 29.098302968, 40.9510138949 ],
							[ 29.098340004, 40.9510170435 ],
							[ 29.0983890727, 40.9510136156 ],
							[ 29.098428163, 40.9510043908 ],
							[ 29.0984616437, 40.9509917878 ],
							[ 29.0984876159, 40.9509767426 ],
							[ 29.098513017, 40.9509574059 ],
							[ 29.0985737075, 40.9509080861 ],
							[ 29.098569784, 40.9509049065 ],
							[ 29.0986338463, 40.950853045 ],
							[ 29.0986897812, 40.9508067865 ],
							[ 29.0987326749, 40.9507720995 ],
							[ 29.098764144, 40.9507456623 ],
							[ 29.0987861378, 40.950722724 ],
							[ 29.0988132924, 40.9506900589 ],
							[ 29.0988231259, 40.950674448 ],
							[ 29.0989119409, 40.9507103779 ],
							[ 29.0988687894, 40.9507683991 ],
							[ 29.098853788, 40.9507854356 ],
							[ 29.098842636, 40.9507967842 ],
							[ 29.098820694, 40.9508159103 ],
							[ 29.0988032207, 40.9508298299 ],
							[ 29.098643983, 40.950957307 ],
							[ 29.0986424476, 40.9509561541 ],
							[ 29.0985920676, 40.9509982869 ],
							[ 29.0985696686, 40.9510163379 ],
							[ 29.0985563171, 40.9510276693 ]
						]
					]
				]
			},
			"properties" : {
				"ISTASYON" : "Bostancı",
				"PROJE_ADI" : "M8 Bostancı - Dudullu Metro Hattı",
				"PROJE_ASAMA" : "Mevcut Hattaki İstasyon",
				"HAT_TURU" : "Metro",
				"MUDURLUK" : "Anadolu Yakası Raylı Sistemler Müdürlüğü"
			}
		},
		{
			"type" : "Feature",
			"geometry" : {
				"type" : "Polygon",
				"coordinates" : [
					[
						[ 29.1013651648, 40.9758523062 ],
						[ 29.1010218772, 40.9774994333 ],
						[ 29.1005174997, 40.9774390532 ],
						[ 29.1004946514, 40.9774850861 ],
						[ 29.0997160686, 40.9772635239 ],
						[ 29.0998150096, 40.9770637201 ],
						[ 29.0995402837, 40.976984594 ],
						[ 29.0997398832, 40.9760271325 ],
						[ 29.100507963, 40.9756038361 ],
						[ 29.1009829259, 40.9756606966 ],
						[ 29.1009532682, 40.9758029969 ],
						[ 29.1013651648, 40.9758523062 ]
					]
				]
			},
			"properties" : {
				"ISTASYON" : "Kozyatağı",
				"PROJE_ADI" : "M8 Bostancı - Dudullu Metro Hattı",
				"PROJE_ASAMA" : "Mevcut Hattaki İstasyon",
				"HAT_TURU" : "Metro",
				"MUDURLUK" : "Anadolu Yakası Raylı Sistemler Müdürlüğü"
			}
		},
		{
			"type" : "Feature",
			"geometry" : {
				"type" : "Polygon",
				"coordinates" : [
					[
						[ 29.1561179365, 41.0008748894 ],
						[ 29.1561927969, 41.0010448588 ],
						[ 29.1561127516, 41.001065093 ],
						[ 29.1560378914, 41.0008951244 ],
						[ 29.1560356332, 41.0008899997 ],
						[ 29.1560412947, 41.0008885689 ],
						[ 29.1559541157, 41.000690633 ],
						[ 29.1558505974, 41.0004555941 ],
						[ 29.1558470085, 41.0004474467 ],
						[ 29.1557845268, 41.0004850349 ],
						[ 29.1557963677, 41.0005119172 ],
						[ 29.1557993613, 41.0005187393 ],
						[ 29.1557937392, 41.0005201605 ],
						[ 29.1557362797, 41.0005346862 ],
						[ 29.1557306576, 41.0005361074 ],
						[ 29.1557276436, 41.0005292896 ],
						[ 29.1557241507, 41.0005213563 ],
						[ 29.1557096543, 41.0005300781 ],
						[ 29.1556646016, 41.0004870947 ],
						[ 29.1559658852, 41.0003058454 ],
						[ 29.1559639326, 41.000300218 ],
						[ 29.1559625626, 41.0002944945 ],
						[ 29.1559617834, 41.0002887095 ],
						[ 29.1558410496, 41.0002590578 ],
						[ 29.1558428775, 41.000254785 ],
						[ 29.1558430012, 41.0002544978 ],
						[ 29.15584355, 41.0002532133 ],
						[ 29.1558454991, 41.0002486587 ],
						[ 29.1558473747, 41.0002442755 ],
						[ 29.1558615539, 41.0002111294 ],
						[ 29.1558633817, 41.0002068584 ],
						[ 29.1558803606, 41.0002110195 ],
						[ 29.1558280225, 41.0000921838 ],
						[ 29.1557945625, 41.0001005741 ],
						[ 29.1557785059, 41.0000638172 ],
						[ 29.1558118467, 41.0000554575 ],
						[ 29.1556823407, 40.9997614117 ],
						[ 29.1556767043, 40.9997628372 ],
						[ 29.1556744473, 40.9997577125 ],
						[ 29.1556025974, 40.9995945757 ],
						[ 29.1555995884, 40.9995877436 ],
						[ 29.155679632, 40.9995675088 ],
						[ 29.1556826421, 40.9995743418 ],
						[ 29.155754491, 40.9997374776 ],
						[ 29.155756748, 40.9997426024 ],
						[ 29.1557511116, 40.9997440271 ],
						[ 29.1558548825, 40.9999796586 ],
						[ 29.1559464773, 41.0001876246 ],
						[ 29.1559660551, 41.0002320611 ],
						[ 29.1559841215, 41.0002364984 ],
						[ 29.1559830606, 41.0002374914 ],
						[ 29.1559820223, 41.0002384981 ],
						[ 29.155981007, 41.0002395182 ],
						[ 29.1559906006, 41.0002418747 ],
						[ 29.1559729213, 41.0002705407 ],
						[ 29.1560069676, 41.0003379753 ],
						[ 29.1560145807, 41.0003420362 ],
						[ 29.1560066804, 41.0003467904 ],
						[ 29.1560081042, 41.0003474756 ],
						[ 29.1560095431, 41.0003481423 ],
						[ 29.1560109967, 41.0003487904 ],
						[ 29.1559073857, 41.0004111244 ],
						[ 29.1559193201, 41.0004382217 ],
						[ 29.1559809756, 41.0005782105 ],
						[ 29.1560147778, 41.000569666 ],
						[ 29.1560162251, 41.0005729515 ],
						[ 29.1560228658, 41.0005880295 ],
						[ 29.1560295065, 41.0006031076 ],
						[ 29.1560309538, 41.0006063931 ],
						[ 29.1559971516, 41.0006149376 ],
						[ 29.1560228387, 41.0006732596 ],
						[ 29.1561100179, 41.0008711963 ],
						[ 29.1561156794, 41.0008697655 ],
						[ 29.1561179365, 41.0008748894 ]
					]
				]
			},
			"properties" : {
				"ISTASYON" : "İmes",
				"PROJE_ADI" : "M8 Bostancı - Dudullu Metro Hattı",
				"PROJE_ASAMA" : "Mevcut Hattaki İstasyon",
				"HAT_TURU" : "Metro",
				"MUDURLUK" : "Anadolu Yakası Raylı Sistemler Müdürlüğü"
			}
		},
		{
			"type" : "Feature",
			"geometry" : {
				"type" : "Polygon",
				"coordinates" : [
					[
						[ 29.1595353794, 41.0222052605 ],
						[ 29.1594947835, 41.0223003209 ],
						[ 29.1593948238, 41.022179529 ],
						[ 29.1593209498, 41.0220902593 ],
						[ 29.1592312963, 41.0219819209 ],
						[ 29.1592897251, 41.0219541875 ],
						[ 29.1593793787, 41.0220625258 ],
						[ 29.1594532516, 41.0221517955 ],
						[ 29.1594822713, 41.0221868634 ],
						[ 29.1595094709, 41.0221739522 ],
						[ 29.1595353794, 41.0222052605 ]
					]
				]
			},
			"properties" : {
				"ISTASYON" : "Huzur",
				"PROJE_ADI" : "M8 Bostancı - Dudullu Metro Hattı",
				"PROJE_ASAMA" : "Mevcut Hattaki İstasyon",
				"HAT_TURU" : "Metro",
				"MUDURLUK" : "Anadolu Yakası Raylı Sistemler Müdürlüğü"
			}
		},
		{
			"type" : "Feature",
			"geometry" : {
				"type" : "Polygon",
				"coordinates" : [
					[
						[ 29.100345716, 40.9778139528 ],
						[ 29.0996305674, 40.9776104421 ],
						[ 29.099545837, 40.9777815449 ],
						[ 29.0992210375, 40.9776891649 ],
						[ 29.0992360669, 40.9776588165 ],
						[ 29.099141356, 40.9776318786 ],
						[ 29.0991439382, 40.9776281773 ],
						[ 29.0991722468, 40.9775694973 ],
						[ 29.0992669577, 40.977596435 ],
						[ 29.0993057906, 40.9775180183 ],
						[ 29.0992935254, 40.9775145278 ],
						[ 29.0994547364, 40.9771891548 ],
						[ 29.0994669259, 40.9771926232 ],
						[ 29.0997160686, 40.9772635239 ],
						[ 29.1004946514, 40.9774850861 ],
						[ 29.1005069226, 40.9774885783 ],
						[ 29.100345716, 40.9778139528 ]
					]
				]
			},
			"properties" : {
				"ISTASYON" : "Kozyatağı",
				"PROJE_ADI" : "M8 Bostancı - Dudullu Metro Hattı",
				"PROJE_ASAMA" : "Mevcut Hattaki İstasyon",
				"HAT_TURU" : "Metro",
				"MUDURLUK" : "Anadolu Yakası Raylı Sistemler Müdürlüğü"
			}
		},
		{
			"type" : "Feature",
			"geometry" : {
				"type" : "Polygon",
				"coordinates" : [
					[
						[ 29.1623138665, 41.00792385 ],
						[ 29.1623536819, 41.0079687845 ],
						[ 29.162253606, 41.0080196664 ],
						[ 29.1609897228, 41.0065932048 ],
						[ 29.1610897975, 41.006542323 ],
						[ 29.161134941, 41.0065932748 ],
						[ 29.1612189829, 41.0065505451 ],
						[ 29.1611438063, 41.0064656962 ],
						[ 29.1612429056, 41.0064153097 ],
						[ 29.161318074, 41.006500163 ],
						[ 29.1614021001, 41.0064574403 ],
						[ 29.1613569565, 41.0064064886 ],
						[ 29.1614570366, 41.0063556039 ],
						[ 29.1627209255, 41.0077820614 ],
						[ 29.1626208441, 41.0078329472 ],
						[ 29.1625810298, 41.0077880128 ],
						[ 29.1624970099, 41.0078307319 ],
						[ 29.1625041845, 41.0078388296 ],
						[ 29.1624050684, 41.0078892251 ],
						[ 29.1623978926, 41.0078811275 ],
						[ 29.1623138665, 41.00792385 ]
					]
				]
			},
			"properties" : {
				"ISTASYON" : "Modoko - Keyap",
				"PROJE_ADI" : "M8 Bostancı - Dudullu Metro Hattı",
				"PROJE_ASAMA" : "Mevcut Hattaki İstasyon",
				"HAT_TURU" : "Metro",
				"MUDURLUK" : "Anadolu Yakası Raylı Sistemler Müdürlüğü"
			}
		},
		{
			"type" : "Feature",
			"geometry" : {
				"type" : "MultiPolygon",
				"coordinates" : [
					[
						[
							[ 29.1614371649, 41.0070693685 ],
							[ 29.1614816413, 41.0071126975 ],
							[ 29.1614959345, 41.0071266207 ],
							[ 29.1612547855, 41.0072686696 ],
							[ 29.1611818802, 41.0071976457 ],
							[ 29.1614230279, 41.0070555969 ],
							[ 29.1614371649, 41.0070693685 ]
						]
					],
					[
						[
							[ 29.1623900061, 41.0070445739 ],
							[ 29.162394648, 41.0070405826 ],
							[ 29.1623997322, 41.0070369137 ],
							[ 29.1624052201, 41.0070335949 ],
							[ 29.1624110701, 41.0070306516 ],
							[ 29.162417238, 41.0070281058 ],
							[ 29.1624236769, 41.007025977 ],
							[ 29.1624303381, 41.0070242813 ],
							[ 29.1624371711, 41.0070230315 ],
							[ 29.1624441241, 41.0070222371 ],
							[ 29.1624511444, 41.007021904 ],
							[ 29.1624581789, 41.007022035 ],
							[ 29.1624651742, 41.0070226288 ],
							[ 29.1624720772, 41.0070236812 ],
							[ 29.1624788358, 41.0070251839 ],
							[ 29.1624853987, 41.0070271258 ],
							[ 29.162491716, 41.007029492 ],
							[ 29.1624977401, 41.0070322647 ],
							[ 29.1625034252, 41.0070354228 ],
							[ 29.1625087282, 41.0070389423 ],
							[ 29.1625136089, 41.0070427967 ],
							[ 29.1625180304, 41.0070469567 ],
							[ 29.1625219592, 41.0070513908 ],
							[ 29.1625253655, 41.0070560654 ],
							[ 29.1625282234, 41.007060945 ],
							[ 29.1625305113, 41.0070659927 ],
							[ 29.1625322119, 41.0070711702 ],
							[ 29.1625333123, 41.0070764383 ],
							[ 29.1625338041, 41.0070817571 ],
							[ 29.1625336836, 41.0070870863 ],
							[ 29.1625329518, 41.0070923854 ],
							[ 29.1625316142, 41.0070976143 ],
							[ 29.1625296809, 41.0071027335 ],
							[ 29.1625271665, 41.007107704 ],
							[ 29.1625240901, 41.0071124883 ],
							[ 29.1625204751, 41.00711705 ],
							[ 29.1625163488, 41.0071213547 ],
							[ 29.1625117426, 41.0071253696 ],
							[ 29.1625066912, 41.0071290644 ],
							[ 29.162501233, 41.0071324111 ],
							[ 29.1624954093, 41.0071353843 ],
							[ 29.1624892643, 41.0071379614 ],
							[ 29.1624828446, 41.007140123 ],
							[ 29.1624761988, 41.0071418526 ],
							[ 29.1622865991, 41.0072513984 ],
							[ 29.1622824947, 41.0072581967 ],
							[ 29.1622776036, 41.0072646876 ],
							[ 29.1622719649, 41.0072708193 ],
							[ 29.1622656239, 41.0072765426 ],
							[ 29.1622586311, 41.0072818119 ],
							[ 29.1622510424, 41.007286585 ],
							[ 29.1622429185, 41.0072908238 ],
							[ 29.1622343244, 41.0072944944 ],
							[ 29.1622253288, 41.0072975674 ],
							[ 29.1622160035, 41.0073000183 ],
							[ 29.1622064231, 41.0073018275 ],
							[ 29.1621966642, 41.0073029805 ],
							[ 29.1621868048, 41.0073034681 ],
							[ 29.1621769237, 41.0073032865 ],
							[ 29.1621715483, 41.0073029151 ],
							[ 29.1621662022, 41.0073023454 ],
							[ 29.1621608982, 41.0073015789 ],
							[ 29.1621513577, 41.0072996504 ],
							[ 29.1621420786, 41.0072970859 ],
							[ 29.1621331349, 41.0072939058 ],
							[ 29.1621245978, 41.0072901355 ],
							[ 29.1621165353, 41.007285805 ],
							[ 29.1621090115, 41.0072809487 ],
							[ 29.1621020864, 41.0072756055 ],
							[ 29.1620958152, 41.0072698177 ],
							[ 29.1620902477, 41.0072636315 ],
							[ 29.1620854283, 41.0072570962 ],
							[ 29.1620813954, 41.0072502638 ],
							[ 29.1620781812, 41.0072431887 ],
							[ 29.1620758111, 41.0072359273 ],
							[ 29.1620743358, 41.0072287822 ],
							[ 29.1620736786, 41.0072215698 ],
							[ 29.1620738446, 41.0072143439 ],
							[ 29.1620748325, 41.0072071583 ],
							[ 29.1620766349, 41.0072000666 ],
							[ 29.1620792384, 41.0071931215 ],
							[ 29.1620826236, 41.0071863748 ],
							[ 29.1620867652, 41.0071798767 ],
							[ 29.1620916326, 41.0071736757 ],
							[ 29.1620971893, 41.0071678179 ],
							[ 29.162103394, 41.007162347 ],
							[ 29.1621102004, 41.0071573038 ],
							[ 29.162117558, 41.0071527257 ],
							[ 29.1621254118, 41.0071486469 ],
							[ 29.1621337033, 41.0071450978 ],
							[ 29.1621423709, 41.0071421048 ],
							[ 29.1621513499, 41.0071396903 ],
							[ 29.1621605734, 41.0071378721 ],
							[ 29.1621699728, 41.0071366639 ],
							[ 29.162179478, 41.0071360746 ],
							[ 29.1623900061, 41.0070445739 ]
						]
					]
				]
			},
			"properties" : {
				"ISTASYON" : "Modoko - Keyap",
				"PROJE_ADI" : "M8 Bostancı - Dudullu Metro Hattı",
				"PROJE_ASAMA" : "Mevcut Hattaki İstasyon",
				"HAT_TURU" : "Metro",
				"MUDURLUK" : "Anadolu Yakası Raylı Sistemler Müdürlüğü"
			}
		},
		{
			"type" : "Feature",
			"geometry" : {
				"type" : "MultiPolygon",
				"coordinates" : [
					[
						[
							[ 29.0979086753, 40.9764361718 ],
							[ 29.0976809243, 40.9767968895 ],
							[ 29.0976209093, 40.9767751249 ],
							[ 29.0978486605, 40.9764144083 ],
							[ 29.0979086753, 40.9764361718 ]
						]
					],
					[
						[
							[ 29.099456843, 40.9769656955 ],
							[ 29.0994196904, 40.9770407217 ],
							[ 29.0989347228, 40.9769027828 ],
							[ 29.0989718759, 40.9768277567 ],
							[ 29.099456843, 40.9769656955 ]
						]
					],
					[
						[
							[ 29.0998150096, 40.9770637201 ],
							[ 29.0997160686, 40.9772635239 ],
							[ 29.0994669259, 40.9771926232 ],
							[ 29.0995140878, 40.9770973843 ],
							[ 29.0994073053, 40.9770670127 ],
							[ 29.0994590693, 40.9769624821 ],
							[ 29.0998150096, 40.9770637201 ]
						]
					],
					[
						[
							[ 29.0989672208, 40.9768358766 ],
							[ 29.0989382592, 40.9768943597 ],
							[ 29.0978207449, 40.9765764809 ],
							[ 29.0978564497, 40.976519931 ],
							[ 29.0989672208, 40.9768358766 ]
						]
					]
				]
			},
			"properties" : {
				"ISTASYON" : "Kozyatağı",
				"PROJE_ADI" : "M8 Bostancı - Dudullu Metro Hattı",
				"PROJE_ASAMA" : "Mevcut Hattaki İstasyon",
				"HAT_TURU" : "Metro",
				"MUDURLUK" : "Anadolu Yakası Raylı Sistemler Müdürlüğü"
			}
		},
		{
			"type" : "Feature",
			"geometry" : {
				"type" : "Polygon",
				"coordinates" : [
					[
						[ 29.0864149321, 40.9676321477 ],
						[ 29.0863095704, 40.9675878992 ],
						[ 29.0863488055, 40.9675342235 ],
						[ 29.0862603234, 40.9674970638 ],
						[ 29.0862210883, 40.9675507395 ],
						[ 29.0861167533, 40.9675069212 ],
						[ 29.0861559967, 40.9674532493 ],
						[ 29.0860675313, 40.9674160968 ],
						[ 29.0860282961, 40.9674697724 ],
						[ 29.0859229279, 40.9674255207 ],
						[ 29.0870213559, 40.965922791 ],
						[ 29.0871267213, 40.9659670416 ],
						[ 29.0870874878, 40.9660207176 ],
						[ 29.0871759448, 40.9660578656 ],
						[ 29.0871820168, 40.9660495584 ],
						[ 29.087286368, 40.9660933821 ],
						[ 29.087280296, 40.9661016903 ],
						[ 29.0873687592, 40.9661388418 ],
						[ 29.0874079925, 40.9660851658 ],
						[ 29.0875133513, 40.9661294133 ],
						[ 29.0864149321, 40.9676321477 ]
					]
				]
			},
			"properties" : {
				"ISTASYON" : "Ayşe Kadın",
				"PROJE_ADI" : "M8 Bostancı - Dudullu Metro Hattı",
				"PROJE_ASAMA" : "Mevcut Hattaki İstasyon",
				"HAT_TURU" : "Metro",
				"MUDURLUK" : "Anadolu Yakası Raylı Sistemler Müdürlüğü"
			}
		},
		{
			"type" : "Feature",
			"geometry" : {
				"type" : "Polygon",
				"coordinates" : [
					[
						[ 29.1128502736, 40.9790999505 ],
						[ 29.1105865359, 40.9791907729 ],
						[ 29.1105801672, 40.9790995935 ],
						[ 29.1106513459, 40.979096739 ],
						[ 29.1106459997, 40.9790201864 ],
						[ 29.1106332831, 40.979020697 ],
						[ 29.1106269773, 40.9789304015 ],
						[ 29.1106396939, 40.9789298918 ],
						[ 29.1106343477, 40.9788533401 ],
						[ 29.1105631693, 40.9788561946 ],
						[ 29.1105568017, 40.9787650216 ],
						[ 29.112820526, 40.9786741988 ],
						[ 29.1128268967, 40.9787653726 ],
						[ 29.1127460392, 40.9787686169 ],
						[ 29.1127513888, 40.9788451847 ],
						[ 29.1128322464, 40.9788419396 ],
						[ 29.1128385541, 40.9789322251 ],
						[ 29.1127576965, 40.978935463 ],
						[ 29.1127630451, 40.9790120165 ],
						[ 29.1128439029, 40.9790087713 ],
						[ 29.1128502736, 40.9790999505 ]
					]
				]
			},
			"properties" : {
				"ISTASYON" : "Küçükbakkalköy",
				"PROJE_ADI" : "M8 Bostancı - Dudullu Metro Hattı",
				"PROJE_ASAMA" : "Mevcut Hattaki İstasyon",
				"HAT_TURU" : "Metro",
				"MUDURLUK" : "Anadolu Yakası Raylı Sistemler Müdürlüğü"
			}
		},
		{
			"type" : "Feature",
			"geometry" : {
				"type" : "Polygon",
				"coordinates" : [
					[
						[ 29.1525868377, 41.0309166618 ],
						[ 29.1526168028, 41.030870592 ],
						[ 29.1526765358, 41.0308928715 ],
						[ 29.1526506088, 41.0309327336 ],
						[ 29.1526378087, 41.0309279598 ],
						[ 29.1526337718, 41.0309341666 ],
						[ 29.1525868377, 41.0309166618 ]
					]
				]
			},
			"properties" : {
				"ISTASYON" : "Parseller",
				"PROJE_ADI" : "M8 Bostancı - Dudullu Metro Hattı",
				"PROJE_ASAMA" : "Mevcut Hattaki İstasyon",
				"HAT_TURU" : "Metro",
				"MUDURLUK" : "Anadolu Yakası Raylı Sistemler Müdürlüğü"
			}
		}
	]
}